<mamecheat version="1">

  <cheat desc="无限投币">
    <script state="run">
      <action>maincpu.pb@C80B=99</action>
    </script>
  </cheat>

  <cheat desc="角色无敌">
    <script state="on">
      <action>temp0 =maincpu.mb@18B5</action>
      <action>temp1 =maincpu.mb@2D11</action>
      <action>temp2 =maincpu.mb@3636</action>
      <action>temp3 =maincpu.mb@4800</action>
      <action>temp4 =maincpu.mb@491B</action>
      <action>temp5 =maincpu.mb@4999</action>
      <action>temp6 =maincpu.mb@6241</action>
    </script>
    <script state="run">
      <action>maincpu.mb@18B5=FF</action>
      <action>maincpu.mb@2D11=18</action> <!-- 1st = In Town -->
      <action>maincpu.mb@3636=C9</action> <!-- 2nd + 3rd = In Warehouse -->
      <action>maincpu.mb@4800=C9</action> <!-- On Heli (Balloon) -->
      <action>maincpu.mb@491B=C9</action> <!-- On Heli (Fire) -->
      <action>maincpu.mb@4999=C9</action> <!-- On Heli (Bomb) -->
      <action>maincpu.mb@6241=C9</action> <!-- In Skating Rink -->
    </script>
    <script state="off">
      <action>maincpu.mb@18B5=temp0 </action>
      <action>maincpu.mb@2D11=temp1 </action>
      <action>maincpu.mb@3636=temp2 </action>
      <action>maincpu.mb@4800=temp3 </action>
      <action>maincpu.mb@491B=temp4 </action>
      <action>maincpu.mb@4999=temp5 </action>
      <action>maincpu.mb@6241=temp6 </action>
    </script>
  </cheat>

  <cheat desc="无限生命 PL1">
    <script state="run">
      <action>maincpu.pb@E382=0A</action>
    </script>
  </cheat>

  <cheat desc="无限生命 PL2">
    <script state="run">
      <action>maincpu.pb@E383=0A</action>
    </script>
  </cheat>

</mamecheat>
<!-- Cheat file downloaded from http://www.mamecheat.co.uk, see cheat.txt for list of contributors. -->
