<mamecheat version="1">

  <cheat desc=" "/>
  <!--  All cheats in this file have been made by Pugsy -->

  <cheat desc="-= Lightning Plan =-"/>

  <cheat desc="无限生命">
    <script state="run">
      <action>maincpu.pb@04173=03</action>
    </script>
  </cheat>

  <cheat desc="无限炸弹">
    <script state="run">
      <action>maincpu.pb@04175=03</action>
    </script>
  </cheat>

  <cheat desc="角色无敌">
    <script state="on">
      <action>temp0 =maincpu.md@6C7B8</action>
      <action>temp1 =maincpu.mb@6C819</action>
      <action>temp2 =maincpu.md@6C7AE</action>
      <action>temp3 =maincpu.md@6C79A</action>
      <action>temp4 =maincpu.mb@6C7ED</action>
    </script>
    <script state="run">
      <action>maincpu.md@6C7B8=4E004E00</action> <!-- Pt1 Ammo, ROM Cheats made by Pugsy -->
      <action>maincpu.mb@6C819=00</action> <!-- Pt2 Collisions -->
      <action>maincpu.md@6C7AE=4E004E00</action> <!-- Pt3 Plane Mines -->
      <action>maincpu.md@6C79A=4E004E00</action> <!-- Pt4 SAMs -->
      <action>maincpu.mb@6C7ED=00</action> <!-- Pt5 AAMs -->
    </script>
    <script state="off">
      <action>maincpu.md@6C7B8=temp0 </action>
      <action>maincpu.mb@6C819=temp1 </action>
      <action>maincpu.md@6C7AE=temp2 </action>
      <action>maincpu.md@6C79A=temp3 </action>
      <action>maincpu.mb@6C7ED=temp4 </action>
    </script>
  </cheat>

  <cheat desc=" "/>
  <cheat desc="-= Plumber =-"/>

  <cheat desc="无限生命">
    <script state="run">
      <action>maincpu.pb@03F75=63</action>
    </script>
  </cheat>

  <cheat desc="Infinite Spanners">
    <script state="run">
      <action>maincpu.pb@03F85=09</action>
    </script>
  </cheat>

  <cheat desc="角色无敌"> <comment>If you get stuck down a spiked pit turn off this cheat to die</comment>
    <script state="on">
      <action>temp0 =maincpu.mb@76731</action>
      <action>temp1 =maincpu.mb@765A3</action>
      <action>temp2 =maincpu.mb@6ADEB</action>
      <action>temp3 =maincpu.mb@759AB</action>
    </script>
    <script state="run">
      <action>maincpu.mb@76731=00</action> <!-- Pt1 Normal Collisions, ROM Cheats made by Pugsy -->
      <action>maincpu.mb@765A3=00</action> <!-- Pt2 Laser Beams -->
      <action>maincpu.mb@6ADEB=00</action> <!-- Pt3 Spikes -->
      <action>maincpu.mb@759AB=00</action> <!-- Pt4 Rising Water  -->
    </script>
    <script state="off">
      <action>maincpu.mb@76731=temp0 </action>
      <action>maincpu.mb@765A3=temp1 </action>
      <action>maincpu.mb@6ADEB=temp2 </action>
      <action>maincpu.mb@759AB=temp3 </action>
    </script>
  </cheat>

  <cheat desc="Always have Enough Keys">
    <script state="run">
      <action>maincpu.pb@03F87=0A</action>
    </script>
  </cheat>

  <cheat desc=" "/>
  <cheat desc="-= Mr. Onion =-"/>

  <cheat desc="无限时间">
    <script state="run">
      <action>maincpu.pb@049D7=63</action>
    </script>
  </cheat>

  <cheat desc="无限生命">
    <script state="run">
      <action>maincpu.pb@049D9=09</action>
    </script>
  </cheat>

  <cheat desc="角色无敌">
    <script state="on">
      <action>temp0 =maincpu.mb@18F33</action>
      <action>temp1 =maincpu.mb@15A23</action>
    </script>
    <script state="run">
      <action>maincpu.mb@18F33=00</action> <!-- Pt1 Normal Collisions, ROM Cheats made by Pugsy -->
      <action>maincpu.mb@15A23=00</action> <!-- Pt2 Falling -->
    </script>
    <script state="off">
      <action>maincpu.mb@18F33=temp0 </action>
      <action>maincpu.mb@15A23=temp1 </action>
    </script>
  </cheat>

  <cheat desc="Always have Enough Keys">
    <script state="on">
      <action>temp0=1</action>
    </script>  
    <script state="run">
      <action>maincpu.pb@04AF9=temp0++</action>
      <action condition="temp0 GT 0x09">temp0=1</action>
    </script>
  </cheat>

  <cheat desc=" "/>
  <cheat desc="-= Fire Fighter =-"/>

  <cheat desc="无限生命">
    <script state="run">
      <action>maincpu.pb@04279=63</action>
    </script>
  </cheat>

  <cheat desc="角色无敌"> <comment>Automatically bounce when you hit the bottom of the screen</comment>
    <script state="on">
      <action>temp0 =maincpu.mb@319C3</action>
      <action>temp1 =maincpu.mb@33C7D</action>
    </script>
    <script state="run">
      <action>maincpu.mb@319C3=00</action> <!-- Pt 1 Fireman, ROM Cheats made by Pugsy -->
      <action>maincpu.mb@33C7D=00</action> <!-- Pt2 Victim -->
    </script>
    <script state="off">
      <action>maincpu.mb@319C3=temp0 </action>
      <action>maincpu.mb@33C7D=temp1 </action>
    </script>
  </cheat>

  <cheat desc=" "/>
  <cheat desc="-= Bump Jump =-"/>

  <cheat desc="无限生命">
    <script state="run">
      <action>maincpu.pb@04B47=63</action>
    </script>
  </cheat>

</mamecheat>
<!-- Cheat file downloaded from http://www.mamecheat.co.uk, see cheat.txt for list of contributors. -->
