<mamecheat version="1">

  <cheat desc="无限时间">
    <script state="run">
      <action>maincpu.pb@0024=11</action>
      <action>maincpu.pb@0023=32</action>
    </script>
  </cheat>

  <cheat desc="Computer Always Scores 0">
    <script state="run">
      <action>maincpu.pb@0027=00</action>
    </script>
  </cheat>

  <cheat desc="P1 High Score">
    <script state="run">
      <action>maincpu.pb@0025=63</action>
    </script>
  </cheat>

</mamecheat>
<!-- Cheat file downloaded from http://www.mamecheat.co.uk, see cheat.txt for list of contributors. -->
