<mamecheat version="1">

  <cheat desc=" "/>
  <cheat desc="02 Bomber Man + 09 Bomber King"/>
  <cheat desc=" "/>

  <cheat desc="无限时间">
    <script state="run">
      <action>maincpu.pb@FFA428=09</action>
    </script>
  </cheat>

  <cheat desc="无限生命">
    <script state="run">
      <action>maincpu.pb@FF9543=09</action>
    </script>
  </cheat>

  <cheat desc=" "/>
  <cheat desc="04 Space Invaders  + 11 Star Wars"/>
  <cheat desc=" "/>

  <cheat desc="无限能量">
    <script state="run">
      <action>maincpu.pb@FF05C5=05</action>
    </script>
  </cheat>

  <cheat desc=" "/>
  <cheat desc="05 Volfide  + 12 Volley Fire"/>
  <cheat desc=" "/>

  <cheat desc="无限时间">
    <script state="run">
      <action>maincpu.pb@FFB583=09</action>
    </script>
  </cheat>

  <cheat desc="无限生命">
    <script state="run">
      <action>maincpu.pb@FF006F=09</action>
    </script>
  </cheat>

  <cheat desc="选择开始关卡">
    <parameter min="0" max="255" step="1"/>
    <script state="run">
      <action>maincpu.pb@FF0073=(param)</action>
    </script>
  </cheat>

  <cheat desc="完成一项即可过关">
    <script state="on">
      <action>maincpu.pb@FFB624=25</action>
    </script>
  </cheat>

  <cheat desc=" "/>
  <cheat desc="06 Flicky"/>
  <cheat desc=" "/>

  <cheat desc="无限生命">
    <script state="run">
      <action>maincpu.pb@FFD882=09</action>
    </script>
  </cheat>

  <cheat desc="选择开始关卡">
    <parameter min="0" max="96" step="1"/>
    <script state="run">
      <action>maincpu.pb@FFD82D=(param)</action>
    </script>
  </cheat>

  <cheat desc=" "/>
  <cheat desc="07 Columns"/>
  <cheat desc=" "/>

  <cheat desc="P1 Next bottom gem">
    <parameter min="0" max="255" step="1"/>
    <script state="run">
      <action>maincpu.pb@FFC845=(param)</action>
    </script>
  </cheat>

  <cheat desc="P1 Next middle gem">
    <parameter min="0" max="255" step="1"/>
    <script state="run">
      <action>maincpu.pb@FFC844=(param)</action>
    </script>
  </cheat>

  <cheat desc="P1 Next top gem">
    <parameter min="0" max="255" step="1"/>
    <script state="run">
      <action>maincpu.pb@FFC843=(param)</action>
    </script>
  </cheat>

  <cheat desc="P2 Next bottom gem">
    <parameter min="0" max="255" step="1"/>
    <script state="run">
      <action>maincpu.pb@FFC9B5=(param)</action>
    </script>
  </cheat>

  <cheat desc="P2 Next middle gem">
    <parameter min="0" max="255" step="1"/>
    <script state="run">
      <action>maincpu.pb@FFC9B4=(param)</action>
    </script>
  </cheat>

  <cheat desc="P2 Next top gem">
    <parameter min="0" max="255" step="1"/>
    <script state="run">
      <action>maincpu.pb@FFC9B3=(param)</action>
    </script>
  </cheat>

</mamecheat>
<!-- Cheat file downloaded from http://www.mamecheat.co.uk, see cheat.txt for list of contributors. -->
