<mamecheat version="1">

  <cheat desc="无限生命">
    <script state="run">
      <action>maincpu.pb@FFC960=09</action>
    </script>
  </cheat>

  <cheat desc="无限弹药">
    <script state="run">
      <action>maincpu.pb@FFC95F=05</action>
    </script>
  </cheat>

  <cheat desc="选择开始关卡"> <comment>Enable this cheat on the Push Start button screen</comment>
    <parameter min="0" max="20" step="1"/>
    <script state="on">
      <action>maincpu.pb@FFC967=FF</action>
    </script>
    <script state="change">
      <action>maincpu.pb@FFC967=(param+1)</action>
    </script>
  </cheat>

</mamecheat>
<!-- Cheat file downloaded from http://www.mamecheat.co.uk, see cheat.txt for list of contributors. -->
