<mamecheat version="1">

  <cheat desc="总是自摸胡牌">
    <script state="run">
      <action>maincpu.pb@FF0431=31</action>
      <action>maincpu.pb@FF0433=31</action>
      <action>maincpu.pb@FF0435=31</action>
      <action>maincpu.pb@FF0437=33</action>
      <action>maincpu.pb@FF0439=33</action>
      <action>maincpu.pb@FF043B=33</action>
      <action>maincpu.pb@FF043D=35</action>
      <action>maincpu.pb@FF043F=35</action>
      <action>maincpu.pb@FF0441=35</action>
      <action>maincpu.pb@FF0443=37</action>
      <action>maincpu.pb@FF0445=37</action>
      <action>maincpu.pb@FF0447=37</action>
      <action>maincpu.pb@FF0449=01</action>
      <action>maincpu.pb@FF044B=01</action>
      <action>maincpu.pb@FF044D=01</action>
      <action>maincpu.pb@FF044F=02</action>
      <action>maincpu.pb@FF0451=02</action>
      <action>maincpu.pb@FF0217=02</action>
    </script>
  </cheat>

</mamecheat>
<!-- Cheat file downloaded from http://www.mamecheat.co.uk, see cheat.txt for list of contributors. -->
