<mamecheat version="1">

  <cheat desc="无限投币">
    <script state="run">
      <action>maincpu.pb@FF0D59=09</action>
    </script>
  </cheat>

  <cheat desc="角色无敌 - 第一副机">
    <script state="run">
      <action>maincpu.pb@FF9A64=02</action>
      <action>maincpu.pb@FF9AE4=02</action>
    </script>
  </cheat>

  <cheat desc="角色无敌 - 第二副机">
    <script state="run">
      <action>maincpu.pb@FF9964=02</action>
      <action>maincpu.pb@FF99E4=02</action>
    </script>
  </cheat>

  <cheat desc="击中任何地方">
    <script state="on">
      <action>temp0 =maincpu.mw@001C24</action>
      <action>temp1 =maincpu.mw@001DEE</action>
      <action>temp2 =maincpu.mw@00F1B0</action>
    </script>
    <script state="run">
      <action>maincpu.mw@001C24=01B8</action> <!-- This ROM cheat was made by nolberto82 -->
      <action>maincpu.mw@001DEE=0001</action>
      <action>maincpu.mw@00F1B0=0001</action>
    </script>
    <script state="off">
      <action>maincpu.mw@001C24=temp0 </action>
      <action>maincpu.mw@001DEE=temp1 </action>
      <action>maincpu.mw@00F1B0=temp2 </action>
    </script>
  </cheat>

  <cheat desc="快速攻击 - 第一副机">
    <script state="run">
      <action>maincpu.pb@FF9A6D=03</action>
      <action>maincpu.pb@FF9AED=03</action>
    </script>
  </cheat>

  <cheat desc="快速攻击 - 第二副机">
    <script state="run">
      <action>maincpu.pb@FF996D=03</action>
      <action>maincpu.pb@FF99ED=03</action>
    </script>
  </cheat>

  <cheat desc=" "/>

  <cheat desc="无限能量 PL1">
    <script state="run">
      <action>maincpu.pb@FF0DA5=07</action>
    </script>
  </cheat>

  <cheat desc="角色无敌 PL1">
    <parameter>
      <item value="0x01">开启</item>
      <item value="0x00">禁用</item>
    </parameter>
    <script state="run">
      <action>maincpu.pb@FF0DFA=param</action>
    </script>
  </cheat>

  <cheat desc="快速攻击 PL1">
    <script state="run">
      <action>maincpu.pb@FF1471=03</action>
      <action>maincpu.pb@FF3871=03</action> <!-- 1st = Player -->
      <action>maincpu.pb@FF38F1=03</action> <!-- 2nd + 3rd = Afterimages -->
    </script>
  </cheat>

  <cheat desc="无限武器时间 PL1">
    <script state="run">
      <action>maincpu.pb@FF0DE7=99</action>
    </script>
  </cheat>

  <cheat desc="选择武器 PL1">
    <parameter>
      <item value="0x00">普通</item>
      <item value="0x01">机关枪</item>
      <item value="0x02">超级激光</item>
      <item value="0x03">导弹</item>
    </parameter>
    <script state="run">
      <action>maincpu.pb@FF0DC8=param</action>
    </script>
  </cheat>

  <cheat desc="蓄力攻击 PL1">
    <script state="run">
      <action>maincpu.pb@FFC578=06</action>
    </script>
  </cheat>

  <cheat desc=" "/>

  <cheat desc="无限能量 PL2">
    <script state="run">
      <action>maincpu.pb@FF0DA7=07</action>
    </script>
  </cheat>

  <cheat desc="角色无敌 PL2">
    <parameter>
      <item value="0x01">开启</item>
      <item value="0x00">禁用</item>
    </parameter>
    <script state="run">
      <action>maincpu.pb@FF0DFB=param</action>
    </script>
  </cheat>

  <cheat desc="快速攻击 PL2">
    <script state="run">
      <action>maincpu.pb@FF14F1=03</action>
      <action>maincpu.pb@FF3971=03</action> <!-- 1st = Player -->
      <action>maincpu.pb@FF39F1=03</action> <!-- 2nd + 3rd = Afterimages -->
    </script>
  </cheat>

  <cheat desc="无限武器时间 PL2">
    <script state="run">
      <action>maincpu.pb@FF0DE8=99</action>
    </script>
  </cheat>

  <cheat desc="选择武器 PL2">
    <parameter>
      <item value="0x00">普通</item>
      <item value="0x01">机关枪</item>
      <item value="0x02">超级激光</item>
      <item value="0x03">导弹</item>
    </parameter>
    <script state="run">
      <action>maincpu.pb@FF0DCB=param</action>
    </script>
  </cheat>

  <cheat desc="蓄力攻击 PL2">
    <script state="run">
      <action>maincpu.pb@FFC57C=07</action>
    </script>
  </cheat>

  <cheat desc=" "/>

  <cheat desc="声音检测">
    <parameter min="1" max="255" step="1"/>
    <script state="change">
      <action>maincpu.pb@800181=param</action>
    </script>
  </cheat>

</mamecheat>
<!-- Cheat file downloaded from http://www.mamecheat.co.uk, see cheat.txt for list of contributors. -->
