<mamecheat version="1">

  <cheat desc="无限投币">
    <script state="run">
      <action>maincpu.pb@E312=09</action>
    </script>
  </cheat>

  <cheat desc="无限翻滚">
    <script state="run">
      <action>maincpu.pb@E12B=11</action>
    </script>
  </cheat>

  <cheat desc="选择下一个关卡">
    <parameter min="1" max="15" step="1"/>
    <script state="change">
      <action>maincpu.pb@E450=(param-1)</action>
    </script>
  </cheat>

  <cheat desc="选择智能炸弹">
    <parameter>
      <item value="0x00">闪电炸弹</item>
      <item value="0x01">海啸炸弹</item>
    </parameter>
    <script state="run">
      <action>maincpu.pb@E145=param</action> <!-- The alternative 'smart bomb' efect a sort of Tsunami (Tidal Wave) MegaCrush -->
    </script>
  </cheat>

  <cheat desc="击中任何地方" tempvariables="13">
    <script state="on">
      <action>temp0 =maincpu.mb@5879</action>
      <action>temp1 =maincpu.mb@588E</action>
      <action>temp2 =maincpu.mb@58AB</action>
      <action>temp3 =maincpu.mb@58B4</action>
      <action>temp4 =maincpu.mb@5B21</action>
      <action>temp5 =maincpu.mb@5EE7</action>
      <action>temp6 =maincpu.mb@5EFE</action>
      <action>temp7 =maincpu.mb@5F12</action>
      <action>temp8 =maincpu.mb@5F1B</action>
      <action>temp9 =maincpu.mb@6689</action>
      <action>temp10=maincpu.mb@669E</action>
      <action>temp11=maincpu.mb@66B3</action>
      <action>temp12=maincpu.mb@66BC</action>
    </script>
    <script state="run">
      <action>maincpu.mb@5879=3A</action> <!-- This ROM cheat was made by nolberto82 -->
      <action>maincpu.mb@588E=3A</action>
      <action>maincpu.mb@58AB=02</action>
      <action>maincpu.mb@58B4=02</action>
      <action>maincpu.mb@5B21=02</action>
      <action>maincpu.mb@5EE7=3A</action>
      <action>maincpu.mb@5EFE=3A</action>
      <action>maincpu.mb@5F12=02</action>
      <action>maincpu.mb@5F1B=02</action>
      <action>maincpu.mb@6689=3A</action>
      <action>maincpu.mb@669E=3A</action>
      <action>maincpu.mb@66B3=02</action>
      <action>maincpu.mb@66BC=02</action>
    </script>
    <script state="off">
      <action>maincpu.mb@5879=temp0 </action>
      <action>maincpu.mb@588E=temp1 </action>
      <action>maincpu.mb@58AB=temp2 </action>
      <action>maincpu.mb@58B4=temp3 </action>
      <action>maincpu.mb@5B21=temp4 </action>
      <action>maincpu.mb@5EE7=temp5 </action>
      <action>maincpu.mb@5EFE=temp6 </action>
      <action>maincpu.mb@5F12=temp7 </action>
      <action>maincpu.mb@5F1B=temp8 </action>
      <action>maincpu.mb@6689=temp9 </action>
      <action>maincpu.mb@669E=temp10</action>
      <action>maincpu.mb@66B3=temp11</action>
      <action>maincpu.mb@66BC=temp12</action>
    </script>
  </cheat>

  <cheat desc=" "/>

  <cheat desc="无限能量 PL1">
    <script state="run">
      <action>maincpu.pb@F206=40</action>
    </script>
  </cheat>

  <cheat desc="角色无敌 PL1">
    <script state="run">
      <action>maincpu.pb@F214=02</action>
    </script>
  </cheat>

  <cheat desc="总是开启秘密代码 PL1"> <comment>每个关卡开始时得到武器</comment>
    <script state="on">
      <action>temp0 =maincpu.mb@702D</action>
    </script>
    <script state="run">
      <action>maincpu.mb@702D=18</action>
    </script>
    <script state="off">
      <action>maincpu.mb@702D=temp0 </action>
    </script>
  </cheat>

  <cheat desc="无限武器时间 PL1">
    <script state="run">
      <action>maincpu.pb@F257=63</action>
    </script>
  </cheat>

  <cheat desc="选择武器 PL1">
    <parameter>
      <item value="0x00">普通</item>
      <item value="0x01">自动枪</item>
      <item value="0x02">散弹枪</item>
      <item value="0x03">超级散弹枪</item>
      <item value="0x04">三向枪</item>
      <item value="0x08">导弹</item>
      <item value="0x10">激光枪</item>
    </parameter>
    <script state="run">
      <action>maincpu.pb@F251=param</action>
    </script>
  </cheat>

  <cheat desc="总是有双副机 PL1">
    <script state="run">
      <action>maincpu.pb@F204=01</action>
      <action>maincpu.pb@F210=14</action>
    </script>
    <script state="off">
      <action>maincpu.pb@F204=00</action>
      <action>maincpu.pb@F210=07</action>
    </script>
  </cheat>

  <cheat desc="快速攻击 PL1">
    <script state="run">
      <action>maincpu.pb@F254=F8</action>
      <action>maincpu.pb@F256=00</action>
    </script>
  </cheat>

  <cheat desc=" "/>

  <cheat desc="无限能量 PL2">
    <script state="run">
      <action>maincpu.pb@F286=40</action>
    </script>
  </cheat>

  <cheat desc="角色无敌 PL2">
    <script state="run">
      <action>maincpu.pb@F294=02</action>
    </script>
  </cheat>

  <cheat desc="总是开启秘密代码 PL2"> <comment>每个关卡开始时得到武器</comment>
    <script state="on">
      <action>temp0 =maincpu.mb@7063</action>
    </script>
    <script state="run">
      <action>maincpu.mb@7063=18</action>
    </script>
    <script state="off">
      <action>maincpu.mb@7063=temp0 </action>
    </script>
  </cheat>

  <cheat desc="无限武器时间 PL2">
    <script state="run">
      <action>maincpu.pb@F2D7=63</action>
    </script>
  </cheat>

  <cheat desc="选择武器 PL2">
    <parameter>
      <item value="0x00">普通</item>
      <item value="0x01">自动枪</item>
      <item value="0x02">散弹枪</item>
      <item value="0x03">超级散弹枪</item>
      <item value="0x04">三向枪</item>
      <item value="0x08">导弹</item>
      <item value="0x10">激光枪</item>
    </parameter>
    <script state="run">
      <action>maincpu.pb@F2D1=param</action>
    </script>
  </cheat>

  <cheat desc="总是有双副机 PL2">
    <script state="run">
      <action>maincpu.pb@F284=01</action>
      <action>maincpu.pb@F290=14</action>
    </script>
    <script state="off">
      <action>maincpu.pb@F284=00</action>
      <action>maincpu.pb@F290=07</action>
    </script>
  </cheat>

  <cheat desc="快速攻击 PL2">
    <script state="run">
      <action>maincpu.pb@F2D4=F8</action>
      <action>maincpu.pb@F2D6=00</action>
    </script>
  </cheat>

</mamecheat>
<!-- Cheat file downloaded from http://www.mamecheat.co.uk, see cheat.txt for list of contributors. -->
