<mamecheat version="1">

  <cheat desc="无限能量">
    <script state="run">
      <action>maincpu.pb@0410=09</action>
      <action>maincpu.pb@0411=09</action>
      <action>maincpu.pb@0412=09</action>
    </script>
  </cheat>

  <cheat desc="角色无敌">
    <script state="run">
      <action>maincpu.pb@040E=60</action>
    </script>
  </cheat>

  <cheat desc="Infinite Stat Distribution Points">
    <script state="run">
      <action>maincpu.pb@0347=05</action>
    </script>
  </cheat>

  <cheat desc="无限武器能源">
    <script state="run">
      <action>maincpu.pb@04F6=09</action>
      <action>maincpu.pb@04F7=09</action>
      <action>maincpu.pb@04F8=09</action>
    </script>
  </cheat>

  <cheat desc="选择开始任务阶段"> <comment>Buggy! Ignore Mission Text</comment>
    <parameter>
      <item value="0x00">任务1</item>
      <item value="0x01">任务2</item>
      <item value="0x02">任务3</item>
    </parameter>
    <script state="run">
      <action condition="(maincpu.pb@009C==00)">maincpu.pb@009C=param</action>
    </script>
  </cheat>

  <cheat desc="选择武器">
    <parameter>
      <item value="0x00">1</item>
      <item value="0x01">2</item>
      <item value="0x02">3</item>
      <item value="0x03">4</item>
      <item value="0x04">5</item>
      <item value="0x05">6</item>
      <item value="0x06">7</item>
      <item value="0x07">8</item>
      <item value="0x08">9</item>
      <item value="0x09">10</item>
      <item value="0x0A">11</item>
    </parameter>
    <script state="run">
      <action>maincpu.pb@0402=param</action>
    </script>
  </cheat>

</mamecheat>
<!-- Cheat file downloaded from http://www.mamecheat.co.uk, see cheat.txt for list of contributors. -->
