<mamecheat version="1">

  <cheat desc="无限投币">
    <script state="run">
      <action>maincpu.pb@E312=09</action>
    </script>
  </cheat>

  <cheat desc="无限翻滚">
    <script state="run">
      <action>maincpu.pb@E12B=11</action>
    </script>
  </cheat>

  <cheat desc="选择下一个关卡">
    <parameter min="1" max="9" step="1"/>
    <script state="change">
      <action>maincpu.pb@E451=(param-1)</action>
    </script>
  </cheat>

  <cheat desc="选择智能炸弹">
    <parameter>
      <item value="0x00">闪电炸弹</item>
      <item value="0x01">海啸炸弹</item>
    </parameter>
    <script state="run">
      <action>maincpu.pb@E145=param</action> <!-- The alternative 'smart bomb' efect a sort of Tsunami (Tidal Wave) MegaCrush -->
    </script>
  </cheat>

  <cheat desc=" "/>

  <cheat desc="无限能量 PL1">
    <script state="run">
      <action>maincpu.pb@F206=40</action>
    </script>
  </cheat>

  <cheat desc="角色无敌 PL1">
    <script state="run">
      <action>maincpu.pb@F214=02</action>
    </script>
  </cheat>

  <cheat desc="总是开启秘密代码 PL1"> <comment>每个关卡开始时得到武器</comment>
    <script state="on">
      <action>temp0 =maincpu.mb@7274</action>
    </script>
    <script state="run">
      <action>maincpu.mb@7274=18</action>
    </script>
    <script state="off">
      <action>maincpu.mb@7274=temp0 </action>
    </script>
  </cheat>

  <cheat desc="无限武器时间 PL1">
    <script state="run">
      <action>maincpu.pb@F257=63</action>
    </script>
  </cheat>

  <cheat desc="选择武器 PL1">
    <parameter>
      <item value="0x00">普通</item>
      <item value="0x01">自动枪</item>
      <item value="0x02">散弹枪</item>
      <item value="0x03">超级散弹枪</item>
      <item value="0x04">三向枪</item>
      <item value="0x08">导弹</item>
      <item value="0x10">激光枪</item>
      <item value="0x30">激光+枪</item>
    </parameter>
    <script state="run">
      <action>maincpu.pb@F251=param</action>
    </script>
  </cheat>

  <cheat desc="总是有双副机 PL1">
    <script state="run">
      <action>maincpu.pb@F204=01</action>
      <action>maincpu.pb@F210=14</action>
    </script>
    <script state="off">
      <action>maincpu.pb@F204=00</action>
      <action>maincpu.pb@F210=07</action>
    </script>
  </cheat>

  <cheat desc="快速攻击 PL1">
    <script state="run">
      <action>maincpu.pb@F254=F8</action>
      <action>maincpu.pb@F256=00</action>
    </script>
  </cheat>

  <cheat desc=" "/>

  <cheat desc="无限能量 PL2">
    <script state="run">
      <action>maincpu.pb@F286=40</action>
    </script>
  </cheat>

  <cheat desc="角色无敌 PL2">
    <script state="run">
      <action>maincpu.pb@F294=02</action>
    </script>
  </cheat>

  <cheat desc="总是开启秘密代码 PL2"> <comment>每个关卡开始时得到武器</comment>
    <script state="on">
      <action>temp0 =maincpu.mb@7295</action>
    </script>
    <script state="run">
      <action>maincpu.mb@7295=18</action>
    </script>
    <script state="off">
      <action>maincpu.mb@7295=temp0 </action>
    </script>
  </cheat>

  <cheat desc="无限武器时间 PL2">
    <script state="run">
      <action>maincpu.pb@F2D7=63</action>
    </script>
  </cheat>

  <cheat desc="选择武器 PL2">
    <parameter>
      <item value="0x00">普通</item>
      <item value="0x01">自动枪</item>
      <item value="0x02">散弹枪</item>
      <item value="0x03">超级散弹枪</item>
      <item value="0x04">三向枪</item>
      <item value="0x08">导弹</item>
      <item value="0x10">激光枪</item>
      <item value="0x30">激光+枪</item>
    </parameter>
    <script state="run">
      <action>maincpu.pb@F2D1=param</action>
    </script>
  </cheat>

  <cheat desc="总是有双副机 PL2">
    <script state="run">
      <action>maincpu.pb@F284=01</action>
      <action>maincpu.pb@F290=14</action>
    </script>
    <script state="off">
      <action>maincpu.pb@F284=00</action>
      <action>maincpu.pb@F290=07</action>
    </script>
  </cheat>

  <cheat desc="快速攻击 PL2">
    <script state="run">
      <action>maincpu.pb@F2D4=F8</action>
      <action>maincpu.pb@F2D6=00</action>
    </script>
  </cheat>

</mamecheat>
<!-- Cheat file downloaded from http://www.mamecheat.co.uk, see cheat.txt for list of contributors. -->
