<mamecheat version="1">

  <cheat desc="无限投币">
    <script state="run">
      <action>maincpu.pb@921D51=09</action>
    </script>
  </cheat>

  <cheat desc="选择开始关卡（有错误）"> <comment>不要使用它,除非你不想让它正常工作</comment>
    <parameter min="1" max="15" step="1"/>
    <script state="run">
      <action condition="(maincpu.pb@9221A9==00)">maincpu.pb@9221A9=(param-1)</action>
    </script>
  </cheat>

  <cheat desc="选择副机武器">
    <parameter>
      <item value="0x00">普通射击</item>
      <item value="0xFF">激光</item>
    </parameter>
    <script state="run">
      <action>maincpu.pb@92BFF6=param</action>
    </script>
  </cheat>

  <cheat desc=" "/>

  <cheat desc="无限能量 PL1">
    <script state="run">
      <action>maincpu.pb@9226A5=4B</action>
    </script>
  </cheat>

  <cheat desc="无限炸弹 PL1">
    <script state="run">
      <action>maincpu.pb@922405=0A</action>
    </script>
  </cheat>

  <cheat desc="角色无敌 PL1">
    <script state="run">
      <action>maincpu.pb@92267E=10|(maincpu.pb@92267E BAND ~10)</action>
      <action>maincpu.pb@9226EF=02</action> <!-- 1st + 2nd = Player -->
      <action>maincpu.pb@92287E=10|(maincpu.pb@92287E BAND ~10)</action>
      <action>maincpu.pb@9228EF=02</action> <!-- 3rd + 4th = Left Fighter -->
      <action>maincpu.pb@92297E=10|(maincpu.pb@92297E BAND ~10)</action>
      <action>maincpu.pb@9229EF=02</action> <!-- 5th + 6th = Right Fighter -->
    </script>
  </cheat>

  <cheat desc="最大武器火力 PL1">
    <script state="run">
      <action>maincpu.pb@922429=03</action>
    </script>
  </cheat>

  <cheat desc="总是有最大蓄力 PL1">
    <script state="run">
      <action>maincpu.pb@922419=B6</action>
    </script>
  </cheat>

  <cheat desc="无限副机 PL1">
    <script state="run">
      <action>maincpu.pb@9223FB=63</action>
    </script>
  </cheat>

  <cheat desc="最大金钱 PL1">
    <script state="run">
      <action>maincpu.pb@9223FD=64</action>
    </script>
  </cheat>

  <cheat desc="无限制蓄力激光 PL1">
    <script state="run">
      <action>maincpu.pb@92242E=00</action>
    </script>
  </cheat>

  <cheat desc="快速攻击 PL1"> <comment>这个有武器蓄力问题,在名称条目屏幕上关闭它</comment>
    <script state="run">
      <action>maincpu.pb@9223F6=00|(maincpu.pb@9223F6 BAND ~10)</action>
    </script>
  </cheat>

  <cheat desc="自动蓄力射击 PL1">
    <script state="run">
      <action>maincpu.pb@92241B=40</action>
    </script>
  </cheat>

  <cheat desc=" "/>

  <cheat desc="无限能量 PL2">
    <script state="run">
      <action>maincpu.pb@9227A5=4B</action>
    </script>
  </cheat>

  <cheat desc="无限炸弹 PL2">
    <script state="run">
      <action>maincpu.pb@922505=0A</action>
    </script>
  </cheat>

  <cheat desc="角色无敌 PL2">
    <script state="run">
      <action>maincpu.pb@92277E=10|(maincpu.pb@92277E BAND ~10)</action>
      <action>maincpu.pb@9227EF=02</action> <!-- 1st + 2nd = Player -->
      <action>maincpu.pb@922A7E=10|(maincpu.pb@922A7E BAND ~10)</action>
      <action>maincpu.pb@922AEF=02</action> <!-- 3rd + 4th = Right Fighter -->
      <action>maincpu.pb@922B7E=10|(maincpu.pb@922B7E BAND ~10)</action>
      <action>maincpu.pb@922BEF=02</action> <!-- 5th + 6th = Left Fighter -->
    </script>
  </cheat>

  <cheat desc="最大武器火力 PL2">
    <script state="run">
      <action>maincpu.pb@922529=03</action>
    </script>
  </cheat>

  <cheat desc="总是有最大蓄力 PL2">
    <script state="run">
      <action>maincpu.pb@922519=B6</action>
    </script>
  </cheat>

  <cheat desc="无限副机 PL2">
    <script state="run">
      <action>maincpu.pb@9224FB=63</action>
    </script>
  </cheat>

  <cheat desc="最大金钱 PL2">
    <script state="run">
      <action>maincpu.pb@9224FD=64</action>
    </script>
  </cheat>

  <cheat desc="无限制蓄力激光 PL2">
    <script state="run">
      <action>maincpu.pb@92252E=00</action>
    </script>
  </cheat>

  <cheat desc="快速攻击 PL2"> <comment>这个有武器蓄力问题,在名称条目屏幕上关闭它</comment>
    <script state="run">
      <action>maincpu.pb@9224F6=00|(maincpu.pb@9224F6 BAND ~10)</action>
    </script>
  </cheat>

  <cheat desc="自动蓄力射击 PL2">
    <script state="run">
      <action>maincpu.pb@92251B=40</action>
    </script>
  </cheat>

  <cheat desc=" "/>

  <cheat desc="没有背景音乐">
    <script state="run">
      <action>audiocpu.pw@F026=0000</action>
    </script>
  </cheat>

  <cheat desc="声音检测">
    <parameter min="1" max="199" step="1"/>
    <script state="change">
      <action>audiocpu.pw@F015=0000</action>
      <action>audiocpu.pq@F100=00001000000000FF</action>
      <action>audiocpu.pq@F108=00FFFF0000000000</action>
      <action>audiocpu.pq@F110=1000100000000000</action>
      <action>audiocpu.pq@F118=00FFFF0000000000</action>
      <action>audiocpu.pb@F111=param</action>
      <action>audiocpu.pb@F015=20</action>
    </script>
  </cheat>

</mamecheat>
<!-- Cheat file downloaded from http://www.mamecheat.co.uk, see cheat.txt for list of contributors. -->
