<mamecheat version="1">

  <cheat desc="角色无敌">
    <script state="on">
      <action>temp0 =maincpu.rb@9298</action>
      <action>temp1 =maincpu.rb@94E9</action>
    </script>
    <script state="run">
      <action condition="(maincpu.rb@9298==20)">maincpu.rb@9298=AD</action>
      <action condition="(maincpu.rb@94E9==20)">maincpu.rb@94E9=AD</action>
    </script>
    <script state="off">
      <action>maincpu.rb@9298=temp0 </action>
      <action>maincpu.rb@94E9=temp1 </action>
    </script>
  </cheat>

  <cheat desc="无限炸弹">
    <script state="on">
      <action>temp0 =maincpu.rb@83B7</action>
    </script>
    <script state="run">
      <action condition="(maincpu.rb@83B7==20)">maincpu.rb@83B7=AD</action>
    </script>
    <script state="off">
      <action>maincpu.rb@83B7=temp0 </action>
    </script>
  </cheat>

</mamecheat>
<!-- Cheat file downloaded from http://www.mamecheat.co.uk, see cheat.txt for list of contributors. -->
