<mamecheat version="1">

  <cheat desc="无限投币">
    <script state="run">
      <action>maincpu.pb@10309D=09</action>
    </script>
  </cheat>

  <cheat desc="选择开始任务阶段"> <comment>设置在角色选择屏幕上</comment>
    <parameter min="1" max="7" step="1"/>
    <script state="change">
      <action>maincpu.pb@1095A0=(param-1)</action>
    </script>
  </cheat>

  <cheat desc=" "/>

  <cheat desc="无限生命 PL1">
    <script state="run">
      <action>maincpu.pb@10A4BA=06</action>
    </script>
  </cheat>

  <cheat desc="角色无敌 PL1">
    <script state="run">
      <action condition="(frame % 60 == 0)">maincpu.pw@10A894=0070</action>
      <action>maincpu.pb@10A8BF=00|(maincpu.pb@10A8BF BAND ~02)</action>
    </script>
  </cheat>

  <cheat desc="无限炸弹 PL1">
    <script state="run">
      <action>maincpu.pb@10A4BB=09</action>
    </script>
  </cheat>

  <cheat desc="最大火力 PL1">
    <script state="run">
      <action>maincpu.pb@10A4D2=FF</action>
    </script>
  </cheat>

  <cheat desc="无限能量 PL1">
    <script state="run">
      <action>maincpu.pw@10A4D1=03FF</action>
    </script>
  </cheat>

  <cheat desc="总是有最大蓄力 PL1">
    <script state="run">
      <action>maincpu.pb@10A8ED=2B</action>
    </script>
  </cheat>

  <cheat desc="总是有最大射击火力 PL1">
    <script state="run">
      <action>maincpu.pb@10A4C7=04</action>
    </script>
  </cheat>

  <cheat desc="无限蓄力射击时间 PL1"> <comment>只使用在 F-15 or TORNADO</comment>
    <script state="run">
      <action>maincpu.pb@10A8E3=0F</action>
    </script>
  </cheat>

  <cheat desc="选择主要射击武器 PL1">
    <parameter>
      <item value="0x06">F-15</item>
      <item value="0x04">EF2000</item>
      <item value="0x00">RAFALE</item>
      <item value="0x02">SU-37</item>
      <item value="0x03">F-14</item>
      <item value="0x07">F-22</item>
      <item value="0x01">F-2A(FS-X)</item>
      <item value="0x08">F-117A</item>
      <item value="0x05">TORNADO</item>
    </parameter>
    <script state="run">
      <action>maincpu.pb@10A8D5=param</action>
    </script>
  </cheat>

  <cheat desc="选择副武器 PL1">
    <parameter>
      <item value="0x00">F-15</item>
      <item value="0x04">EF2000</item>
      <item value="0x02">RAFALE</item>
      <item value="0x06">SU-37</item>
      <item value="0x03">F-14</item>
      <item value="0x01">F-22 / F-117A</item>
      <item value="0x07">F-2A(FS-X)</item>
      <item value="0x02">TORNADO</item>
    </parameter>
    <script state="run">
      <action>maincpu.pb@10A8DB=param</action>
    </script>
  </cheat>

  <cheat desc="选择蓄力射击 PL1">
    <parameter>
      <item value="0x08">F-15</item>
      <item value="0x01">EF2000</item>
      <item value="0x02">RAFALE</item>
      <item value="0x05">SU-37</item>
      <item value="0x04">F-14</item>
      <item value="0x07">F-22</item>
      <item value="0x00">F-2A(FS-X)</item>
      <item value="0x06">F-117A</item>
      <item value="0x03">TORNADO</item>
    </parameter>
    <script state="run">
      <action>maincpu.pb@10A8D9=param</action>
    </script>
  </cheat>

  <cheat desc="选择炸弹 PL1">
    <parameter>
      <item value="0x02">F-15</item>
      <item value="0x07">EF2000</item>
      <item value="0x01">RAFALE</item>
      <item value="0x00">SU-37</item>
      <item value="0x04">F-14</item>
      <item value="0x08">F-22</item>
      <item value="0x06">F-2A(FS-X)</item>
      <item value="0x05">F-117A</item>
      <item value="0x03">TORNADO</item>
    </parameter>
    <script state="run">
      <action>maincpu.pb@10A8EB=param</action>
    </script>
  </cheat>

  <cheat desc="选择速度 PL1">
    <parameter min="0" max="15" step="1"/>
    <script state="run">
      <action>maincpu.pb@10A8F6=(param)</action>
    </script>
  </cheat>

  <cheat desc="快速攻击 PL1"> <comment>按住射击键</comment>
    <script state="run">
      <action>maincpu.pb@10A8DF=00</action>
    </script>
  </cheat>

  <cheat desc=" "/>

  <cheat desc="无限生命 PL2">
    <script state="run">
      <action>maincpu.pb@10A4E8=06</action>
    </script>
  </cheat>

  <cheat desc="角色无敌 PL2">
    <script state="run">
      <action condition="(frame % 60 == 0)">maincpu.pw@10A920=0070</action>
      <action>maincpu.pb@10A94B=00|(maincpu.pb@10A94B BAND ~02)</action>
    </script>
  </cheat>

  <cheat desc="无限炸弹 PL2">
    <script state="run">
      <action>maincpu.pb@10A4E9=09</action>
    </script>
  </cheat>

  <cheat desc="最大火力 PL2">
    <script state="run">
      <action>maincpu.pb@10A500=FF</action>
    </script>
  </cheat>

  <cheat desc="无限能量 PL2">
    <script state="run">
      <action>maincpu.pw@10A4FE=03FF</action>
    </script>
  </cheat>

  <cheat desc="总是有最大蓄力 PL2">
    <script state="run">
      <action>maincpu.pb@10A979=2B</action>
    </script>
  </cheat>

  <cheat desc="总是有最大射击火力 PL2">
    <script state="run">
      <action>maincpu.pb@10A4F5=04</action>
    </script>
  </cheat>

  <cheat desc="无限蓄力射击时间 PL2"> <comment>只使用在 F-15 or TORNADO</comment>
    <script state="run">
      <action>maincpu.pb@10A96F=0F</action>
    </script>
  </cheat>

  <cheat desc="选择主要射击武器 PL2">
    <parameter>
      <item value="0x06">F-15</item>
      <item value="0x04">EF2000</item>
      <item value="0x00">RAFALE</item>
      <item value="0x02">SU-37</item>
      <item value="0x03">F-14</item>
      <item value="0x07">F-22</item>
      <item value="0x01">F-2A(FS-X)</item>
      <item value="0x08">F-117A</item>
      <item value="0x05">TORNADO</item>
    </parameter>
    <script state="run">
      <action>maincpu.pb@10A961=param</action>
    </script>
  </cheat>

  <cheat desc="选择副武器 PL2">
    <parameter>
      <item value="0x00">F-15</item>
      <item value="0x04">EF2000</item>
      <item value="0x02">RAFALE</item>
      <item value="0x06">SU-37</item>
      <item value="0x03">F-14</item>
      <item value="0x01">F-22 / F-117A</item>
      <item value="0x07">F-2A(FS-X)</item>
      <item value="0x02">TORNADO</item>
    </parameter>
    <script state="run">
      <action>maincpu.pb@10A967=param</action>
    </script>
  </cheat>

  <cheat desc="选择蓄力射击 PL2">
    <parameter>
      <item value="0x08">F-15</item>
      <item value="0x01">EF2000</item>
      <item value="0x02">RAFALE</item>
      <item value="0x05">SU-37</item>
      <item value="0x04">F-14</item>
      <item value="0x07">F-22</item>
      <item value="0x00">F-2A(FS-X)</item>
      <item value="0x06">F-117A</item>
      <item value="0x03">TORNADO</item>
    </parameter>
    <script state="run">
      <action>maincpu.pb@10A965=param</action>
    </script>
  </cheat>

  <cheat desc="选择炸弹 PL2">
    <parameter>
      <item value="0x02">F-15</item>
      <item value="0x07">EF2000</item>
      <item value="0x01">RAFALE</item>
      <item value="0x00">SU-37</item>
      <item value="0x04">F-14</item>
      <item value="0x08">F-22</item>
      <item value="0x06">F-2A(FS-X)</item>
      <item value="0x05">F-117A</item>
      <item value="0x03">TORNADO</item>
    </parameter>
    <script state="run">
      <action>maincpu.pb@10A977=param</action>
    </script>
  </cheat>

  <cheat desc="选择速度 PL2">
    <parameter min="0" max="15" step="1"/>
    <script state="run">
      <action>maincpu.pb@10A982=(param)</action>
    </script>
  </cheat>

  <cheat desc="快速攻击 PL2"> <comment>按住射击键</comment>
    <script state="run">
      <action>maincpu.pb@10A96B=00</action>
    </script>
  </cheat>

</mamecheat>
<!-- Cheat file downloaded from http://www.mamecheat.co.uk, see cheat.txt for list of contributors. -->
