﻿<mamecheat version="1">
	<cheat desc="无限投币数">
		<script state="run">
			<action>maincpu.pb@FF4D15=09</action>
		</script>
	</cheat>
	<cheat desc="无限生命 PL1">
		<script state="run">
			<action>maincpu.pb@FF82EC=06</action>
		</script>
	</cheat>
	<cheat desc="无限炸弹 PL1">
		<script state="run">
			<action>maincpu.pb@FF8305=06</action>
		</script>
	</cheat>
	<cheat desc="无敌 PL1">
		<script state="run">
			<action>maincpu.pb@FF8244=02</action>
			<action>maincpu.pb@FF82F2=FD</action>
		</script>
	</cheat>
	<cheat desc="总是有直射武器 PL1">
		<parameter>
			<item value="0x04">总是有直射武器 PL1</item>
			<item value="0x08">总是有3向武器 PL1</item>
			<item value="0x0C">总是有激光 PL1</item>
		</parameter>
		<script state="run">
			<action>maincpu.pb@FF82F1=param</action>
		</script>
	</cheat>
	<cheat desc="得到直射武器! PL1">
		<parameter>
			<item value="0x04">得到直射武器! PL1</item>
			<item value="0x08">得到3向武器! PL1</item>
			<item value="0x0C">得到激光武器! PL1</item>
		</parameter>
		<script state="on">
			<action>maincpu.pb@FF82F1=param</action>
		</script>
	</cheat>
	<cheat desc="总是有最大炸弹火力 PL1">
		<script state="run">
			<action>maincpu.pb@FF830F=02</action>
		</script>
	</cheat>
	<cheat desc="高杀伤力 PL1">
		<script state="run">
			<action>maincpu.pb@FF8337=FF</action>
		</script>
	</cheat>
	<cheat desc="直接发射蓄力武器 PL1">
		<script state="run">
			<action>maincpu.pb@FF82E8=01</action>
		</script>
	</cheat>
	<cheat desc="自动射击 PL1">
		<script state="run">
			<action>maincpu.pb@FF8338=FFFFFFFF</action>
			<action>maincpu.pb@ff833B=01</action>
		</script>
	</cheat>
	<cheat desc="灭敌后奖励 - 等级 5 PL1">
		<parameter>
			<item value="0x04">灭敌后奖励 - 等级 5 PL1</item>
			<item value="0x09">灭敌后奖励 - 等级 10 PL1</item>
			<item value="0x0e">灭敌后奖励 - 等级 15 PL1</item>
			<item value="0x13">灭敌后奖励 - 等级 20 PL1</item>
			<item value="0x18">灭敌后奖励 - 等级 25 PL1</item>
			<item value="0x1d">灭敌后奖励 - 等级最大 PL1</item>
			<item value="0x63">灭敌后奖励 - 最大奖励 PL1</item>
		</parameter>
		<script state="run">
			<action>maincpu.pb@FF8328=param</action>
		</script>
	</cheat>
	<cheat desc="无限生命 PL2">
		<script state="run">
			<action>maincpu.pb@FF83EC=06</action>
		</script>
	</cheat>
	<cheat desc="无限炸弹 PL2">
		<script state="run">
			<action>maincpu.pb@FF8405=06</action>
		</script>
	</cheat>
	<cheat desc="无敌 PL2">
		<script state="run">
			<action>maincpu.pb@FF8344=02</action>
			<action>maincpu.pb@FF83F2=FD</action>
		</script>
	</cheat>
	<cheat desc="总是有直射武器 PL2">
		<parameter>
			<item value="0x04">总是有直射武器 PL2</item>
			<item value="0x08">总是有3向武器 PL2</item>
			<item value="0x0C">总是有激光 PL2</item>
		</parameter>
		<script state="run">
			<action>maincpu.pb@FF83F1=param</action>
		</script>
	</cheat>
	<cheat desc="得到直射武器! PL2">
		<parameter>
			<item value="0x04">得到直射武器! PL2</item>
			<item value="0x08">得到3向武器! PL2</item>
			<item value="0x0C">得到激光武器! PL2</item>
		</parameter>
		<script state="on">
			<action>maincpu.pb@FF83F1=param</action>
		</script>
	</cheat>
	<cheat desc="总是有最大炸弹火力 PL2">
		<script state="run">
			<action>maincpu.pb@FF840F=02</action>
		</script>
	</cheat>
	<cheat desc="高杀伤力 PL2">
		<script state="run">
			<action>maincpu.pb@FF8437=FF</action>
		</script>
	</cheat>
	<cheat desc="直接发射蓄力武器 PL2">
		<script state="run">
			<action>maincpu.pb@FF83E8=01</action>
		</script>
	</cheat>
	<cheat desc="自动射击 PL2">
		<script state="run">
			<action>maincpu.pb@FF8438=FFFFFFFF</action>
			<action>maincpu.pb@FF843B=01</action>
		</script>
	</cheat>
	<cheat desc="灭敌后奖励 - 等级 5 PL2">
		<parameter>
			<item value="0x04">灭敌后奖励 - 等级 5 PL2</item>
			<item value="0x09">灭敌后奖励 - 等级 10 PL2</item>
			<item value="0x0e">灭敌后奖励 - 等级 15 PL2</item>
			<item value="0x13">灭敌后奖励 - 等级 20 PL2</item>
			<item value="0x18">灭敌后奖励 - 等级 25 PL2</item>
			<item value="0x1d">灭敌后奖励 - 等级最大 PL2</item>
			<item value="0x63">灭敌后奖励 - 最大奖励 PL2</item>
		</parameter>
		<script state="run">
			<action>maincpu.pb@FF8428=param</action>
		</script>
	</cheat>
	<cheat desc="0'00'' 关卡清除时间">
		<script state="run">
			<action>maincpu.pb@FF4E55=00</action>
		</script>
	</cheat>
	<cheat desc="[下列修改在死命或完成]">
	</cheat>
	<cheat desc="[ 关卡后才能看到效果 ]">
	</cheat>
	<cheat desc="飞机机型 = 闪电战机! PL1">
		<comment><!-- You will need to die or complete the level to see any effect --></comment>
		<parameter>
			<item value="0x00">飞机机型 = 闪电战机! PL1</item>
			<item value="0x01">飞机机型 = 紫电战机! PL1</item>
			<item value="0x02">飞机机型 = 蚊式战机! PL1</item>
		</parameter>
		<script state="on">
			<action>maincpu.pb@FF8247=param</action><!-- You will need to die or complete the level to see any effect -->
		</script>
	</cheat>
	<cheat desc="飞机机型 = 闪电战机! PL2">
		<comment><!-- You will need to die or complete the level to see any effect --></comment>
		<parameter>
			<item value="0x00">飞机机型 = 闪电战机! PL2</item>
			<item value="0x01">飞机机型 = 紫电战机! PL2</item>
			<item value="0x02">飞机机型 = 蚊式战机! PL2</item>
		</parameter>
		<script state="on">
			<action>maincpu.pb@FF8347=param</action><!-- You will need to die or complete the level to see any effect -->
		</script>
	</cheat>
	<cheat desc="[下列修改在ROM检测之前赶紧开启]">
	</cheat>
	<cheat desc="地区开关 = 日本">
		<parameter>
			<item value="0x00">地区开关 = 日本</item>
			<item value="0x01">地区开关 = 美国</item>
			<item value="0x02">地区开关 = 亚洲</item>
			<item value="0x03">地区开关 = 西班牙</item>
			<item value="0x04">地区开关 = 欧洲</item>
			<item value="0x05">地区开关 = 巴西</item>
		</parameter>
		<script state="run">
			<action>maincpu.pb@FF4D6E=param</action>
		</script>
	</cheat>
	<cheat desc="音乐 - 19XX BGM">
		<script state="run">
			<action>maincpu.pb@FF0065=00</action>
			<action>maincpu.pb@FF0066=00</action>
		</script>
	</cheat>
	<cheat desc="音乐 - 1942 BGM">
		<script state="run">
			<action>maincpu.pb@FF0065=FFFFFFFF</action>
		</script>
	</cheat>
	<cheat desc="音乐 - 1942 Arrange BGM">
		<script state="run">
			<action>maincpu.pb@FF0066=FFFFFFFF</action>
		</script>
	</cheat>
</mamecheat>
<!-- ; [ 19XX: The War Against Destiny (Japan 951207) ] -->
<!-- By CLARK.H Conversion (roseclarkh@163.com)  -->