<mamecheat version="1">

  <cheat desc="无限继续">
    <script state="run">
      <action>maincpu.pb@1000C1=64</action>
    </script>
  </cheat>

  <cheat desc="无限选择时间">
    <script state="run">
      <action>maincpu.pb@105BA4=02</action>
    </script>
  </cheat>

  <cheat desc="无限游戏时间">
    <script state="run">
      <action>maincpu.pb@104290=59</action>
    </script>
  </cheat>

  <cheat desc="无限总出局数">
    <script state="run">
      <action>maincpu.pb@1000C0=16</action>
    </script>
  </cheat>

  <cheat desc="无限击球数">
    <script state="run">
      <action condition="maincpu.pb@((maincpu.pw@1000CA)+100005)!=maincpu.pb@1000CB">maincpu.pb@((maincpu.pw@1000CA)+100040)=00</action>
    </script>
  </cheat>

  <cheat desc="无限坏球数">
    <script state="run">
      <action condition="maincpu.pb@((maincpu.pw@1000CA)+100005)!=maincpu.pb@1000CB">maincpu.pb@((maincpu.pw@1000CA)+100041)=00</action>
    </script>
  </cheat>

  <cheat desc="无限出局数">
    <script state="run">
      <action condition="maincpu.pb@((maincpu.pw@1000CA)+100005)!=maincpu.pb@1000CB">maincpu.pb@((maincpu.pw@1000CA)+100042)=00</action>
    </script>
  </cheat>

  <cheat desc="设置击打为 0">
    <script state="on">
      <action condition="maincpu.pb@((maincpu.pw@1000CA)+100005)!=maincpu.pb@1000CB">maincpu.pb@((maincpu.pw@1000CA)+100040)=00</action>
    </script>
  </cheat>

  <cheat desc="设置击打为 2">
    <script state="on">
      <action condition="maincpu.pb@((maincpu.pw@1000CA)+100005)!=maincpu.pb@1000CB">maincpu.pb@((maincpu.pw@1000CA)+100040)=02</action>
    </script>
  </cheat>

  <cheat desc="设置球数为 0">
    <script state="on">
      <action condition="maincpu.pb@((maincpu.pw@1000CA)+100005)!=maincpu.pb@1000CB">maincpu.pb@((maincpu.pw@1000CA)+100041)=00</action>
    </script>
  </cheat>

  <cheat desc="设置球数为 3">
    <script state="on">
      <action condition="maincpu.pb@((maincpu.pw@1000CA)+100005)!=maincpu.pb@1000CB">maincpu.pb@((maincpu.pw@1000CA)+100041)=03</action>
    </script>
  </cheat>

  <cheat desc="设置出局为 0">
    <script state="on">
      <action condition="maincpu.pb@((maincpu.pw@1000CA)+100005)!=maincpu.pb@1000CB">maincpu.pb@((maincpu.pw@1000CA)+100042)=00</action>
    </script>
  </cheat>

  <cheat desc="设置出局为 2">
    <script state="on">
      <action condition="maincpu.pb@((maincpu.pw@1000CA)+100005)!=maincpu.pb@1000CB">maincpu.pb@((maincpu.pw@1000CA)+100042)=02</action>
    </script>
  </cheat>

  <cheat desc="选择当局">
    <parameter>
      <item value="0x00">第1局上半场</item>
      <item value="0x01">第1局下半场</item>
      <item value="0x02">第2局上半场</item>
      <item value="0x03">第2局下半场</item>
      <item value="0x04">第3局上半场</item>
      <item value="0x05">第3局下半场</item>
      <item value="0x06">第4局上半场</item>
      <item value="0x07">第4局下半场</item>
      <item value="0x08">第5局上半场</item>
      <item value="0x09">第5局下半场</item>
      <item value="0x0A">第6局上半场</item>
      <item value="0x0B">第6局下半场</item>
      <item value="0x0C">第7局上半场</item>
      <item value="0x0D">第7局下半场</item>
      <item value="0x0E">第8局上半场</item>
      <item value="0x0F">第8局下半场</item>
      <item value="0x10">第9局上半场</item>
      <item value="0x11">第9局下半场</item>
    </parameter>
    <script state="change">
      <action condition="maincpu.pb@((maincpu.pw@1000CA)+100005)!=maincpu.pb@1000CB">maincpu.pb@((maincpu.pw@1000CA)+100043)=param</action>
    </script>
  </cheat>

  <cheat desc="总是快速赢"><comment>出击轻松取胜。启用此作弊码，并关闭其他作弊码正常工作。</comment>
    <script state="run">
      <action condition="maincpu.pb@((maincpu.pw@1000CA)+100005)!=maincpu.pb@1000CB">
        (maincpu.pb@((maincpu.pw@1000CA)+100042)=02),
        (maincpu.pb@((maincpu.pw@1000CA)+100040)=02),
        (maincpu.pb@((maincpu.pw@1000CA)+100043)=11),
        (maincpu.pb@((maincpu.pw@1000CA)+100044)=63),
        (maincpu.pb@((maincpu.pw@1000CA)+100045)=00)
      </action>
    </script>
  </cheat>

  <cheat desc=" "/>

  <cheat desc="选择得分 PL1">
    <parameter min="1" max="100" step="1"/>
    <script state="run">
      <action condition="maincpu.pb@((maincpu.pw@1000CA)+100005)!=maincpu.pb@1000CB">maincpu.pb@((maincpu.pw@1000CA)+100044)=param</action>
    </script>
  </cheat>

  <cheat desc="选择得分 PL2">
    <parameter min="1" max="100" step="1"/>
    <script state="run">
      <action condition="maincpu.pb@((maincpu.pw@1000CA)+100005)!=maincpu.pb@1000CB">maincpu.pb@((maincpu.pw@1000CA)+100045)=param</action>
    </script>
  </cheat>

  <cheat desc=" "/>

  <cheat desc="Select Cartridge/NeoGeo Type"> <comment>Use in conjuction with the 'Skip RAM/ROM Checks' cheat for the best effect, then enable it and reset. The Home (NEOGEO) setting may open up other aspects of the game or it may even make the game unplayable.</comment>
    <parameter>
      <item value="0x80">街机 (MVS)</item>
      <item value="0x00">家机 (NEOGEO)</item>
    </parameter>
    <script state="run">
      <action>maincpu.pb@10FD82=param</action>
    </script>
  </cheat>

  <cheat desc="跳过RAM/ROM检查"> <comment>在没有绿色屏幕上可以更快地启动,最好是使用前一起启用</comment>
    <script state="on">
      <action>temp0 =maincpu.rd@C1315C</action>
      <action>temp1 =maincpu.rd@C1314E</action>
      <action>temp2 =maincpu.rd@C131E8</action>
      <action>temp3 =maincpu.rd@C13184</action>
      <action>temp4 =maincpu.rd@C1212E</action>
      <action>temp5 =maincpu.rd@C134FA</action>
    </script>
    <script state="run">
      <action condition="(maincpu.rd@C1315C==51CFFFF2)">maincpu.rd@C1315C=6000EB08</action> <!-- Euro + Japan-S2 BIOSs -->
      <action condition="(maincpu.rd@C1314E==51CFFFF2)">maincpu.rd@C1314E=6000EB16</action> <!-- Euro-S1 + Japan-S1 BIOSs -->
      <action condition="(maincpu.rd@C131E8==51CFFFF2)">maincpu.rd@C131E8=6000EA52</action> <!-- US BIOS -->
      <action condition="(maincpu.rd@C13184==51CFFFF2)">maincpu.rd@C13184=6000EAB6</action> <!-- US-E BIOS -->
      <action condition="(maincpu.rd@C1212E==51CFFFF2)">maincpu.rd@C1212E=6000EB36</action> <!-- Asia BIOS -->
      <action condition="(maincpu.rd@C134FA==51CFFFF2)">maincpu.rd@C134FA=6000E892</action> <!-- Japan BIOS -->
    </script>
    <script state="off">
      <action>maincpu.rd@C1315C=temp0 </action>
      <action>maincpu.rd@C1314E=temp1 </action>
      <action>maincpu.rd@C131E8=temp2 </action>
      <action>maincpu.rd@C13184=temp3 </action>
      <action>maincpu.rd@C1212E=temp4 </action>
      <action>maincpu.rd@C134FA=temp5 </action>
    </script>
  </cheat>

</mamecheat>
<!-- Cheat file downloaded from http://www.mamecheat.co.uk, see cheat.txt for list of contributors. -->
