<mamecheat version="1">

  <cheat desc="无限击球数">
    <script state="run">
      <action>maincpu.pb@FF9940=00</action>
    </script>
  </cheat>

  <cheat desc="无限坏球数">
    <script state="run">
      <action>maincpu.pb@FF9941=00</action>
    </script>
  </cheat>

  <cheat desc="无限出局数">
    <script state="run">
      <action>maincpu.pb@FF9942=00</action>
    </script>
  </cheat>

  <cheat desc="立即设置击打为 0">
    <script state="on">
      <action>maincpu.pb@FF9940=00</action>
    </script>
  </cheat>

  <cheat desc="立即设置击打为 2">
    <script state="on">
      <action>maincpu.pb@FF9940=02</action>
    </script>
  </cheat>

  <cheat desc="立即设置球数为 0">
    <script state="on">
      <action>maincpu.pb@FF9941=00</action>
    </script>
  </cheat>

  <cheat desc="立即设置球数为 3">
    <script state="on">
      <action>maincpu.pb@FF9941=03</action>
    </script>
  </cheat>

  <cheat desc="立即设置出局为 0">
    <script state="on">
      <action>maincpu.pb@FF9942=00</action>
    </script>
  </cheat>

  <cheat desc="立即设置出局为 2">
    <script state="on">
      <action>maincpu.pb@FF9942=02</action>
    </script>
  </cheat>

</mamecheat>
<!-- Cheat file downloaded from http://www.mamecheat.co.uk, see cheat.txt for list of contributors. -->
