<mamecheat version="1">

  <cheat desc="Cosmo Cop - Infinite Lives">
    <script state="on">
      <action>temp0 =maincpu.rb@CBAF</action>
    </script>
    <script state="run">
      <action condition="(maincpu.rb@CBAF==CE)">maincpu.rb@CBAF=AD</action>
    </script>
    <script state="off">
      <action>maincpu.rb@CBAF=temp0 </action>
    </script>
  </cheat>

  <cheat desc="Cosmo Cop - Infinite Ammo">
    <script state="on">
      <action>temp0 =maincpu.rb@CB22</action>
    </script>
    <script state="run">
      <action condition="(maincpu.rb@CB22==8D)">maincpu.rb@CB22=AD</action>
    </script>
    <script state="off">
      <action>maincpu.rb@CB22=temp0 </action>
    </script>
  </cheat>

  <cheat desc="Cosmo Cop - Infinite Energy">
    <script state="on">
      <action>temp0 =maincpu.rb@CB68</action>
      <action>temp1 =maincpu.rb@CB6B</action>
    </script>
    <script state="run">
      <action condition="(maincpu.rb@CB68==CE)">maincpu.rb@CB68=AD</action>
      <action condition="(maincpu.rb@CB6B==CE)">maincpu.rb@CB6B=AD</action>
    </script>
    <script state="off">
      <action>maincpu.rb@CB68=temp0 </action>
      <action>maincpu.rb@CB6B=temp1 </action>
    </script>
  </cheat>

  <cheat desc="Cyber Monster - Infinite misses">
    <script state="on">
      <action>temp0 =maincpu.rb@9550</action>
    </script>
    <script state="run">
      <action condition="(maincpu.rb@9550==CE)">maincpu.rb@9550=60</action>
    </script>
    <script state="off">
      <action>maincpu.rb@9550=temp0 </action>
    </script>
  </cheat>

</mamecheat>
<!-- Cheat file downloaded from http://www.mamecheat.co.uk, see cheat.txt for list of contributors. -->
