<mamecheat version="1">

  <cheat desc="无限时间">
  <script state="run">
    <action>maincpu.pd@1AE0=19151919</action>
  </script>
  </cheat>

  <cheat desc="立即时间结束">
    <script state="on">
      <action>maincpu.pd@1AE0=11101010</action>
    </script>
  </cheat>

  <cheat desc="Left Score = 00 Now!">
    <script state="on">
      <action>maincpu.pb@1AE4=00</action>
    </script>
  </cheat>

  <cheat desc="Left Score = 50 Now!">
    <script state="on">
      <action>maincpu.pb@1AE4=50</action>
    </script>
  </cheat>

  <cheat desc="Left Score always 99">
    <script state="run">
      <action>maincpu.pb@1AE4=99</action>
    </script>
  </cheat>

  <cheat desc="Right Score = 00 Now!">
    <script state="on">
      <action>maincpu.pb@1AE5=00</action>
    </script>
  </cheat>

  <cheat desc="Right Score = 50 Now!">
    <script state="on">
      <action>maincpu.pb@1AE5=50</action>
    </script>
  </cheat>

  <cheat desc="Right Score always 99">
    <script state="run">
      <action>maincpu.pb@1AE5=99</action>
    </script>
  </cheat>

</mamecheat>
<!-- Cheat file downloaded from http://www.mamecheat.co.uk, see cheat.txt for list of contributors. -->
