<mamecheat version="1">

  <cheat desc="无限时间">
    <script state="run">
      <action>maincpu.pb@008B=13</action> <!-- VisitntX -->
    </script>
  </cheat>

  <cheat desc="无限生命">
    <script state="run">
      <action>maincpu.pb@00E0=02</action> <!-- VisitntX -->
    </script>
  </cheat>

  <cheat desc="Invincibility (Normal Collisions)"> <comment>No protection against holes or bosses</comment>
    <script state="run">
      <action>maincpu.pb@00E3=01</action> <!-- Pugsy -->
    </script>
  </cheat>

  <cheat desc="Always have Laser Missile  ">
    <script state="run">
      <action>maincpu.pb@00E1=01</action>
    </script>
  </cheat>

  <cheat desc="Select Starting World	">
    <parameter>
      <item value="0x00">World 1</item>
      <item value="0x01">世界2</item>
      <item value="0x02">世界3</item>
      <item value="0x03">世界4</item>
      <item value="0x04">世界5</item>
      <item value="0x05">世界6</item>
      <item value="0x06">世界7</item>
      <item value="0x07">世界8</item>
      <item value="0x08">Ending</item>
    </parameter>
    <script state="run">
      <action condition="(maincpu.pb@00EE==00)">maincpu.pb@00EE=param</action>
    </script>
  </cheat>

  <cheat desc="Select World Palette">
    <parameter min="1" max="256" step="1"/>
    <script state="run">
      <action>maincpu.pb@00EB=(param-1)</action>
    </script>
  </cheat>

  <cheat desc="Invincibility (Alt)">
    <script state="on">
      <action>temp0 =maincpu.rb@A41D</action>
    </script>
    <script state="run">
      <action>maincpu.rb@A41D=60</action>
    </script>
    <script state="off">
      <action>maincpu.rb@A41D=temp0 </action>
    </script>
  </cheat>

  <cheat desc="Slow down timer">
    <script state="on">
      <action>temp0 =maincpu.rb@94AF</action>
    </script>
    <script state="run">
      <action condition="(maincpu.rb@94AF==C0)">maincpu.rb@94AF=FF</action>
    </script>
    <script state="off">
      <action>maincpu.rb@94AF=temp0 </action>
    </script>
  </cheat>

  <cheat desc="Speed up timer">
    <script state="on">
      <action>temp0 =maincpu.rb@94AF</action>
    </script>
    <script state="run">
      <action condition="(maincpu.rb@94AF==C0)">maincpu.rb@94AF=60</action>
    </script>
    <script state="off">
      <action>maincpu.rb@94AF=temp0 </action>
    </script>
  </cheat>

  <cheat desc="自动火力">
    <script state="on">
      <action>temp0 =maincpu.rb@9DBF</action>
    </script>
    <script state="run">
      <action condition="(maincpu.rb@9DBF==A5)">maincpu.rb@9DBF=A9</action>
    </script>
    <script state="off">
      <action>maincpu.rb@9DBF=temp0 </action>
    </script>
  </cheat>

  <cheat desc="No enemies or pitfalls ">
    <script state="run">
      <action>maincpu.pb@003A=05</action>
    </script>
  </cheat>

</mamecheat>
<!-- Cheat file downloaded from http://www.mamecheat.co.uk, see cheat.txt for list of contributors. -->
