<mamecheat version="1">

  <cheat desc="无限投币">
    <script state="run">
      <action>maincpu.pb@103A37=09</action>
    </script>
  </cheat>

  <cheat desc="---------------"/>
  <cheat desc="游戏Cookie + Bibi修改项"/>
  <cheat desc="---------------"/>

  <cheat desc="选择泡泡球状态（Puzzle模式）">
    <parameter>
      <item value="0x00">总落下</item>
      <item value="0x0A">从不落下</item>
    </parameter>
    <script state="run">
      <action>maincpu.pb@104669=param</action>
    </script>
  </cheat>

  <cheat desc=" "/>

  <cheat desc="选择泡泡球状态 PL1（对战模式）">
    <parameter>
      <item value="0x00">总落下</item>
      <item value="0x0A">从不落下</item>
    </parameter>
    <script state="run">
      <action>maincpu.pb@104CA7=param</action>
    </script>
  </cheat>

  <cheat desc="选择当前球 PL1">
    <parameter>
      <item value="0x01">网球</item>
      <item value="0x02">篮球</item>
      <item value="0x03">橄榄球</item>
      <item value="0x04">棒球</item>
      <item value="0x05">保龄球</item>
      <item value="0x06">台球</item>
      <item value="0x07">排球</item>
      <item value="0x08">足球</item>
    </parameter>
    <script state="run">
      <action>maincpu.pb@104C75=param</action>
    </script>
  </cheat>

  <cheat desc="无限丢球时间 PL1">
    <script state="run">
      <action>maincpu.pw@104C82=0100</action>
    </script>
  </cheat>

  <cheat desc=" "/>

  <cheat desc="选择泡泡球状态 PL2（对战模式）">
    <parameter>
      <item value="0x00">总落下</item>
      <item value="0x0A">从不落下</item>
    </parameter>
    <script state="run">
      <action>maincpu.pb@104E6D=param</action>
    </script>
  </cheat>

  <cheat desc="选择当前球 PL2">
    <parameter>
      <item value="0x01">网球</item>
      <item value="0x02">篮球</item>
      <item value="0x03">橄榄球</item>
      <item value="0x04">棒球</item>
      <item value="0x05">保龄球</item>
      <item value="0x06">台球</item>
      <item value="0x07">排球</item>
      <item value="0x08">足球</item>
    </parameter>
    <script state="run">
      <action>maincpu.pb@104E3B=param</action>
    </script>
  </cheat>

  <cheat desc="无限丢球时间 PL2">
    <script state="run">
      <action>maincpu.pw@104E48=0100</action>
    </script>
  </cheat>

  <cheat desc="总是显示辅助线"> <comment>Puzzle模式只在单人游戏中</comment>
    <script state="run">
      <action>maincpu.pb@10417B=01</action>
    </script>
  </cheat>

  <cheat desc="选择开始关卡">
    <parameter min="1" max="50" step="1"/>
    <script state="change">
      <action>maincpu.pb@103AA9=(param-1)</action>
    </script>
  </cheat>

  <cheat desc="---------------"/>
  <cheat desc="游戏New Hyper Man修改项"/>
  <cheat desc="---------------"/>

  <cheat desc="无限时间">
    <script state="run">
      <action>maincpu.pw@103AA4=7FFF</action>
    </script>
  </cheat>

  <cheat desc="可以吃怪物">
    <script state="run">
      <action>maincpu.pw@104668=0002</action>
    </script>
  </cheat>

  <cheat desc="选择开始关卡"> <comment>设置在控制信息屏幕上</comment>
    <parameter min="1" max="45" step="1"/>
    <script state="on">
      <action>maincpu.pb@103AA9=FF</action>
    </script>
    <script state="change">
      <action>maincpu.pb@103AA9=(param-1)</action>
    </script>
  </cheat>

  <cheat desc=" "/>

  <cheat desc="无限生命 PL1">
    <script state="run">
      <action>maincpu.pb@10469B=09</action>
    </script>
  </cheat>

  <cheat desc="角色无敌 PL1">
    <script state="run">
      <action condition="(frame % 60 == 0)">maincpu.pb@1046B3=60</action>
    </script>
  </cheat>

  <cheat desc="选择关卡 PL1"> <comment>最大等级可能会导致游戏减缓</comment>
    <parameter>
      <item value="0x46">最高等级</item>
      <item value="0x62">最大等级 (有错误)</item>
    </parameter>
    <script state="run">
      <action>maincpu.pb@10467D=param</action>
    </script>
  </cheat>

  <cheat desc="选择速度 PL1">
    <parameter min="0" max="41" step="1"/>
    <script state="run">
      <action>maincpu.pb@10469D=(param)</action>
    </script>
  </cheat>

  <cheat desc="总是有头盔 PL1">
    <script state="run">
      <action>maincpu.pb@1046A5=01</action>
    </script>
  </cheat>

  <cheat desc=" "/>

  <cheat desc="无限生命 PL2">
    <script state="run">
      <action>maincpu.pb@1046EF=09</action>
    </script>
  </cheat>

  <cheat desc="角色无敌 PL2">
    <script state="run">
      <action condition="(frame % 60 == 0)">maincpu.pb@104707=60</action>
    </script>
  </cheat>

  <cheat desc="选择关卡 PL2"> <comment>最大等级可能会导致游戏减缓</comment>
    <parameter>
      <item value="0x46">最高等级</item>
      <item value="0x62">最大等级 (有错误)</item>
    </parameter>
    <script state="run">
      <action>maincpu.pb@1046D1=param</action>
    </script>
  </cheat>

  <cheat desc="选择速度 PL2">
    <parameter min="0" max="41" step="1"/>
    <script state="run">
      <action>maincpu.pb@1046F1=(param)</action>
    </script>
  </cheat>

  <cheat desc="总是有头盔 PL2">
    <script state="run">
      <action>maincpu.pb@1046F9=01</action>
    </script>
  </cheat>

  <cheat desc="-----------"/>
  <cheat desc="游戏Hyper Man修改项"/>
  <cheat desc="-----------"/>

  <cheat desc="无限时间">
    <script state="run">
      <action>maincpu.pw@103AA4=7FFF</action>
    </script>
  </cheat>

  <cheat desc="可以吃怪物">
    <script state="run">
      <action>maincpu.pw@1046A6=0002</action>
    </script>
  </cheat>

  <cheat desc="总是显示隐藏物品">
    <script state="run">
      <action>maincpu.pb@104645=01</action>
    </script>
  </cheat>

  <cheat desc="过关">
    <script state="on">
      <action>maincpu.pb@104647=00</action>
    </script>
  </cheat>

  <cheat desc="选择开始关卡"> <comment>设置在游戏选择屏幕上</comment>
    <parameter min="1" max="28" step="1"/>
    <script state="on">
      <action>maincpu.pb@103AA9=FF</action>
    </script>
    <script state="change">
      <action>maincpu.pb@103AA9=(param-1)</action>
    </script>
  </cheat>

  <cheat desc=" "/>

  <cheat desc="无限生命 PL1">
    <script state="run">
      <action>maincpu.pb@1046D7=09</action>
    </script>
  </cheat>

  <cheat desc="角色无敌 PL1">
    <script state="run">
      <action>maincpu.pb@1046EB=02</action>
    </script>
  </cheat>

  <cheat desc="选择速度 PL1">
    <parameter min="0" max="111" step="1"/>
    <script state="run">
      <action>maincpu.pb@1046D9=(param)</action>
    </script>
  </cheat>

  <cheat desc="总是有跳跃鞋 PL1">
    <script state="run">
      <action>maincpu.pb@1046DB=01</action>
    </script>
  </cheat>

  <cheat desc="总是有头盔 PL1">
    <script state="run">
      <action>maincpu.pb@1046DF=01</action>
    </script>
  </cheat>

  <cheat desc="总是有激光 PL1">
    <script state="run">
      <action>maincpu.pb@1046E1=63</action>
    </script>
  </cheat>

  <cheat desc=" "/>

  <cheat desc="无限生命 PL2">
    <script state="run">
      <action>maincpu.pb@10471F=09</action>
    </script>
  </cheat>

  <cheat desc="角色无敌 PL2">
    <script state="run">
      <action>maincpu.pb@104733=02</action>
    </script>
  </cheat>

  <cheat desc="选择速度 PL2">
    <parameter min="0" max="111" step="1"/>
    <script state="run">
      <action>maincpu.pb@104721=(param)</action>
    </script>
  </cheat>

  <cheat desc="总是有跳跃鞋 PL2">
    <script state="run">
      <action>maincpu.pb@104723=01</action>
    </script>
  </cheat>

  <cheat desc="总是有头盔 PL2">
    <script state="run">
      <action>maincpu.pb@104727=01</action>
    </script>
  </cheat>

  <cheat desc="总是有激光 PL2">
    <script state="run">
      <action>maincpu.pb@104729=63</action>
    </script>
  </cheat>

</mamecheat>
<!-- Cheat file downloaded from http://www.mamecheat.co.uk, see cheat.txt for list of contributors. -->
