<mamecheat version="1">

  <cheat desc="无限时间">
    <script state="run">
      <action>maincpu.pb@7FE389=AE</action>
    </script>
  </cheat>

  <cheat desc=" "/>
  <cheat desc="设置过关时光标必需移动"/>
  <cheat desc="以防止游戏崩溃"/>
  <cheat desc=" "/>

  <cheat desc="过关">
    <script state="on">
      <action>maincpu.pb@7FE331=06</action> <!-- Assign to an activation key for the best effect -->
      <action>maincpu.pb@7FE387=02</action>
    </script>
  </cheat>

  <cheat desc=" "/>

  <cheat desc="无限帮助 PL1">
    <script state="run">
      <action>maincpu.pb@7FEE64=04</action>
    </script>
  </cheat>

  <cheat desc="无限悔步 PL1">
    <script state="run">
      <action>maincpu.pb@7FEE63=04</action>
    </script>
  </cheat>

  <cheat desc=" "/>

  <cheat desc="无限帮助 PL2">
    <script state="run">
      <action>maincpu.pb@7FEEC4=04</action>
    </script>
  </cheat>

  <cheat desc="无限悔步 PL2">
    <script state="run">
      <action>maincpu.pb@7FEEC3=04</action>
    </script>
  </cheat>

</mamecheat>
<!-- Cheat file downloaded from http://www.mamecheat.co.uk, see cheat.txt for list of contributors. -->
