<mamecheat version="1">

  <cheat desc="无限时间">
    <script state="run">
      <action>maincpu.pb@FFA375=99</action>
    </script>
  </cheat>

  <cheat desc="选择开始关卡"> <comment>Enable on the 1/2 player options select screen</comment>
    <parameter min="0" max="18" step="1"/>
    <script state="change">
      <action>maincpu.pb@FFF245=(param)</action>
    </script>
  </cheat>

  <cheat desc=" "/>

  <cheat desc="P1 无限生命">
    <script state="run">
      <action>maincpu.pb@FFA3BF=09</action>
    </script>
  </cheat>

  <cheat desc="P1 无限能量">
    <script state="run">
      <action>maincpu.pb@FFA3C5=06</action>
    </script>
  </cheat>

  <cheat desc="P1 无限炸弹">
    <script state="run">
      <action>maincpu.pb@FFA3CB=99</action>
    </script>
  </cheat>

  <cheat desc="P1 无限金钱">
    <script state="run">
      <action>maincpu.pb@FFA3C3=99</action>
    </script>
  </cheat>

  <cheat desc="P1 总是最大射击火力">
    <script state="run">
      <action>maincpu.pb@FFA40D=02</action>
    </script>
  </cheat>

  <cheat desc=" "/>

  <cheat desc="P2 无限生命">
    <script state="run">
      <action>maincpu.pb@FFA47F=09</action>
    </script>
  </cheat>

  <cheat desc="P2 无限能量">
    <script state="run">
      <action>maincpu.pb@FFA485=06</action>
    </script>
  </cheat>

  <cheat desc="P2 无限炸弹">
    <script state="run">
      <action>maincpu.pb@FFA48B=99</action>
    </script>
  </cheat>

  <cheat desc="P2 无限金钱">
    <script state="run">
      <action>maincpu.pb@FFA483=99</action>
    </script>
  </cheat>

  <cheat desc="P2 总是最大射击火力">
    <script state="run">
      <action>maincpu.pb@FFA40D=02</action>
    </script>
  </cheat>

</mamecheat>
<!-- Cheat file downloaded from http://www.mamecheat.co.uk, see cheat.txt for list of contributors. -->
