<mamecheat version="1">

  <cheat desc="无限投币">
    <script state="run">
      <action>maincpu.pb@06C6=09</action>
    </script>
  </cheat>

  <cheat desc=" "/>

  <cheat desc="角色无敌Moe">
    <script state="run">
      <action>maincpu.pb@08E4=3F</action>
    </script>
  </cheat>

  <cheat desc="选择Moe总是携带的装备">
    <parameter>
      <item value="0x08">什么也没有</item>
      <item value="0x28">馅饼</item>
      <item value="0x88">铁锤</item>
    </parameter>
    <script state="run">
      <action>maincpu.pb@0894=param</action>
    </script>
  </cheat>

  <cheat desc=" "/>

  <cheat desc="角色无敌Larry">
    <script state="run">
      <action>maincpu.pb@09CA=3F</action>
    </script>
  </cheat>

  <cheat desc="选择Larry总是携带的装备">
    <parameter>
      <item value="0x08">什么也没有</item>
      <item value="0x28">馅饼</item>
      <item value="0x88">铁锤</item>
    </parameter>
    <script state="run">
      <action>maincpu.pb@097A=param</action>
    </script>
  </cheat>

  <cheat desc=" "/>

  <cheat desc="角色无敌Curly">
    <script state="run">
      <action>maincpu.pb@0AB0=3F</action>
    </script>
  </cheat>

  <cheat desc="选择Curly总是携带的装备">
    <parameter>
      <item value="0x08">什么也没有</item>
      <item value="0x28">馅饼</item>
      <item value="0x88">铁锤</item>
    </parameter>
    <script state="run">
      <action>maincpu.pb@0A60=param</action>
    </script>
  </cheat>

  <cheat desc=" "/>

  <cheat desc="无限生命 PL1">
    <script state="run">
      <action>maincpu.pb@0721=04</action>
    </script>
  </cheat>

  <cheat desc="无限生命 PL2">
    <script state="run">
      <action>maincpu.pb@0722=04</action>
    </script>
  </cheat>

  <cheat desc="无限生命 PL3">
    <script state="run">
      <action>maincpu.pb@0723=04</action>
    </script>
  </cheat>

</mamecheat>
<!-- Cheat file downloaded from http://www.mamecheat.co.uk, see cheat.txt for list of contributors. -->
