<mamecheat version="1">

  <cheat desc="无限生命"> <comment>一旦丢失比赛你需要重起游戏(当女孩的膝盖下降时)</comment>
    <script state="on">
      <action>temp0 =maincpu.pb@8540</action>
    </script>
    <script state="run">
      <action condition="(frame % 300 == 0) AND (maincpu.pb@8540!=temp0 )">maincpu.pb@8540=09</action>
    </script>
  </cheat>

  <cheat desc=" "/>
  <cheat desc="游戏得分变化才会显示"/>
  <cheat desc=" "/>

  <cheat desc="游戏得分总是 = 0 玩家">
    <script state="run">
      <action>maincpu.pb@8545=00</action>
    </script>
  </cheat>

  <cheat desc="游戏得分 = 0 玩家">
    <script state="on">
      <action>maincpu.pb@8545=00</action>
    </script>
  </cheat>

  <cheat desc="游戏得分 = 40 玩家">
    <script state="on">
      <action>maincpu.pb@8545=03</action>
    </script>
  </cheat>

  <cheat desc="游戏得分总是 = 0 电脑">
    <script state="run">
      <action>maincpu.pb@8546=00</action>
    </script>
  </cheat>

  <cheat desc="游戏得分 = 0 电脑">
    <script state="on">
      <action>maincpu.pb@8546=00</action>
    </script>
  </cheat>

  <cheat desc="游戏得分 = 40 电脑">
    <script state="on">
      <action>maincpu.pb@8546=03</action>
    </script>
  </cheat>

  <cheat desc=" "/>
  <cheat desc="See the 'Score points to'"/>
  <cheat desc="DIP Switch for a useful cheat"/>
  <cheat desc=" "/>

</mamecheat>
<!-- Cheat file downloaded from http://www.mamecheat.co.uk, see cheat.txt for list of contributors. -->
