<mamecheat version="1">

  <cheat desc="无限时间">
    <script state="run">
      <action>maincpu.pb@C0F9=04</action>
    </script>
  </cheat>

  <cheat desc=" "/>

  <cheat desc="无限持有落物 PL1">
    <script state="run">
      <action>maincpu.pb@C090=63</action>
      <action>maincpu.pb@C091=09</action>
      <action>maincpu.pb@C092=09</action>
    </script>
  </cheat>

  <cheat desc="没有落物 PL1">
    <script state="run">
      <action>maincpu.pb@C090=00</action>
      <action>maincpu.pb@C091=00</action>
      <action>maincpu.pb@C092=00</action>
    </script>
  </cheat>

  <cheat desc=" "/>

  <cheat desc="无限持有落物 PL2">
    <script state="run">
      <action>maincpu.pb@C093=63</action>
      <action>maincpu.pb@C094=09</action>
      <action>maincpu.pb@C095=09</action>
    </script>
  </cheat>

  <cheat desc="没有落物 PL2">
    <script state="run">
      <action>maincpu.pb@C093=00</action>
      <action>maincpu.pb@C094=00</action>
      <action>maincpu.pb@C095=00</action>
    </script>
  </cheat>

</mamecheat>
<!-- Cheat file downloaded from http://www.mamecheat.co.uk, see cheat.txt for list of contributors. -->
