<mamecheat version="1">

  <cheat desc="------------------------"/>
  <cheat desc="游戏Galactic Convoy修改项"/>
  <cheat desc="------------------------"/>

  <cheat desc="无限生命 PL1">
    <script state="run">
      <action>maincpu.pb@04109=06</action>
    </script>
  </cheat>

  <cheat desc="无限生命 PL2">
    <script state="run">
      <action>maincpu.pb@04209=06</action>
    </script>
  </cheat>

  <cheat desc="--------------------"/>
  <cheat desc="游戏Scramble PT2修改项"/>
  <cheat desc="---------------------"/>

  <cheat desc="无限生命">
    <script state="run">
      <action>maincpu.pb@04108=05</action>
    </script>
  </cheat>

  <cheat desc="无限燃料">
    <script state="run">
      <action>maincpu.pb@04105=FF</action>
    </script>
  </cheat>

  <cheat desc="角色无敌">
    <script state="on">
      <action>temp0 =maincpu.mb@15E5A</action>
      <action>temp1 =maincpu.mb@15F26</action>
    </script>
    <script state="run">
      <action>maincpu.mb@15E5A=C9</action>
      <action>maincpu.mb@15F26=C9</action>
    </script>
    <script state="off">
      <action>maincpu.mb@15E5A=temp0 </action>
      <action>maincpu.mb@15F26=temp1 </action>
    </script>
  </cheat>

  <cheat desc="选择开始关卡"> <comment>关卡开始后关闭它,关卡6后将循环到这个关卡(关卡6=基本关卡)</comment>
    <parameter min="1" max="6" step="1"/>
    <script state="run">
      <action condition="(maincpu.pb@0411E==00)">maincpu.pb@0411E=(param-1)</action>
    </script>
  </cheat>

  <cheat desc="---------------------"/>
  <cheat desc="游戏Galaxian PT5修改项"/>
  <cheat desc="---------------------"/>

  <cheat desc="无限生命">
    <script state="run">
      <action>maincpu.pb@0421D=05</action>
    </script>
  </cheat>

  <cheat desc="角色无敌">
    <script state="on">
      <action>temp0 =maincpu.mb@1929A</action>
    </script>
    <script state="run">
      <action>maincpu.mb@1929A=C9</action>
    </script>
    <script state="off">
      <action>maincpu.mb@1929A=temp0 </action>
    </script>
  </cheat>

  <cheat desc="--------------------------"/>
  <cheat desc="游戏Ghost Muncher PT3修改项"/>
  <cheat desc="--------------------------"/>

  <cheat desc="无限生命">
    <script state="run">
      <action>maincpu.pb@04214=02</action>
    </script>
  </cheat>

  <cheat desc="角色无敌">
    <script state="on">
      <action>temp0 =maincpu.md@11774</action>
      <action>temp1 =maincpu.md@11FDF</action>
      <action>temp2 =maincpu.md@11FE3</action>
      <action>temp3 =maincpu.md@11FE7</action>
    </script>
    <script state="run">
      <action>maincpu.md@11774=321FE0C3</action>
      <action>maincpu.md@11FDF=0420A700</action> <!-- 1st = jp $1FE0, 2nd = and a/jp nz, $1FE7 -->
      <action>maincpu.md@11FE3=1764C3AF</action> <!-- xor a/jp $1764 (Normal Ghost) -->
      <action>maincpu.md@11FE7=1777C3AF</action> <!-- xor a/jp $1777 (Blue Ghost) -->
    </script>
    <script state="off">
      <action>maincpu.md@11774=temp0 </action>
      <action>maincpu.md@11FDF=temp1 </action>
      <action>maincpu.md@11FE3=temp2 </action>
      <action>maincpu.md@11FE7=temp3 </action>
    </script>
  </cheat>

  <cheat desc="开启速度修改"> <comment>它将大大地加快你的角色速度</comment>
    <script state="on">
      <action>temp0 =maincpu.mw@1180B</action>
    </script>
    <script state="run">
      <action>maincpu.mw@1180B=3218</action>
    </script>
    <script state="off">
      <action>maincpu.mw@1180B=temp0 </action>
    </script>
  </cheat>

  <cheat desc="过关">
    <script state="on">
      <action>maincpu.pb@0420E=F4</action>
    </script>
  </cheat>

  <cheat desc="选择开始关卡"> <comment>关卡开始后,为了达到最佳效果停用此作弊码</comment>
    <parameter>
      <item value="0x01">草莓</item>
      <item value="0x02">第一橙子关</item>
      <item value="0x03">第二橙子关</item>
      <item value="0x04">第一苹果关</item>
      <item value="0x05">第二苹果关</item>
      <item value="0x06">第一菠萝关</item>
      <item value="0x07">第二菠萝关</item>
      <item value="0x08">第一银河系关</item>
      <item value="0x09">第二银河系关</item>
      <item value="0x10">第一钟铃关</item>
      <item value="0x11">第二钟铃关</item>
      <item value="0x12">第一钥匙关</item>
      <item value="0x13">第二钥匙关</item>
    </parameter>
    <script state="run">
      <action condition="(param==01) AND (maincpu.pb@0420A==FFFFFFFF)">maincpu.pb@0420A=69</action>
      <action condition="(param==01) AND (maincpu.pb@04213==FFFFFFFF)">maincpu.pb@04213=01</action>
      <action condition="(param==02) AND (maincpu.pb@0420A==FFFFFFFF)">maincpu.pb@0420A=6A</action>
      <action condition="(param==02) AND (maincpu.pb@04213==FFFFFFFF)">maincpu.pb@04213=02</action>
      <action condition="(param==03) AND (maincpu.pb@0420A==FFFFFFFF)">maincpu.pb@0420A=6B</action>
      <action condition="(param==03) AND (maincpu.pb@04213==FFFFFFFF)">maincpu.pb@04213=03</action>
      <action condition="(param==04) AND (maincpu.pb@0420A==FFFFFFFF)">maincpu.pb@0420A=6C</action>
      <action condition="(param==04) AND (maincpu.pb@04213==FFFFFFFF)">maincpu.pb@04213=04</action>
      <action condition="(param==05) AND (maincpu.pb@0420A==FFFFFFFF)">maincpu.pb@0420A=6D</action>
      <action condition="(param==05) AND (maincpu.pb@04213==FFFFFFFF)">maincpu.pb@04213=05</action>
      <action condition="(param==06) AND (maincpu.pb@0420A==FFFFFFFF)">maincpu.pb@0420A=6E</action>
      <action condition="(param==06) AND (maincpu.pb@04213==FFFFFFFF)">maincpu.pb@04213=06</action>
      <action condition="(param==07) AND (maincpu.pb@0420A==FFFFFFFF)">maincpu.pb@0420A=6F</action>
      <action condition="(param==07) AND (maincpu.pb@04213==FFFFFFFF)">maincpu.pb@04213=07</action>
      <action condition="(param==08) AND (maincpu.pb@0420A==FFFFFFFF)">maincpu.pb@0420A=70</action>
      <action condition="(param==08) AND (maincpu.pb@04213==FFFFFFFF)">maincpu.pb@04213=08</action>
      <action condition="(param==09) AND (maincpu.pb@0420A==FFFFFFFF)">maincpu.pb@0420A=71</action>
      <action condition="(param==09) AND (maincpu.pb@04213==FFFFFFFF)">maincpu.pb@04213=09</action>
      <action condition="(param==10) AND (maincpu.pb@0420A==FFFFFFFF)">maincpu.pb@0420A=72</action>
      <action condition="(param==10) AND (maincpu.pb@04213==FFFFFFFF)">maincpu.pb@04213=0A</action>
      <action condition="(param==11) AND (maincpu.pb@0420A==FFFFFFFF)">maincpu.pb@0420A=73</action>
      <action condition="(param==11) AND (maincpu.pb@04213==FFFFFFFF)">maincpu.pb@04213=0B</action>
      <action condition="(param==12) AND (maincpu.pb@0420A==FFFFFFFF)">maincpu.pb@0420A=74</action>
      <action condition="(param==12) AND (maincpu.pb@04213==FFFFFFFF)">maincpu.pb@04213=0C</action>
      <action condition="(param==13) AND (maincpu.pb@0420A==FFFFFFFF)">maincpu.pb@0420A=75</action>
      <action condition="(param==13) AND (maincpu.pb@04213==FFFFFFFF)">maincpu.pb@04213=0D</action>
    </script>
  </cheat>

  <cheat desc="选择幽灵被吃状态后恢复的速度">
    <parameter>
      <item value="0x0000">停留在被吃状态直到被吃为止</item>
      <item value="0x0258">慢速</item>
      <item value="0x0168">一般</item>
      <item value="0x00F0">快速</item>
      <item value="0x0078">闪电</item>
      <item value="0x0001">不会变蓝</item>
    </parameter>
    <script state="run">
      <action>maincpu.pw@041BD=param</action>
    </script>
  </cheat>

  <cheat desc="选择关卡（练习）"> <comment>不能与标准的(选择开始关卡)这个作弊码一起使用</comment>
    <parameter>
      <item value="0x00">樱桃</item>
      <item value="0x01">草莓</item>
      <item value="0x02">第一橙子关</item>
      <item value="0x03">第二橙子关</item>
      <item value="0x04">第一苹果关</item>
      <item value="0x05">第二苹果关</item>
      <item value="0x06">第一菠萝关</item>
      <item value="0x07">第二菠萝关</item>
      <item value="0x08">第一银河系关</item>
      <item value="0x09">第二银河系关</item>
      <item value="0x0A">第一钟铃关</item>
      <item value="0x0B">第二钟铃关</item>
      <item value="0x0C">第一钥匙关</item>
      <item value="0x0D">第二钥匙关</item>
      <item value="0xFE">没有迷宫</item>
    </parameter>
    <script state="run">
      <action>maincpu.pb@04213=param</action>
    </script>
  </cheat>

  <cheat desc="---------------------"/>
  <cheat desc="幽灵状态修改项"/>
  <cheat desc="---------------------"/>

  <cheat desc="橘幽灵总是蓝色">
    <script state="run">
      <action>maincpu.pb@041A7=01</action>
    </script>
  </cheat>

  <cheat desc="绿幽灵总是蓝色">
    <script state="run">
      <action>maincpu.pb@041A8=01</action>
    </script>
  </cheat>

  <cheat desc="蓝幽灵总是蓝色">
    <script state="run">
      <action>maincpu.pb@041A9=01</action>
    </script>
  </cheat>

  <cheat desc="白幽灵总是蓝色">
    <script state="run">
      <action>maincpu.pb@041AA=01</action>
    </script>
  </cheat>

  <cheat desc="幽灵总是被吃状态 (不变色)">
    <script state="run">
      <action>maincpu.pb@041A5=00</action>
    </script>
  </cheat>

</mamecheat>
<!-- Cheat file downloaded from http://www.mamecheat.co.uk, see cheat.txt for list of contributors. -->
