<mamecheat version="1">

  <cheat desc="无限投币">
    <script state="run">
      <action>maincpu.pb@FFB6AD=99</action>
    </script>
  </cheat>

  <cheat desc="无限时间">
    <script state="run">
      <action>maincpu.pw@FF9DE4=5DBF</action>
    </script>
  </cheat>

  <cheat desc=" "/>

  <cheat desc="无限生命 PL1">
    <script state="run">
      <action>maincpu.pb@FF9F09=09</action>
    </script>
  </cheat>

  <cheat desc="无限能量 PL1">
    <script state="run">
      <action>maincpu.pb@FF9F8D=D8</action>
    </script>
  </cheat>

  <cheat desc="角色无敌 PL1">
    <script state="run">
      <action>maincpu.pb@FF9F29=B3</action>
    </script>
  </cheat>

  <cheat desc="总是有橇棍 PL1">
    <script state="run">
      <action>maincpu.pb@FF9F85=29</action>
      <action>maincpu.pb@FF9FC5=29</action>
      <action>maincpu.pb@FF9FC8=04</action>
    </script>
  </cheat>

  <cheat desc="总是有扳手 PL1">
    <script state="run">
      <action>maincpu.pb@FF9F85=2A</action>
      <action>maincpu.pb@FF9FC5=2A</action>
      <action>maincpu.pb@FF9FC8=05</action>
    </script>
  </cheat>

  <cheat desc=" "/>

  <cheat desc="无限生命 PL2">
    <script state="run">
      <action>maincpu.pb@FF9F33=09</action>
    </script>
  </cheat>

  <cheat desc="无限能量 PL2">
    <script state="run">
      <action>maincpu.pb@FFA04D=D8</action>
    </script>
  </cheat>

  <cheat desc="角色无敌 PL2">
    <script state="run">
      <action>maincpu.pb@FF9F59=B3</action>
    </script>
  </cheat>

  <cheat desc="总是有橇棍 PL2">
    <script state="run">
      <action>maincpu.pb@FFA045=29</action>
      <action>maincpu.pb@FFA085=29</action>
      <action>maincpu.pb@FFA088=04</action>
    </script>
  </cheat>

  <cheat desc="总是有扳手 PL2">
    <script state="run">
      <action>maincpu.pb@FFA045=2A</action>
      <action>maincpu.pb@FFA085=2A</action>
      <action>maincpu.pb@FFA088=05</action>
    </script>
  </cheat>

</mamecheat>
<!-- Cheat file downloaded from http://www.mamecheat.co.uk, see cheat.txt for list of contributors. -->
