<mamecheat version="1">

  <cheat desc="-= Lightning Plan =-"/>

  <cheat desc="无限生命">
  <script state="run">
    <action>maincpu.pb@04173=03</action>
  </script>
  </cheat>

  <cheat desc="无限炸弹">
    <script state="run">
      <action>maincpu.pb@04175=03</action>
    </script>
  </cheat>

  <cheat desc="角色无敌">
    <script state="run">
      <action>maincpu.pb@0422F=02</action>
    </script>
  </cheat>

</mamecheat>
<!-- Cheat file downloaded from http://www.mamecheat.co.uk, see cheat.txt for list of contributors. -->
