<mamecheat version="1">

  <cheat desc="选择开始比赛事件">
    <parameter>
      <item value="0x00">100米短跑</item>
      <item value="0x01">跳远</item>
      <item value="0x02">400米接力1</item>
      <item value="0x03">双向飞碟射击</item>
      <item value="0x04">110米栏</item>
      <item value="0x05">射箭</item>
      <item value="0x06">标枪</item>
      <item value="0x07">跳高</item>
      <item value="0x08">400米接力2</item>
    </parameter>
    <script state="run">
      <action condition="(maincpu.pb@20D4==00)">maincpu.pb@20D4=param</action>
    </script>
  </cheat>

  <cheat desc=" "/>
  <cheat desc="注意-比赛结束时关闭下列修改"/>
  <cheat desc="特殊奖励可能会出现"/>
  <cheat desc="不要太快使用(最大力量)修改"/>
  <cheat desc=" "/>
  <cheat desc="100米短跑"/>
  <cheat desc="-----------"/>

  <cheat desc="无限时间 '00'00'">
    <script state="run">
      <action>maincpu.pb@2AB4=00</action>
      <action>maincpu.pb@2AB3=00</action>
      <action>maincpu.pb@2AB2=00</action>
      <action>maincpu.pb@2AB1=00</action>
    </script>
  </cheat>

  <cheat desc="最大火力 PL1">
    <script state="run">
      <action>maincpu.pb@2312=0A</action>
      <action>maincpu.pb@232A=0A</action>
    </script>
  </cheat>

  <cheat desc="无限起跑错误 PL1">
    <script state="run">
      <action>maincpu.pb@3322=00</action>
    </script>
  </cheat>

  <cheat desc=" "/>
  <cheat desc="跳远 + 标枪"/>
  <cheat desc="---------------------"/>

  <cheat desc="最大力量"> <comment>Press fire to get body back</comment>
    <script state="run">
      <action>maincpu.pb@2365=E0</action>
      <action>maincpu.pb@37EA=50</action>
    </script>
  </cheat>

  <cheat desc="总是在45度的跳跃/投掷">
    <script state="run">
      <action>maincpu.pw@2363=452D</action>
    </script>
  </cheat>

  <cheat desc=" "/>

  <cheat desc="声音检测计时停止"> <comment>[PL2 Start]Next Code</comment>
    <script state="run">
      <action>maincpu.pb@2240=FF</action>
    </script>
  </cheat>

  <cheat desc="声音检测">
    <parameter min="1" max="212" step="1"/>
    <script state="change">
      <action>maincpu.pb@2080=param</action>
      <action>maincpu.pw@2018=2080</action>
      <action>maincpu.pw@2016=2081</action>
    </script>
  </cheat>

</mamecheat>
<!-- Cheat file downloaded from http://www.mamecheat.co.uk, see cheat.txt for list of contributors. -->
