<mamecheat version="1">

  <cheat desc="无限投币">
    <script state="run">
      <action>maincpu.pb@1D8B=17</action>
    </script>
  </cheat>

  <cheat desc="无限坏球数 PL1">
    <script state="run">
      <action>maincpu.pb@1D7C=03</action>
    </script>
  </cheat>

  <cheat desc="无限坏球数 PL2">
    <script state="run">
      <action>maincpu.pb@1D7D=03</action>
    </script>
  </cheat>

</mamecheat>
<!-- Cheat file downloaded from http://www.mamecheat.co.uk, see cheat.txt for list of contributors. -->
