<mamecheat version="1">

  <cheat desc="无限投币">
    <script state="run">
      <action>maincpu.pb@1D5C=99</action>
    </script>
  </cheat>

  <cheat desc="无限时间">
    <script state="run">
      <action>maincpu.pb@1DA0=00</action>
    </script>
  </cheat>

  <cheat desc="无限击打数">
    <script state="run">
      <action>maincpu.pb@1D9D=03</action>
    </script>
  </cheat>

  <cheat desc=" "/>

  <cheat desc="无限坏球数 PL1">
    <script state="run">
      <action>maincpu.pb@1CCB=05</action>
    </script>
  </cheat>

  <cheat desc="击打数总是 = 1 PL1">
    <script state="run">
      <action>maincpu.pb@1DA1=01</action>
    </script>
  </cheat>

  <cheat desc=" "/>

  <cheat desc="无限坏球数 PL2">
    <script state="run">
      <action>maincpu.pb@1CCC=05</action>
    </script>
  </cheat>

  <cheat desc="击打数总是 = 1 PL2">
    <script state="run">
      <action>maincpu.pb@1DA2=04</action>
    </script>
  </cheat>

</mamecheat>
<!-- Cheat file downloaded from http://www.mamecheat.co.uk, see cheat.txt for list of contributors. -->
