<mamecheat version="1">

  <cheat desc="无限投币">
    <script state="run">
      <action>maincpu.pb@1CCF=99</action>
    </script>
  </cheat>

  <cheat desc="无限坏球数 PL1">
    <script state="run">
      <action>maincpu.pb@1CC0=03</action>
    </script>
  </cheat>

  <cheat desc="无限坏球数 PL2">
    <script state="run">
      <action>maincpu.pb@1CC1=03</action>
    </script>
  </cheat>

</mamecheat>
<!-- Cheat file downloaded from http://www.mamecheat.co.uk, see cheat.txt for list of contributors. -->
