<mamecheat version="1">

  <cheat desc="Start with all weapons">
    <script state="on">
      <action>temp0 =maincpu.rb@EE1B</action>
    </script>
    <script state="run">
      <action condition="(maincpu.rb@EE1B==86)">maincpu.rb@EE1B=85</action>
    </script>
    <script state="off">
      <action>maincpu.rb@EE1B=temp0 </action>
    </script>
  </cheat>

  <cheat desc="Start with max ammo">
    <script state="on">
      <action>temp0 =maincpu.rb@A26E</action>
    </script>
    <script state="run">
      <action condition="(maincpu.rb@A26E==2F)">maincpu.rb@A26E=4F</action>
    </script>
    <script state="off">
      <action>maincpu.rb@A26E=temp0 </action>
    </script>
  </cheat>

  <cheat desc="无限弹药">
    <script state="on">
      <action>temp0 =maincpu.rb@BED4</action>
    </script>
    <script state="run">
      <action condition="(maincpu.rb@BED4==8D)">maincpu.rb@BED4=AD</action>
    </script>
    <script state="off">
      <action>maincpu.rb@BED4=temp0 </action>
    </script>
  </cheat>

  <cheat desc="Start with some item power">
    <script state="on">
      <action>temp0 =maincpu.rb@A26E</action>
    </script>
    <script state="run">
      <action condition="(maincpu.rb@A26E==00)">maincpu.rb@A26E=2F</action>
    </script>
    <script state="off">
      <action>maincpu.rb@A26E=temp0 </action>
    </script>
  </cheat>

  <cheat desc="Never lose item power once gained">
    <script state="on">
      <action>temp0 =maincpu.rb@BED4</action>
    </script>
    <script state="run">
      <action condition="(maincpu.rb@BED4==8D)">maincpu.rb@BED4=2C</action>
    </script>
    <script state="off">
      <action>maincpu.rb@BED4=temp0 </action>
    </script>
  </cheat>

  <cheat desc="Always have Dagger Enabled">
    <script state="run">
      <action>maincpu.pb@007F=01</action>
    </script>
  </cheat>

  <cheat desc="Always have Boomerang Enabled">
    <script state="run">
      <action>maincpu.pb@007F=02</action>
    </script>
  </cheat>

  <cheat desc="Always have Ice Ball Enabled">
    <script state="run">
      <action>maincpu.pb@007F=04</action>
    </script>
  </cheat>

  <cheat desc="Always have Power Ball Enabled">
    <script state="run">
      <action>maincpu.pb@007F=08</action>
    </script>
  </cheat>

  <cheat desc="Always have Molotov Cocktail Enabled">
    <script state="run">
      <action>maincpu.pb@007F=10</action>
    </script>
  </cheat>

  <cheat desc="Always have Hand Gun Enabled">
    <script state="run">
      <action>maincpu.pb@007F=20</action>
    </script>
  </cheat>

  <cheat desc="Doors never close once opened">
    <script state="run">
      <action>maincpu.pb@009D=FA</action>
    </script>
  </cheat>

  <cheat desc="Bosses have no Invincibility Time">
    <script state="run">
      <action>maincpu.pb@034E=00</action>
    </script>
  </cheat>

  <cheat desc="Bosses defeated Instantly">
    <script state="run">
      <action>maincpu.pb@034F=00</action>
    </script>
  </cheat>

  <cheat desc="Infinite Item Power">
    <script state="run">
      <action>maincpu.pb@0596=4F</action>
    </script>
  </cheat>

  <cheat desc="Invincibility (Orin)">
    <script state="on">
      <action>temp0 =maincpu.rb@BB3D</action>
    </script>
    <script state="run">
      <action condition="(maincpu.rb@BB3D==F0)">maincpu.rb@BB3D=D0</action>
    </script>
    <script state="off">
      <action>maincpu.rb@BB3D=temp0 </action>
    </script>
  </cheat>

  <cheat desc="Invincibility (Orin) (Alt)"> <comment>闪烁</comment>
    <script state="run">
      <action>maincpu.pb@030E=10</action>
    </script>
  </cheat>

  <cheat desc="Infinite Energy (Orin)">
    <script state="run">
      <action>maincpu.pb@0594=4F</action>
    </script>
  </cheat>

  <cheat desc="Infinite Energy (Orin) (Alt)">
    <script state="on">
      <action>temp0 =maincpu.rb@BB9D</action>
    </script>
    <script state="run">
      <action condition="(maincpu.rb@BB9D==8D)">maincpu.rb@BB9D=AD</action>
    </script>
    <script state="off">
      <action>maincpu.rb@BB9D=temp0 </action>
    </script>
  </cheat>

  <cheat desc="Most attacks won't damage (Orin)">
    <script state="on">
      <action>temp0 =maincpu.rb@BB9D</action>
    </script>
    <script state="run">
      <action condition="(maincpu.rb@BB9D==8D)">maincpu.rb@BB9D=2C</action>
    </script>
    <script state="off">
      <action>maincpu.rb@BB9D=temp0 </action>
    </script>
  </cheat>

  <cheat desc="Start with more health (Orin)">
    <script state="on">
      <action>temp0 =maincpu.rb@A26C</action>
    </script>
    <script state="run">
      <action condition="(maincpu.rb@A26C==2F)">maincpu.rb@A26C=40</action>
    </script>
    <script state="off">
      <action>maincpu.rb@A26C=temp0 </action>
    </script>
  </cheat>

  <cheat desc="Invincibility (Cutrus)">
    <script state="on">
      <action>temp0 =maincpu.rb@C976</action>
    </script>
    <script state="run">
      <action condition="(maincpu.rb@C976==F0)">maincpu.rb@C976=D0</action>
    </script>
    <script state="off">
      <action>maincpu.rb@C976=temp0 </action>
    </script>
  </cheat>

  <cheat desc="Invincibility (Cutrus) (Alt)"> <comment>闪烁</comment>
    <script state="run">
      <action>maincpu.pb@032E=10</action>
    </script>
  </cheat>

  <cheat desc="Infinite Energy (Cutrus)">
    <script state="run">
      <action>maincpu.pb@0595=4F</action>
    </script>
  </cheat>

  <cheat desc="Infinite Energy (Cutrus) (Alt)">
    <script state="on">
      <action>temp0 =maincpu.rb@C9F7</action>
    </script>
    <script state="run">
      <action condition="(maincpu.rb@C9F7==8D)">maincpu.rb@C9F7=AD</action>
    </script>
    <script state="off">
      <action>maincpu.rb@C9F7=temp0 </action>
    </script>
  </cheat>

  <cheat desc="Most attacks won't damage (Cutrus)">
    <script state="on">
      <action>temp0 =maincpu.rb@C9F7</action>
    </script>
    <script state="run">
      <action condition="(maincpu.rb@C9F7==8D)">maincpu.rb@C9F7=2C</action>
    </script>
    <script state="off">
      <action>maincpu.rb@C9F7=temp0 </action>
    </script>
  </cheat>

  <cheat desc="Start with more health (Cutrus)">
    <script state="on">
      <action>temp0 =maincpu.rb@A26D</action>
    </script>
    <script state="run">
      <action condition="(maincpu.rb@A26D==2F)">maincpu.rb@A26D=40</action>
    </script>
    <script state="off">
      <action>maincpu.rb@A26D=temp0 </action>
    </script>
  </cheat>

</mamecheat>
<!-- Cheat file downloaded from http://www.mamecheat.co.uk, see cheat.txt for list of contributors. -->
