<mamecheat version="1">

  <cheat desc="无限投币">
    <script state="run">
      <action>maincpu.pb@1FC870=7F</action>
    </script>
  </cheat>

  <cheat desc="无限坏球数 PL1">
    <script state="run">
      <action>maincpu.pb@1FC650=06</action>
    </script>
  </cheat>

  <cheat desc="无限坏球数 PL2">
    <script state="run">
      <action>maincpu.pb@1FC658=06</action>
    </script>
  </cheat>

</mamecheat>
<!-- Cheat file downloaded from http://www.mamecheat.co.uk, see cheat.txt for list of contributors. -->
