﻿<mamecheat version="1">
	<cheat desc="无限投币数">
		<script state="run">
			<action>maincpu.pb@3F920=63</action>
		</script>
	</cheat>
	<cheat desc="无限时间">
		<script state="on">
			<action>maincpu.pb@3F925=70</action>
		</script>
	</cheat>
	<cheat desc="无限杆 PL1">
		<script state="run">
			<action>maincpu.pb@3F8DC=09</action>
		</script>
	</cheat>
	<cheat desc="无限杆 PL2">
		<script state="run">
			<action>maincpu.pb@3F8DD=09</action>
		</script>
	</cheat>
</mamecheat>
<!-- ; [ 9-Ball Shootout (set 1) ] -->
<!-- By CLARK.H Conversion (roseclarkh@163.com)  -->