<mamecheat version="1">

  <cheat desc="无限投币">
    <script state="run">
      <action>maincpu.pb@10000415=1E</action>
    </script>
  </cheat>

  <cheat desc=" "/>
  <cheat desc="游戏Area 51修改项"/>
  <cheat desc="----------------------"/>

  <cheat desc="无限生命 PL1">
    <script state="run">
      <action>maincpu.pb@1000953B=0A</action>
    </script>
  </cheat>

  <cheat desc="无限子弹 PL1">
    <script state="run">
      <action>maincpu.pb@1000950F=10</action>
    </script>
  </cheat>

  <cheat desc="无限手榴弹 PL1">
    <script state="run">
      <action>maincpu.pb@10009513=09</action>
    </script>
  </cheat>

  <cheat desc="选择武器 PL1">
    <parameter>
      <item value="0x00">普通武器</item>
      <item value="0x01">散弹枪</item>
      <item value="0x02">全自动机枪</item>
    </parameter>
    <script state="run">
      <action>maincpu.pb@1000951F=param</action>
    </script>
  </cheat>

  <cheat desc=" "/>

  <cheat desc="无限生命 PL2">
    <script state="run">
      <action>maincpu.pb@100095E3=0A</action>
    </script>
  </cheat>

  <cheat desc="无限子弹 PL2">
    <script state="run">
      <action>maincpu.pb@100095B7=10</action>
    </script>
  </cheat>

  <cheat desc="无限手榴弹 PL2">
    <script state="run">
      <action>maincpu.pb@100095BB=09</action>
    </script>
  </cheat>

  <cheat desc="选择武器 PL2">
    <parameter>
      <item value="0x00">普通武器</item>
      <item value="0x01">散弹枪</item>
      <item value="0x02">全自动机枪</item>
    </parameter>
    <script state="run">
      <action>maincpu.pb@100095C7=param</action>
    </script>
  </cheat>

  <cheat desc=" "/>
  <cheat desc="游戏Maximum Force Duo修改项"/>
  <cheat desc="--------------------------------"/>

  <cheat desc="无限生命 PL1">
    <script state="run">
      <action>maincpu.pb@10009C03=05</action>
    </script>
  </cheat>

  <cheat desc="无限子弹 PL1">
    <script state="run">
      <action>maincpu.pb@10009C57=0A</action>
    </script>
  </cheat>

  <cheat desc=" "/>

  <cheat desc="无限生命 PL2">
    <script state="run">
      <action>maincpu.pb@10009C8F=05</action>
    </script>
  </cheat>

  <cheat desc="无限子弹 PL2">
    <script state="run">
      <action>maincpu.pb@10009CE3=0A</action>
    </script>
  </cheat>

</mamecheat>
<!-- Cheat file downloaded from http://www.mamecheat.co.uk, see cheat.txt for list of contributors. -->
