<mamecheat version="1">

  <cheat desc="P1 无限能量">
  <script state="run">
    <action>maincpu.pb@C804=18</action>
  </script>
  </cheat>

  <cheat desc="P1 立即耗尽所有能量">
    <script state="on">
      <action>maincpu.pb@C804=01</action>
    </script>
  </cheat>

  <cheat desc="P1 无限能量">
    <script state="run">
      <action>maincpu.pb@C806=18</action>
    </script>
  </cheat>

  <cheat desc="P1 立即耗尽所有能量">
    <script state="on">
      <action>maincpu.pb@C806=01</action>
    </script>
  </cheat>

</mamecheat>
<!-- Cheat file downloaded from http://www.mamecheat.co.uk, see cheat.txt for list of contributors. -->
