<mamecheat version="1">

  <cheat desc="无限生命">
    <script state="run">
      <action>maincpu.pb@0087=09</action> <!-- Pugsy -->
    </script>
  </cheat>

  <cheat desc="角色无敌">
    <script state="run">
      <action>maincpu.pb@0086=00</action> <!-- VisitntX -->
      <action>maincpu.pb@008A=00</action>
    </script>
  </cheat>

  <cheat desc="Select Speed Up Level">
    <parameter>
      <item value="0x01">1</item>
      <item value="0x02">2</item>
      <item value="0x03">3</item>
    </parameter>
    <script state="run">
      <action>maincpu.pb@008B=param</action>
    </script>
  </cheat>

</mamecheat>
<!-- Cheat file downloaded from http://www.mamecheat.co.uk, see cheat.txt for list of contributors. -->
