<mamecheat version="1">

  <cheat desc="无限生命">
    <script state="run">
      <action>maincpu.pb@0087=09</action> <!-- Pugsy -->
    </script>
  </cheat>

  <cheat desc="角色无敌">
    <script state="run">
      <action>maincpu.pb@0086=00</action> <!-- VisitntX -->
      <action>maincpu.pb@008A=00</action>
    </script>
  </cheat>

  <cheat desc="击中任何地方">
    <script state="on">
      <action>temp0 =maincpu.rb@F1D5</action>
      <action>temp1 =maincpu.rb@F1FA</action>
      <action>temp2 =maincpu.rb@F1B1</action>
      <action>temp3 =maincpu.rb@F210</action>
    </script>
    <script state="run">
      <action condition="(maincpu.rb@F1D5==90)">maincpu.rb@F1D5=D0</action>
      <action condition="(maincpu.rb@F1FA==D0)">maincpu.rb@F1FA=B0</action>
      <action condition="(maincpu.rb@F1B1==90)">maincpu.rb@F1B1=B0</action>
      <action condition="(maincpu.rb@F210==30)">maincpu.rb@F210=24</action>
    </script>
    <script state="off">
      <action>maincpu.rb@F1D5=temp0 </action>
      <action>maincpu.rb@F1FA=temp1 </action>
      <action>maincpu.rb@F1B1=temp2 </action>
      <action>maincpu.rb@F210=temp3 </action>
    </script>
  </cheat>

  <cheat desc="Select Speed Up Level">
    <parameter>
      <item value="0x01">1</item>
      <item value="0x02">2</item>
      <item value="0x03">3</item>
    </parameter>
    <script state="run">
      <action>maincpu.pb@008B=param</action>
    </script>
  </cheat>

</mamecheat>
<!-- Cheat file downloaded from http://www.mamecheat.co.uk, see cheat.txt for list of contributors. -->
