<mamecheat version="1">

  <cheat desc="无限投币">
    <script state="run">
      <action>maincpu.pb@0079=99</action>
    </script>
  </cheat>

  <cheat desc="总是第一次击打 PL1">
    <script state="run">
      <action>maincpu.pb@0070=00</action>
    </script>
  </cheat>

  <cheat desc="重新回到第一次击打 PL1">
    <script state="on">
      <action>maincpu.pb@0070=00</action>
    </script>
  </cheat>

  <cheat desc="总是无人出局 PL1">
    <script state="run">
      <action>maincpu.pb@006C=00</action>
    </script>
  </cheat>

</mamecheat>
<!-- Cheat file downloaded from http://www.mamecheat.co.uk, see cheat.txt for list of contributors. -->
