<mamecheat version="1">

  <cheat desc="无限燃料"> <comment>请注意，显示可能不正确</comment>
    <script state="run">
      <action>maincpu.pb@007D=E3</action>
    </script>
  </cheat>

  <cheat desc="角色无敌">
    <script state="on">
      <action>temp0 =maincpu.mw@DF72</action>
      <action>temp1 =maincpu.mw@E5BE</action>
      <action>temp2 =maincpu.mw@EA83</action>
    </script>
    <script state="run">
      <action>maincpu.mw@DF72=0CB0</action>
      <action>maincpu.mw@E5BE=16B0</action> <!-- 1st = Fire, 2nd = Meteorite -->
      <action>maincpu.mw@EA83=29B0</action> <!-- Enemy -->
    </script>
    <script state="off">
      <action>maincpu.mw@DF72=temp0 </action>
      <action>maincpu.mw@E5BE=temp1 </action>
      <action>maincpu.mw@EA83=temp2 </action>
    </script>
  </cheat>

  <cheat desc="快速攻击">
    <script state="run">
      <action>maincpu.pb@0035=FF</action>
    </script>
  </cheat>

  <cheat desc="子弹加速">
    <script state="on">
      <action>temp0 =maincpu.mb@DCD7</action>
    </script>
    <script state="run">
      <action>maincpu.mb@DCD7=00</action>
    </script>
    <script state="off">
      <action>maincpu.mb@DCD7=temp0 </action>
    </script>
  </cheat>

  <cheat desc=" "/>

  <cheat desc="无限生命 PL1">
    <script state="run">
      <action>maincpu.pb@0095=09</action>
    </script>
  </cheat>

  <cheat desc="无限生命 PL2">
    <script state="run">
      <action>maincpu.pb@0096=09</action>
    </script>
  </cheat>

</mamecheat>
<!-- Cheat file downloaded from http://www.mamecheat.co.uk, see cheat.txt for list of contributors. -->
