<mamecheat version="1">

  <cheat desc="无限时间"> <comment>过关卡6后,关闭它</comment>
    <script state="run">
      <action>maincpu.pb@080CA7=03</action>
    </script>
  </cheat>

  <cheat desc="无限跳跃">
    <script state="run">
      <action>maincpu.pb@080CAD=08</action>
    </script>
  </cheat>

  <cheat desc="总是一击杀BOSSes">
    <script state="run">
      <action>maincpu.pb@3FAA85=00</action>
    </script>
  </cheat>

  <cheat desc="总是更快速度骑"> <comment>当时间为0时,关闭它</comment>
    <script state="run">
      <action>maincpu.pb@FF8DD8=25</action>
    </script>
  </cheat>

  <cheat desc="总是最快速度骑"> <comment>有错误,可能不能控制,当时间为0时关闭它</comment>
    <script state="run">
      <action>maincpu.pb@FF8DD8=4A</action>
    </script>
  </cheat>

  <cheat desc=" "/>

  <cheat desc="声音检测">
    <parameter min="1" max="248" step="1"/>
    <script state="change">
      <action>soundcpu.pb@F800=param</action>
    </script>
  </cheat>

</mamecheat>
<!-- Cheat file downloaded from http://www.mamecheat.co.uk, see cheat.txt for list of contributors. -->
