<mamecheat version="1">

  <cheat desc="无限时间">
    <script state="run">
      <action>maincpu.pb@F99D=0B</action>
    </script>
  </cheat>

  <cheat desc="选择开始关卡"> <comment>投币以后,设置在标题屏幕上</comment>
    <parameter min="1" max="7" step="1"/>
    <script state="on">
      <action>maincpu.pb@F987=FF</action>
    </script>
    <script state="change">
      <action>maincpu.pb@F987=(param-1)</action>
    </script>
  </cheat>

  <cheat desc="无限力量">
    <script state="run">
      <action>maincpu.pw@FD71=03E7</action>
    </script>
  </cheat>

  <cheat desc="玩家总是有最大得分">
    <script state="run">
      <action>maincpu.pb@FD70=63</action>
    </script>
  </cheat>

  <cheat desc="电脑总是零得分">
    <script state="run">
      <action>maincpu.pb@FD78=00</action>
    </script>
  </cheat>

  <cheat desc="总是有 Minus Power">
    <script state="run">
      <action>maincpu.pb@F9A0=01</action>
    </script>
  </cheat>

  <cheat desc="总是有 Plus Power">
    <script state="run">
      <action>maincpu.pb@F9A1=01</action>
    </script>
  </cheat>

  <cheat desc="总是有万能卡">
    <script state="run">
      <action>maincpu.pb@F9A2=01</action>
    </script>
  </cheat>

  <cheat desc="总是有 Tefuda Cancel">
    <script state="run">
      <action>maincpu.pb@F9A3=01</action>
    </script>
  </cheat>

  <cheat desc="总是有 Te-Yon Tsumikomi">
    <script state="run">
      <action>maincpu.pb@F9A4=01</action>
    </script>
  </cheat>

  <cheat desc="总是有 Ultra Play">
    <script state="run">
      <action>maincpu.pb@F9A5=01</action>
    </script>
  </cheat>

  <cheat desc="Always Have Gokou Tsumikomi">
    <script state="run">
      <action>maincpu.pb@F9A6=01</action>
    </script>
  </cheat>

 <cheat desc=" "/>

  <cheat desc="查看所有的八张牌 - 场札">
    <script state="run">
      <output format="%02X %02X %02X %02X %02X %02X %02X %02X">
        <argument count="8">maincpu.pb@(FA32 + argindex)</argument>
      </output>
    </script>
  </cheat>

  <cheat desc="查看所有的八张牌 - 玩家">
    <script state="run">
      <output format="%02X %02X %02X %02X %02X %02X %02X %02X">
        <argument count="8">maincpu.pb@(FC95 + argindex)</argument>
      </output>
    </script>
  </cheat>

  <cheat desc="查看所有的八张牌 - 电脑">
    <script state="run">
      <output format="%02X %02X %02X %02X %02X %02X %02X %02X">
        <argument count="8">maincpu.pb@(FD15 + argindex)</argument>
      </output>
    </script>
  </cheat>

  <cheat desc="----------------------"/>
  <cheat desc="[ 00h 松上鹤     ]"/>
  <cheat desc="[ 31h 没有牌     ]"/>
  <cheat desc="[ 32h 万能牌     ]"/>
  <cheat desc="----------------------"/>

  <cheat desc="总是给场札设置一点牌">
    <script state="run">
      <action>maincpu.pd@FA32=2B1F0B03</action>
      <action>maincpu.pd@FA36=17271B2F</action>
    </script>
  </cheat>

  <cheat desc="立即获胜!">
    <script state="on">
      <action>maincpu.pd@FC95=281C0800</action>
      <action>maincpu.pd@FC99=1424182C</action>
    </script>
  </cheat>

  <cheat desc="总是获胜">
    <script state="run">
      <action>maincpu.pd@FC95=281C0800</action>
      <action>maincpu.pd@FC99=1424182C</action>
    </script>
  </cheat>

  <cheat desc="[ 以下的作弊码不能与 ]"/>
  <cheat desc="[ 其他获胜作弊码共用. ]"/>
  <cheat desc="总是用五光获胜">
    <script state="run">
      <action>maincpu.pd@FC9D=1C080005</action>
      <action>maincpu.pd@FCA1=18052C28</action>
      <action>maincpu.pd@FCA5=10201424</action>
      <action>maincpu.pd@FCAD=09050106</action>
      <action>maincpu.pd@FCB0=00252115</action>
    </script>
  </cheat>

</mamecheat>
<!-- Cheat file downloaded from http://www.mamecheat.co.uk, see cheat.txt for list of contributors. -->