<mamecheat version="1">

  <cheat desc="无限生命">
    <script state="run">
      <action>maincpu.pb@FF88E1=1E</action>
    </script>
  </cheat>

  <cheat desc="无限导弹">
    <script state="run">
      <action>maincpu.pb@FF8D67=64</action>
    </script>
  </cheat>

  <cheat desc="角色无敌"> <comment>这是一个无聊的作弊码</comment>
    <script state="run">
      <action>maincpu.pb@FF8D77=01</action>
    </script>
  </cheat>

  <cheat desc="总是以最大速度飞">
    <script state="run">
      <action>maincpu.pb@FF8894=FF</action>
      <action>maincpu.pb@FF8D79=3F</action>
      <action>maincpu.pb@FF8D7C=FF</action>
    </script>
  </cheat>

  <cheat desc="死亡画面快速结束"> <comment>可节省时间等待飞机崩溃和新飞机出现</comment>
    <script state="run">
      <action>maincpu.pb@FF9125=07</action>
    </script>
  </cheat>

  <cheat desc=" "/>

  <cheat desc="声音检测计时停止">
    <script state="run">
      <action>maincpu.pb@FF884D=00</action>
    </script>
  </cheat>

  <cheat desc="声音检测">
    <parameter min="1" max="245" step="1"/>
    <script state="change">
      <action>soundcpu.pb@F800=param</action>
    </script>
  </cheat>

</mamecheat>
<!-- Cheat file downloaded from http://www.mamecheat.co.uk, see cheat.txt for list of contributors. -->
