<mamecheat version="1">

  <cheat desc="无限投币">
    <script state="run">
      <action>maincpu.pb@C72000=09</action>
    </script>
  </cheat>

  <cheat desc="无限点数 PL1">
    <script state="run">
      <action>maincpu.pw@C72422=270F</action>
    </script>
  </cheat>

  <cheat desc="无限点数 PL2">
    <script state="run">
      <action>maincpu.pw@C72522=270F</action>
    </script>
  </cheat>

</mamecheat>
<!-- Cheat file downloaded from http://www.mamecheat.co.uk, see cheat.txt for list of contributors. -->
