<mamecheat version="1">

  <cheat desc="无限时间"> <comment>在浅绿色屏幕开启,每场比赛后关闭</comment>
    <script state="run">
      <action>maincpu.pw@10001C00=1770</action>
    </script>
  </cheat>

  <cheat desc="总是完成在第一位"> <comment>比赛间显示不正确,但你仍然第一个完成</comment>
    <script state="run">
      <action>maincpu.pb@10003715=01</action>
    </script>
  </cheat>

</mamecheat>
<!-- Cheat file downloaded from http://www.mamecheat.co.uk, see cheat.txt for list of contributors. -->
