<mamecheat version="1">

  <cheat desc="无限投币">
    <script state="run">
      <action>maincpu.pb@80075=09</action>
    </script>
  </cheat>

  <cheat desc="角色无敌">
    <script state="on">
      <action>temp0 =maincpu.mb@07FC6</action>
      <action>temp1 =maincpu.mw@08022</action>
    </script>
    <script state="run">
      <action>maincpu.mb@07FC6=60</action>
      <action>maincpu.mw@08022=6088</action>
    </script>
    <script state="off">
      <action>maincpu.mb@07FC6=temp0 </action>
      <action>maincpu.mw@08022=temp1 </action>
    </script>
  </cheat>

  <cheat desc=" "/>

  <cheat desc="无限生命 PL1">
    <script state="run">
      <action>maincpu.pb@80255=0A</action>
    </script>
  </cheat>

  <cheat desc="最大武器火力 PL1">
    <script state="run">
      <action>maincpu.pb@80267=04</action>
    </script>
  </cheat>

  <cheat desc="总是有波动武器 PL1">
    <script state="run">
      <action>maincpu.pb@8026B=00</action>
    </script>
  </cheat>

  <cheat desc="总是有飓风武器PL1">
    <script state="run">
      <action>maincpu.pb@8026B=01</action>
    </script>
  </cheat>

  <cheat desc="得到波动武器 PL1">
    <script state="on">
      <action>maincpu.pb@8026B=00</action>
    </script>
  </cheat>

  <cheat desc="得到飓风武器 PL1">
    <script state="on">
      <action>maincpu.pb@8026B=01</action>
    </script>
  </cheat>

  <cheat desc="快速攻击 PL1"> <comment>有能量蓄力问题</comment>
    <script state="run">
      <action>maincpu.pb@80227=00|(maincpu.pb@80227 BAND ~10)</action>
    </script>
  </cheat>

  <cheat desc="锁定能量蓄力 PL1">
    <script state="run">
      <action>maincpu.pw@80262=0000</action>
    </script>
  </cheat>

  <cheat desc="总是有蓄力射击 PL1"> <comment>自动蓄力射击无需按火力键</comment>
    <script state="run">
      <action>maincpu.pb@80269=01</action>
    </script>
  </cheat>

  <cheat desc=" "/>

  <cheat desc="无限生命 PL2">
    <script state="run">
      <action>maincpu.pb@80277=0A</action>
    </script>
  </cheat>

  <cheat desc="最大武器火力 PL2">
    <script state="run">
      <action>maincpu.pb@80289=04</action>
    </script>
  </cheat>

  <cheat desc="总是有波动武器 PL2">
    <script state="run">
      <action>maincpu.pb@8028D=00</action>
    </script>
  </cheat>

  <cheat desc="总是有飓风武器 PL2">
    <script state="run">
      <action>maincpu.pb@8028D=01</action>
    </script>
  </cheat>

  <cheat desc="得到波动武器 PL2">
    <script state="on">
      <action>maincpu.pb@8028D=00</action>
    </script>
  </cheat>

  <cheat desc="得到飓风武器 PL2">
    <script state="on">
      <action>maincpu.pb@8028D=01</action>
    </script>
  </cheat>

  <cheat desc="快速攻击 PL2"> <comment>有能量蓄力问题</comment>
    <script state="run">
      <action>maincpu.pb@80226=00|(maincpu.pb@80226 BAND ~10)</action>
    </script>
  </cheat>

  <cheat desc="锁定能量蓄力 PL2">
    <script state="run">
      <action>maincpu.pw@80284=0000</action>
    </script>
  </cheat>

  <cheat desc="总是有蓄力射击 PL2"> <comment>自动蓄力射击无需按火力键</comment>
    <script state="run">
      <action>maincpu.pb@8028B=01</action>
    </script>
  </cheat>

</mamecheat>
<!-- Cheat file downloaded from http://www.mamecheat.co.uk, see cheat.txt for list of contributors. -->
