<mamecheat version="1">

  <cheat desc="无限能量">
    <script state="run">
      <action>maincpu.pb@0334=63</action> <!-- GForce -->
    </script>
  </cheat>

  <cheat desc="P1 无限生命">
    <script state="run">
      <action>maincpu.pb@0330=09</action> <!-- Pugsy -->
    </script>
  </cheat>

  <cheat desc="P2 无限生命">
    <script state="run">
      <action>maincpu.pb@0331=09</action> <!-- Pugsy -->
    </script>
  </cheat>

</mamecheat>
<!-- Cheat file downloaded from http://www.mamecheat.co.uk, see cheat.txt for list of contributors. -->
