<mamecheat version="1">

  <cheat desc="P1 无限能量">
    <script state="run">
      <action>maincpu.pb@001C=06</action> <!-- VisitntX -->
    </script>
  </cheat>

  <cheat desc="P1 无敌">
    <script state="run">
      <action>maincpu.pb@05DC=02</action> <!-- VisitntX -->
    </script>
  </cheat>

  <cheat desc="P2 无限能量">
    <script state="run">
      <action>maincpu.pb@001D=06</action> <!-- VisitntX -->
    </script>
  </cheat>

  <cheat desc="Invincibility (Alt)">
    <script state="on">
      <action>temp0 =maincpu.rb@DCDE</action>
    </script>
    <script state="run">
      <action>maincpu.rb@DCDE=60</action>
    </script>
    <script state="off">
      <action>maincpu.rb@DCDE=temp0 </action>
    </script>
  </cheat>

</mamecheat>
<!-- Cheat file downloaded from http://www.mamecheat.co.uk, see cheat.txt for list of contributors. -->
