<mamecheat version="1">

  <cheat desc="无限生命">
    <script state="run">
      <action>maincpu.pb@C538=09</action> <!-- Made by Mezmorize -->
    </script>
  </cheat>

  <cheat desc="无限能量">
    <script state="run">
      <action>maincpu.pb@C514=FF</action> <!-- Made by Mezmorize -->
    </script>
  </cheat>

  <cheat desc="角色无敌">
    <script state="on">
      <action>temp0 =maincpu.ob@0646</action>
    </script>
    <script state="run">
      <action condition="(maincpu.ob@0646==04)">maincpu.ob@0646=00</action> <!-- ROM Code by Galoob -->
    </script>
    <script state="off">
      <action>maincpu.ob@0646=temp0 </action>
    </script>
  </cheat>

</mamecheat>
<!-- Cheat file downloaded from http://www.mamecheat.co.uk, see cheat.txt for list of contributors. -->
