<mamecheat version="1">

  <cheat desc="无限生命">
    <script state="run">
      <action>maincpu.pb@FFA5D5=99</action>
    </script>
  </cheat>

  <cheat desc="无限能量">
    <script state="run">
      <action>maincpu.pb@FFA5D7=02</action>
    </script>
  </cheat>

  <cheat desc="角色无敌">
    <script state="run">
      <action>maincpu.pb@FFC6A5=01</action>
    </script>
  </cheat>

</mamecheat>
<!-- Cheat file downloaded from http://www.mamecheat.co.uk, see cheat.txt for list of contributors. -->
