<mamecheat version="1">

  <cheat desc="无限生命">
    <script state="run">
      <action>maincpu.pb@04ED=09</action>
    </script>
  </cheat>

  <cheat desc="无限能量">
    <script state="run">
      <action>maincpu.pb@04E9=07</action>
    </script>
  </cheat>

  <cheat desc="角色无敌">
    <script state="on">
      <action>temp0 =maincpu.rb@8496</action>
    </script>
    <script state="run">
      <action condition="(maincpu.rb@8496==8D)">maincpu.rb@8496=AD</action>
    </script>
    <script state="off">
      <action>maincpu.rb@8496=temp0 </action>
    </script>
  </cheat>

  <cheat desc="Infinite Things">
    <script state="on">
      <action>temp0 =maincpu.rb@E68B</action>
    </script>
    <script state="run">
      <action condition="(maincpu.rb@E68B==CE)">maincpu.rb@E68B=AD</action>
    </script>
    <script state="off">
      <action>maincpu.rb@E68B=temp0 </action>
    </script>
  </cheat>

  <cheat desc="选择开始房间">
    <parameter>
      <item value="0x01">Tree</item>
      <item value="0x02">Crypt</item>
      <item value="0x03">Hallway</item>
      <item value="0x08">Fester's Room</item>
      <item value="0x09">Pugsly's Room</item>
      <item value="0x0A">Toy Room</item>
      <item value="0x0B">Wednesday's Room</item>
      <item value="0x0C">Attic</item>
      <item value="0x0F">Secret Room #1</item>
      <item value="0x10">Secret Room #2</item>
      <item value="0x11">Secret Room #3</item>
      <item value="0x1D">Bone Room</item>
      <item value="0x21">Freezer</item>
      <item value="0x22">Furnace</item>
      <item value="0x20">Gomez's room</item>
    </parameter>
    <script state="on">
      <action>temp0 =maincpu.rb@C0C6</action>
    </script>
    <script state="run">
      <action>maincpu.rb@C0C6=param</action>
    </script>
    <script state="off">
      <action>maincpu.rb@C0C6=temp0 </action>
    </script>
  </cheat>

</mamecheat>
<!-- Cheat file downloaded from http://www.mamecheat.co.uk, see cheat.txt for list of contributors. -->
