<mamecheat version="1">

  <cheat desc="19YY"/>

  <cheat desc="无限能量">
    <script state="run">
      <action>maincpu.pb@01548B=00</action> <!-- Program Code Cheat -->
    </script>
  </cheat>

  <cheat desc=" "/>
  <cheat desc=" "/>

  <cheat desc="选择街机/家用机模式"> <comment>Use in conjunction with the 'Skip Boot Animations' cheat for the best effect, then enable it and reset. The Arcade (MVS) setting may open up other aspects of the game or it may even make the game unplayable especially if you need a coin slot.</comment>
    <parameter>
      <item value="0x00">家机 (NEOGEO)</item>
	  <item value="0x80">街机 (MVS)</item>
    </parameter>
    <script state="run">
      <action>maincpu.pb@10FD82=param</action>
    </script>
    <script state="off">
      <action>maincpu.pb@10FD82=00</action>
    </script>	
  </cheat>

  <cheat desc="Skip Boot Animations"> <comment>Allows a quicker start-up</comment>
    <script state="run">
      <action condition="(maincpu.rw@C14C38==6418)">maincpu.rw@C14C38=4E71</action>
      <action condition="(maincpu.rw@C14C3E==CEC4)">maincpu.rw@C14C3E=CEDC</action>
    </script>
    <script state="off">
      <action condition="(maincpu.rw@C14C38==4E71)">maincpu.rw@C14C38=6418</action>	
      <action condition="(maincpu.rw@C14C3E==CEDC)">maincpu.rw@C14C3E=CEC4</action>
    </script>
  </cheat>

</mamecheat>
<!-- Cheat file downloaded from http://www.mamecheat.co.uk, see cheat.txt for list of contributors. -->
