<mamecheat version="1">

  <cheat desc="无限生命">
    <script state="run">
      <action>maincpu.pb@D80C=09</action> <!-- Made by Mezmorize -->
    </script>
  </cheat>

  <cheat desc="无限能量">
    <script state="run">
      <action>maincpu.pb@D80A=28</action> <!-- Made by Mezmorize -->
    </script>
  </cheat>

  <cheat desc="角色无敌">
    <script state="run">
      <action>maincpu.pb@D843=00</action> <!-- Made by Mezmorize -->
    </script>
  </cheat>

</mamecheat>
<!-- Cheat file downloaded from http://www.mamecheat.co.uk, see cheat.txt for list of contributors. -->
