<mamecheat version="1">

  <cheat desc="P1 无限生命">
    <script state="run">
      <action>maincpu.pb@FFF657=09</action>
    </script>
  </cheat>

  <cheat desc="P1 无限能量">
    <script state="run">
      <action>maincpu.pw@FFF654=0100</action>
    </script>
  </cheat>

  <cheat desc="P1 无敌"> <comment>闪烁</comment>
    <script state="run">
      <action>maincpu.pb@FFB1FC=02</action>
    </script>
  </cheat>

  <cheat desc="P2 无限生命">
    <script state="run">
      <action>maincpu.pb@FFF697=09</action>
    </script>
  </cheat>

  <cheat desc="P2 无限能量">
    <script state="run">
      <action>maincpu.pw@FFF694=0100</action>
    </script>
  </cheat>

  <cheat desc="P2 无敌"> <comment>闪烁</comment>
    <script state="run">
      <action>maincpu.pb@FFB418=02</action>
    </script>
  </cheat>

</mamecheat>
<!-- Cheat file downloaded from http://www.mamecheat.co.uk, see cheat.txt for list of contributors. -->
