<mamecheat version="1">

  <cheat desc="无限生命">
    <script state="run">
      <action>maincpu.pb@003F=0A</action>
    </script>
  </cheat>

  <cheat desc="无限能量">
    <script state="on">
      <action>temp0 =maincpu.rb@C0CD</action>
    </script>
    <script state="run">
      <action condition="(maincpu.rb@C0CD==C6)">maincpu.rb@C0CD=A5</action>
    </script>
    <script state="off">
      <action>maincpu.rb@C0CD=temp0 </action>
    </script>
  </cheat>

  <cheat desc="角色无敌"> <comment>You can still die if you fall OFF the screen</comment>
    <script state="on">
      <action>temp0 =maincpu.rb@C05A</action>
    </script>
    <script state="run">
      <action condition="(maincpu.rb@C05A==A4)">maincpu.rb@C05A=60</action>
    </script>
    <script state="off">
      <action>maincpu.rb@C05A=temp0 </action>
    </script>
  </cheat>

  <cheat desc="击中任何地方">
    <script state="on">
      <action>temp0 =maincpu.rb@C146</action>
      <action>temp1 =maincpu.rb@C14F</action>
      <action>temp2 =maincpu.rb@C152</action>
    </script>
    <script state="run">
      <action condition="(maincpu.rb@C146==DC)">maincpu.rb@C146=00</action>
      <action condition="(maincpu.rb@C14F==07)">maincpu.rb@C14F=00</action>
      <action condition="(maincpu.rb@C152==99)">maincpu.rb@C152=B9</action>
    </script>
    <script state="off">
      <action>maincpu.rb@C146=temp0 </action>
      <action>maincpu.rb@C14F=temp1 </action>
      <action>maincpu.rb@C152=temp2 </action>
    </script>
  </cheat>

  <cheat desc="Keep weapons">
    <script state="on">
      <action>temp0 =maincpu.rb@8128</action>
    </script>
    <script state="run">
      <action condition="(maincpu.rb@8128==85)">maincpu.rb@8128=24</action>
    </script>
    <script state="off">
      <action>maincpu.rb@8128=temp0 </action>
    </script>
  </cheat>

  <cheat desc="Auto Collect Fruits">
    <script state="on">
      <action>temp0 =maincpu.rb@8B39</action>
    </script>
    <script state="run">
      <action condition="(maincpu.rb@8B39==B0)">maincpu.rb@8B39=D0</action>
    </script>
    <script state="off">
      <action>maincpu.rb@8B39=temp0 </action>
    </script>
  </cheat>

  <cheat desc="击中任何地方">
    <script state="on">
      <action>temp0 =maincpu.rb@C146</action>
      <action>temp1 =maincpu.rb@C14F</action>
      <action>temp2 =maincpu.rb@C152</action>
    </script>
    <script state="run">
      <action condition="(maincpu.rb@C146==DC)">maincpu.rb@C146=00</action>
      <action condition="(maincpu.rb@C14F==07)">maincpu.rb@C14F=00</action>
      <action condition="(maincpu.rb@C152==99)">maincpu.rb@C152=B9</action>
    </script>
    <script state="off">
      <action>maincpu.rb@C146=temp0 </action>
      <action>maincpu.rb@C14F=temp1 </action>
      <action>maincpu.rb@C152=temp2 </action>
    </script>
  </cheat>

  <cheat desc="Can Mega Jump while at rest">
    <script state="on">
      <action>temp0 =maincpu.rb@850D</action>
    </script>
    <script state="run">
      <action condition="(maincpu.rb@850D==C0)">maincpu.rb@850D=95</action>
    </script>
    <script state="off">
      <action>maincpu.rb@850D=temp0 </action>
    </script>
  </cheat>

  <cheat desc="Can Mega Jump while running">
    <script state="on">
      <action>temp0 =maincpu.rb@850E</action>
    </script>
    <script state="run">
      <action condition="(maincpu.rb@850E==A9)">maincpu.rb@850E=95</action>
    </script>
    <script state="off">
      <action>maincpu.rb@850E=temp0 </action>
    </script>
  </cheat>

  <cheat desc="Multi-mega-maxi-moon jumps">
    <script state="on">
      <action>temp0 =maincpu.rb@8507</action>
      <action>temp1 =maincpu.rb@84EA</action>
    </script>
    <script state="run">
      <action condition="(maincpu.rb@8507==01)">maincpu.rb@8507=00</action>
      <action condition="(maincpu.rb@84EA==21)">maincpu.rb@84EA=00</action>
    </script>
    <script state="off">
      <action>maincpu.rb@8507=temp0 </action>
      <action>maincpu.rb@84EA=temp1 </action>
    </script>
  </cheat>

  <cheat desc="Hudson can moonwalk">
    <script state="on">
      <action>temp0 =maincpu.rb@85C1</action>
      <action>temp1 =maincpu.rb@858A</action>
    </script>
    <script state="run">
      <action condition="(maincpu.rb@85C1==01)">maincpu.rb@85C1=00</action>
      <action condition="(maincpu.rb@858A==00)">maincpu.rb@858A=01</action>
    </script>
    <script state="off">
      <action>maincpu.rb@85C1=temp0 </action>
      <action>maincpu.rb@858A=temp1 </action>
    </script>
  </cheat>

  <cheat desc="Multi-jump">
    <script state="on">
      <action>temp0 =maincpu.rb@84E4</action>
      <action>temp1 =maincpu.rb@84E9</action>
    </script>
    <script state="run">
      <action condition="(maincpu.rb@84E4==D0)">maincpu.rb@84E4=24</action>
      <action condition="(maincpu.rb@84E9==D0)">maincpu.rb@84E9=24</action>
    </script>
    <script state="off">
      <action>maincpu.rb@84E4=temp0 </action>
      <action>maincpu.rb@84E9=temp1 </action>
    </script>
  </cheat>

  <cheat desc="Skateboard doesn't automatically move forward">
    <script state="on">
      <action>temp0 =maincpu.rb@8555</action>
    </script>
    <script state="run">
      <action condition="(maincpu.rb@8555==D0)">maincpu.rb@8555=30</action>
    </script>
    <script state="off">
      <action>maincpu.rb@8555=temp0 </action>
    </script>
  </cheat>

  <cheat desc="Collectable items never disappear">
    <script state="on">
      <action>temp0 =maincpu.rb@8B40</action>
    </script>
    <script state="run">
      <action condition="(maincpu.rb@8B40==DE)">maincpu.rb@8B40=60</action>
    </script>
    <script state="off">
      <action>maincpu.rb@8B40=temp0 </action>
    </script>
  </cheat>

</mamecheat>
<!-- Cheat file downloaded from http://www.mamecheat.co.uk, see cheat.txt for list of contributors. -->
