<mamecheat version="1">

  <cheat desc="角色无敌">
    <script state="on">
      <action>temp0 =maincpu.rb@ACEC</action>
    </script>
    <script state="run">
      <action condition="(maincpu.rb@ACEC==01)">maincpu.rb@ACEC=00</action>
    </script>
    <script state="off">
      <action>maincpu.rb@ACEC=temp0 </action>
    </script>
  </cheat>

  <cheat desc="无限能量">
    <script state="on">
      <action>temp0 =maincpu.rb@FD91</action>
    </script>
    <script state="run">
      <action condition="(maincpu.rb@FD91==CE)">maincpu.rb@FD91=AD</action>
    </script>
    <script state="off">
      <action>maincpu.rb@FD91=temp0 </action>
    </script>
  </cheat>

  <cheat desc="无限生命力">
    <script state="on">
      <action>temp0 =maincpu.rb@FD91</action>
    </script>
    <script state="run">
      <action condition="(maincpu.rb@FD91==CE)">maincpu.rb@FD91=CD</action>
    </script>
    <script state="off">
      <action>maincpu.rb@FD91=temp0 </action>
    </script>
  </cheat>

  <cheat desc="无限生命">
    <script state="on">
      <action>temp0 =maincpu.rb@B5F5</action>
    </script>
    <script state="run">
      <action condition="(maincpu.rb@B5F5==8D)">maincpu.rb@B5F5=AD</action>
    </script>
    <script state="off">
      <action>maincpu.rb@B5F5=temp0 </action>
    </script>
  </cheat>

  <cheat desc="击中任何地方">
    <script state="on">
      <action>temp0 =maincpu.rb@AB04</action>
      <action>temp1 =maincpu.rb@ADDC</action>
      <action>temp2 =maincpu.rb@AD8F</action>
      <action>temp3 =maincpu.rb@AE8D</action>
    </script>
    <script state="run">
      <action condition="(maincpu.rb@AB04==03)">maincpu.rb@AB04=00</action>
      <action condition="(maincpu.rb@ADDC==B9)">maincpu.rb@ADDC=60</action>
      <action condition="(maincpu.rb@AD8F==99)">maincpu.rb@AD8F=B9</action>
      <action condition="(maincpu.rb@AE8D==99)">maincpu.rb@AE8D=B9</action>
    </script>
    <script state="off">
      <action>maincpu.rb@AB04=temp0 </action>
      <action>maincpu.rb@ADDC=temp1 </action>
      <action>maincpu.rb@AD8F=temp2 </action>
      <action>maincpu.rb@AE8D=temp3 </action>
    </script>
  </cheat>

  <cheat desc="Hold jump to float">
    <script state="on">
      <action>temp0 =maincpu.rb@A05A</action>
    </script>
    <script state="run">
      <action condition="(maincpu.rb@A05A==D0)">maincpu.rb@A05A=F0</action>
    </script>
    <script state="off">
      <action>maincpu.rb@A05A=temp0 </action>
    </script>
  </cheat>

  <cheat desc="Don't die when hitting spikes">
    <script state="on">
      <action>temp0 =maincpu.rb@AEB7</action>
    </script>
    <script state="run">
      <action condition="(maincpu.rb@AEB7==01)">maincpu.rb@AEB7=00</action>
    </script>
    <script state="off">
      <action>maincpu.rb@AEB7=temp0 </action>
    </script>
  </cheat>

  <cheat desc="Don't lose pet when hitting spikes">
    <script state="on">
      <action>temp0 =maincpu.rb@AF45</action>
    </script>
    <script state="run">
      <action condition="(maincpu.rb@AF45==E6)">maincpu.rb@AF45=85</action>
    </script>
    <script state="off">
      <action>maincpu.rb@AF45=temp0 </action>
    </script>
  </cheat>

  <cheat desc="Mega Jumping Master Higgins">
    <script state="on">
      <action>temp0 =maincpu.rb@AA80</action>
    </script>
    <script state="run">
      <action condition="(maincpu.rb@AA80==7B)">maincpu.rb@AA80=BD</action>
    </script>
    <script state="off">
      <action>maincpu.rb@AA80=temp0 </action>
    </script>
  </cheat>

  <cheat desc="Gain 99 lives after gaining 100 fruit">
    <script state="on">
      <action>temp0 =maincpu.rb@A64C</action>
    </script>
    <script state="run">
      <action condition="(maincpu.rb@A64C==02)">maincpu.rb@A64C=00</action>
    </script>
    <script state="off">
      <action>maincpu.rb@A64C=temp0 </action>
    </script>
  </cheat>

  <cheat desc="Keep items after dying - after 1st stage">
    <script state="on">
      <action>temp0 =maincpu.rb@B1BC</action>
    </script>
    <script state="run">
      <action condition="(maincpu.rb@B1BC==9D)">maincpu.rb@B1BC=2C</action>
    </script>
    <script state="off">
      <action>maincpu.rb@B1BC=temp0 </action>
    </script>
  </cheat>

  <cheat desc="Start a new game to view ending">
    <script state="on">
      <action>temp0 =maincpu.rb@A507</action>
      <action>temp1 =maincpu.rb@A503</action>
    </script>
    <script state="run">
      <action condition="(maincpu.rb@A507==04)">maincpu.rb@A507=00</action>
      <action condition="(maincpu.rb@A503==0A)">maincpu.rb@A503=03</action>
    </script>
    <script state="off">
      <action>maincpu.rb@A507=temp0 </action>
      <action>maincpu.rb@A503=temp1 </action>
    </script>
  </cheat>

  <cheat desc="Start with 2 Red Taylors">
    <script state="on">
      <action>temp0 =maincpu.rb@A062</action>
    </script>
    <script state="run">
      <action condition="(maincpu.rb@A062==8D)">maincpu.rb@A062=EE</action>
    </script>
    <script state="off">
      <action>maincpu.rb@A062=temp0 </action>
    </script>
  </cheat>

  <cheat desc="Start with 2 Blue Taylors">
    <script state="on">
      <action>temp0 =maincpu.rb@A065</action>
    </script>
    <script state="run">
      <action condition="(maincpu.rb@A065==8D)">maincpu.rb@A065=EE</action>
    </script>
    <script state="off">
      <action>maincpu.rb@A065=temp0 </action>
    </script>
  </cheat>

  <cheat desc="Start with 2 Classies">
    <script state="on">
      <action>temp0 =maincpu.rb@A068</action>
    </script>
    <script state="run">
      <action condition="(maincpu.rb@A068==8D)">maincpu.rb@A068=EE</action>
    </script>
    <script state="off">
      <action>maincpu.rb@A068=temp0 </action>
    </script>
  </cheat>

  <cheat desc="Start with 2 Don-Dons">
    <script state="on">
      <action>temp0 =maincpu.rb@A06B</action>
    </script>
    <script state="run">
      <action condition="(maincpu.rb@A06B==8D)">maincpu.rb@A06B=EE</action>
    </script>
    <script state="off">
      <action>maincpu.rb@A06B=temp0 </action>
    </script>
  </cheat>

  <cheat desc="Start with 2 Poleys">
    <script state="on">
      <action>temp0 =maincpu.rb@A06E</action>
    </script>
    <script state="run">
      <action condition="(maincpu.rb@A06E==8D)">maincpu.rb@A06E=EE</action>
    </script>
    <script state="off">
      <action>maincpu.rb@A06E=temp0 </action>
    </script>
  </cheat>

  <cheat desc="Start with 2 Boomerangs">
    <script state="on">
      <action>temp0 =maincpu.rb@A071</action>
    </script>
    <script state="run">
      <action condition="(maincpu.rb@A071==8D)">maincpu.rb@A071=EE</action>
    </script>
    <script state="off">
      <action>maincpu.rb@A071=temp0 </action>
    </script>
  </cheat>

  <cheat desc="Start with 2 Axes">
    <script state="on">
      <action>temp0 =maincpu.rb@A074</action>
    </script>
    <script state="run">
      <action condition="(maincpu.rb@A074==8D)">maincpu.rb@A074=EE</action>
    </script>
    <script state="off">
      <action>maincpu.rb@A074=temp0 </action>
    </script>
  </cheat>

  <cheat desc="Start with 2 invincibility crystals">
    <script state="on">
      <action>temp0 =maincpu.rb@A077</action>
    </script>
    <script state="run">
      <action condition="(maincpu.rb@A077==8D)">maincpu.rb@A077=EE</action>
    </script>
    <script state="off">
      <action>maincpu.rb@A077=temp0 </action>
    </script>
  </cheat>

</mamecheat>
<!-- Cheat file downloaded from http://www.mamecheat.co.uk, see cheat.txt for list of contributors. -->
