<mamecheat version="1">

  <cheat desc="角色无敌">
    <script state="on">
      <action>temp0 =maincpu.rb@A20F</action>
    </script>
    <script state="run">
      <action condition="(maincpu.rb@A20F==F0)">maincpu.rb@A20F=D0</action>
    </script>
    <script state="off">
      <action>maincpu.rb@A20F=temp0 </action>
    </script>
  </cheat>

  <cheat desc="无限能量">
    <script state="on">
      <action>temp0 =maincpu.rb@C2C7</action>
    </script>
    <script state="run">
      <action condition="(maincpu.rb@C2C7==85)">maincpu.rb@C2C7=A5</action>
    </script>
    <script state="off">
      <action>maincpu.rb@C2C7=temp0 </action>
    </script>
  </cheat>

</mamecheat>
<!-- Cheat file downloaded from http://www.mamecheat.co.uk, see cheat.txt for list of contributors. -->
