<mamecheat version="1">

  <cheat desc="无限生命">
    <script state="on">
      <action>temp0 =maincpu.rb@BCF1</action>
    </script>
    <script state="run">
      <action condition="(maincpu.rb@BCF1==CE)">maincpu.rb@BCF1=AD</action>
    </script>
    <script state="off">
      <action>maincpu.rb@BCF1=temp0 </action>
    </script>
  </cheat>

  <cheat desc="无限能量">
    <script state="on">
      <action>temp0 =maincpu.rb@D034</action>
    </script>
    <script state="run">
      <action condition="(maincpu.rb@D034==CE)">maincpu.rb@D034=AD</action>
    </script>
    <script state="off">
      <action>maincpu.rb@D034=temp0 </action>
    </script>
  </cheat>

  <cheat desc="Infinite Energy against hitting objects">
    <script state="on">
      <action>temp0 =maincpu.rb@DF48</action>
    </script>
    <script state="run">
      <action condition="(maincpu.rb@DF48==02)">maincpu.rb@DF48=00</action>
    </script>
    <script state="off">
      <action>maincpu.rb@DF48=temp0 </action>
    </script>
  </cheat>

  <cheat desc="角色无敌">
    <script state="on">
      <action>temp0 =maincpu.rb@DDE4</action>
    </script>
    <script state="run">
      <action condition="(maincpu.rb@DDE4==4C)">maincpu.rb@DDE4=AD</action> <!-- Pugsy -->
    </script>
    <script state="off">
      <action>maincpu.rb@DDE4=temp0 </action>
    </script>
  </cheat>

  <cheat desc="Infinite Axes">
    <script state="on">
      <action>temp0 =maincpu.rb@AA6B</action>
    </script>
    <script state="run">
      <action>maincpu.rb@AA6B=51</action>
    </script>
    <script state="off">
      <action>maincpu.rb@AA6B=temp0 </action>
    </script>
  </cheat>

  <cheat desc="Infinite Axes plus get an extra Red Camptosaurus">
    <script state="on">
      <action>temp0 =maincpu.rb@BAB0</action>
    </script>
    <script state="run">
      <action>maincpu.rb@BAB0=BF</action>
    </script>
    <script state="off">
      <action>maincpu.rb@BAB0=temp0 </action>
    </script>
  </cheat>

  <cheat desc="击中任何地方">
    <script state="on">
      <action>temp0 =maincpu.rb@DDC0</action>
      <action>temp1 =maincpu.rb@DE04</action>
      <action>temp2 =maincpu.rb@DE21</action>
      <action>temp3 =maincpu.rb@DE85</action>
      <action>temp4 =maincpu.rb@DDBD</action>
      <action>temp5 =maincpu.rb@DDBF</action>
      <action>temp6 =maincpu.rb@DDBE</action>
    </script>
    <script state="run">
      <action condition="(maincpu.rb@DDC0==B0)">maincpu.rb@DDC0=D0</action>
      <action condition="(maincpu.rb@DE04==99)">maincpu.rb@DE04=B9</action>
      <action condition="(maincpu.rb@DE21==99)">maincpu.rb@DE21=B9</action>
      <action condition="(maincpu.rb@DE85==99)">maincpu.rb@DE85=B9</action>
      <action condition="(maincpu.rb@DDBD==20)">maincpu.rb@DDBD=AD</action>
      <action condition="(maincpu.rb@DDBF==FF)">maincpu.rb@DDBF=06</action>
      <action condition="(maincpu.rb@DDBE==C3)">maincpu.rb@DDBE=02</action>
    </script>
    <script state="off">
      <action>maincpu.rb@DDC0=temp0 </action>
      <action>maincpu.rb@DE04=temp1 </action>
      <action>maincpu.rb@DE21=temp2 </action>
      <action>maincpu.rb@DE85=temp3 </action>
      <action>maincpu.rb@DDBD=temp4 </action>
      <action>maincpu.rb@DDBF=temp5 </action>
      <action>maincpu.rb@DDBE=temp6 </action>
    </script>
  </cheat>

  <cheat desc="Get fruits from anywhere">
    <script state="on">
      <action>temp0 =maincpu.rb@A74D</action>
    </script>
    <script state="run">
      <action condition="(maincpu.rb@A74D==4D)">maincpu.rb@A74D=00</action>
    </script>
    <script state="off">
      <action>maincpu.rb@A74D=temp0 </action>
    </script>
  </cheat>

  <cheat desc="Never lose Dinosaur">
    <script state="on">
      <action>temp0 =maincpu.rb@BCA0</action>
      <action>temp1 =maincpu.rb@DF08</action>
      <action>temp2 =maincpu.rb@DF6E</action>
    </script>
    <script state="run">
      <action condition="(maincpu.rb@BCA0==85)">maincpu.rb@BCA0=A5</action>
      <action condition="(maincpu.rb@DF08==85)">maincpu.rb@DF08=A5</action>
      <action condition="(maincpu.rb@DF6E==85)">maincpu.rb@DF6E=A5</action>
    </script>
    <script state="off">
      <action>maincpu.rb@BCA0=temp0 </action>
      <action>maincpu.rb@DF08=temp1 </action>
      <action>maincpu.rb@DF6E=temp2 </action>
    </script>
  </cheat>

  <cheat desc="Multi-jump (hold jump to float)">
    <script state="on">
      <action>temp0 =maincpu.rb@B19A</action>
      <action>temp1 =maincpu.rb@B1A1</action>
    </script>
    <script state="run">
      <action condition="(maincpu.rb@B19A==5F)">maincpu.rb@B19A=9C</action>
      <action condition="(maincpu.rb@B1A1==5F)">maincpu.rb@B1A1=A3</action>
    </script>
    <script state="off">
      <action>maincpu.rb@B19A=temp0 </action>
      <action>maincpu.rb@B1A1=temp1 </action>
    </script>
  </cheat>

  <cheat desc="Hold jump to float">
    <script state="on">
      <action>temp0 =maincpu.rb@B2AD</action>
    </script>
    <script state="run">
      <action condition="(maincpu.rb@B2AD==02)">maincpu.rb@B2AD=FE</action>
    </script>
    <script state="off">
      <action>maincpu.rb@B2AD=temp0 </action>
    </script>
  </cheat>

  <cheat desc="Reversible skateboard">
    <script state="on">
      <action>temp0 =maincpu.rb@A1F6</action>
    </script>
    <script state="run">
      <action condition="(maincpu.rb@A1F6==20)">maincpu.rb@A1F6=00</action>
    </script>
    <script state="off">
      <action>maincpu.rb@A1F6=temp0 </action>
    </script>
  </cheat>

  <cheat desc="Faster running">
    <script state="on">
      <action>temp0 =maincpu.rb@A048</action>
    </script>
    <script state="run">
      <action condition="(maincpu.rb@A048==20)">maincpu.rb@A048=30</action>
    </script>
    <script state="off">
      <action>maincpu.rb@A048=temp0 </action>
    </script>
  </cheat>

  <cheat desc="Higher jump">
    <script state="on">
      <action>temp0 =maincpu.rb@B1D8</action>
      <action>temp1 =maincpu.rb@B4AB</action>
    </script>
    <script state="run">
      <action condition="(maincpu.rb@B1D8==BD)">maincpu.rb@B1D8=AD</action>
      <action condition="(maincpu.rb@B4AB==01)">maincpu.rb@B4AB=04</action>
    </script>
    <script state="off">
      <action>maincpu.rb@B1D8=temp0 </action>
      <action>maincpu.rb@B4AB=temp1 </action>
    </script>
  </cheat>

</mamecheat>
<!-- Cheat file downloaded from http://www.mamecheat.co.uk, see cheat.txt for list of contributors. -->
