<mamecheat version="1">

  <cheat desc="无限投币">
    <script state="run">
      <action>maincpu.pd@FF8B94=00090009</action> <!-- Second word is for player 2 when 'Coin Slot' Dip Switch set to 'Individual' -->
    </script>
  </cheat>

  <cheat desc=" "/>
  <cheat desc="非活动玩家不能启动作弊码"/>
  <cheat desc="否则你将无法完成任何关卡"/>
  <cheat desc=" "/>

  <cheat desc="无限生命 PL1">
    <script state="run">
      <action>maincpu.pb@FF60DD=0A</action>
    </script>
  </cheat>

  <cheat desc="角色无敌 PL1"> <comment>在开始一下关前关闭作弊码</comment>
    <script state="run">
      <action>maincpu.pb@FF06C0=10|(maincpu.pb@FF06C0 BAND ~10)</action>
    </script>
  </cheat>

  <cheat desc="无限制炸弹 PL1">
    <script state="run">
      <action>maincpu.pb@FF60DF=06</action>
    </script>
  </cheat>

  <cheat desc="选择火力 PL1">
    <parameter>
      <item value="0x03">最大武器火力 PL1</item>
      <item value="0x07">强大火力 PL1</item>
    </parameter>
    <script state="run">
      <action>maincpu.pb@FF60E1=param</action>
    </script>
  </cheat>

  <cheat desc="快速攻击 PL1">
    <script state="run">
      <action>maincpu.pb@FF60EF=00</action>
    </script>
  </cheat>

  <cheat desc="密集火力 PL1">
    <script state="run">
      <action>maincpu.pw@FF60ED=0000</action>
    </script>
  </cheat>

  <cheat desc=" "/>

  <cheat desc="无限生命 PL2">
    <script state="run">
      <action>maincpu.pb@FF61DD=0A</action>
    </script>
  </cheat>

  <cheat desc="角色无敌 PL2"> <comment>在开始一下关前关闭作弊码</comment>
    <script state="run">
      <action>maincpu.pb@FF0720=10|(maincpu.pb@FF0720 BAND ~10)</action>
    </script>
  </cheat>

  <cheat desc="无限制炸弹 PL2">
    <script state="run">
      <action>maincpu.pb@FF61DF=06</action>
    </script>
  </cheat>

  <cheat desc="选择火力 PL2">
    <parameter>
      <item value="0x03">最大武器火力 PL2</item>
      <item value="0x07">强大火力 PL2</item>
    </parameter>
    <script state="run">
      <action>maincpu.pb@FF61E1=param</action>
    </script>
  </cheat>

  <cheat desc="快速攻击 PL2">
    <script state="run">
      <action>maincpu.pb@FF61EF=00</action>
    </script>
  </cheat>

  <cheat desc="密集火力 PL2">
    <script state="run">
      <action>maincpu.pw@FF61ED=0000</action>
    </script>
  </cheat>

</mamecheat>
<!-- Cheat file downloaded from http://www.mamecheat.co.uk, see cheat.txt for list of contributors. -->
