<mamecheat version="1">

  <cheat desc="无限投币">
    <script state="run">
      <action>maincpu.pb@FFE067=09</action>
    </script>
  </cheat>

  <cheat desc="角色无敌">
    <script state="on">
      <action>temp0 =maincpu.mb@009365</action>
      <action>temp1 =maincpu.mb@00A22B</action>
      <action>temp2 =maincpu.mw@025DE8</action>
      <action>temp3 =maincpu.md@02712C</action>
      <action>temp4 =maincpu.md@0000A0</action>
      <action>temp5 =maincpu.mw@0000A4</action>
      <action>temp6 =maincpu.md@0000A6</action>
      <action>temp7 =maincpu.md@0000AA</action>
      <action>temp8 =maincpu.md@0000AE</action>
    </script>
    <script state="run">
      <action>maincpu.mb@009365=D4</action>
      <action>maincpu.mb@00A22B=D4</action> <!-- 1st = Scenery (1P), 2nd = Scenery (2P) -->
      <action>maincpu.mw@025DE8=4E75</action> <!-- Fire -->
      <action>maincpu.md@02712C=000000A0</action> <!-- 4th-9th = Enemy -->
      <action>maincpu.md@0000A0=0C110002</action> <!-- [ 2712C - jsr $a0.l ] -->
      <action>maincpu.mw@0000A4=6308</action> <!-- [ A0 - cmpi.b #$2,(A1) / A4 - bls $ae] -->
      <action>maincpu.md@0000A6=4EB90002</action> <!-- [ A6 - jsr $272ae.l ] -->
      <action>maincpu.md@0000AA=72AE4E75</action> <!-- [ AC - rts ] -->
      <action>maincpu.md@0000AE=42804E75</action> <!-- [ AE - clr.l D0 / B0 - rts ] -->
    </script>
    <script state="off">
      <action>maincpu.mb@009365=temp0 </action>
      <action>maincpu.mb@00A22B=temp1 </action>
      <action>maincpu.mw@025DE8=temp2 </action>
      <action>maincpu.md@02712C=temp3 </action>
      <action>maincpu.md@0000A0=temp4 </action>
      <action>maincpu.mw@0000A4=temp5 </action>
      <action>maincpu.md@0000A6=temp6 </action>
      <action>maincpu.md@0000AA=temp7 </action>
      <action>maincpu.md@0000AE=temp8 </action>
    </script>
  </cheat>

  <cheat desc="P1 无限生命">
    <script state="run">
      <action>maincpu.pb@FFC016=0A</action>
    </script>
  </cheat>

  <cheat desc="P1 总是有最大射击火力">
    <script state="run">
      <action>maincpu.pb@FFC005=09</action>
    </script>
  </cheat>

  <cheat desc="P2 无限生命">
    <script state="run">
      <action>maincpu.pb@FFC216=0A</action>
    </script>
  </cheat>

  <cheat desc="P2 总是有最大射击火力">
    <script state="run">
      <action>maincpu.pb@FFC205=09</action>
    </script>
  </cheat>

</mamecheat>
<!-- Cheat file downloaded from http://www.mamecheat.co.uk, see cheat.txt for list of contributors. -->
