<mamecheat version="1">

  <cheat desc="无限时间">
    <script state="run">
      <action>maincpu.pw@FF00D0=9959</action>
    </script>
  </cheat>

  <cheat desc="无限生命">
    <script state="run">
      <action>maincpu.pb@FF0115=94</action>
    </script>
  </cheat>

  <cheat desc="无限能量">
    <script state="run">
      <action>maincpu.pb@FF00DD=90</action>
    </script>
  </cheat>

</mamecheat>
<!-- Cheat file downloaded from http://www.mamecheat.co.uk, see cheat.txt for list of contributors. -->
