<mamecheat version="1">

  <cheat desc="无限生命">
    <script state="run">
      <action>maincpu.pb@FF0047=99</action>
    </script>
  </cheat>

  <cheat desc="无限能量">
    <script state="run">
      <action>maincpu.pb@FF0201=05</action>
    </script>
  </cheat>

  <cheat desc="角色无敌">
    <script state="run">
      <action>maincpu.pb@FF0369=02</action>
    </script>
  </cheat>

  <cheat desc="无限弹药">
    <script state="run">
      <action>maincpu.pb@FF0049=99</action>
    </script>
  </cheat>

</mamecheat>
<!-- Cheat file downloaded from http://www.mamecheat.co.uk, see cheat.txt for list of contributors. -->
