<mamecheat version="1">

  <cheat desc="无限投币">
    <script state="run">
      <action>maincpu.pb@01AC=99</action>
    </script>
  </cheat>

  <cheat desc="角色无敌"> <comment>如果是机器人模式,掉落海里你会死</comment>
    <script state="on">
      <action>temp0 =maincpu.mb@B2F8</action>
      <action>temp1 =maincpu.md@CD98</action>
      <action>temp2 =maincpu.mb@D0B2</action>
    </script>
    <script state="run">
      <action>maincpu.mb@B2F8=39</action>
      <action>maincpu.md@CD98=16018800|(maincpu.md@CD98 BAND ~FFFFFF00)</action> <!-- 1st = Object, 2nd = Scenery (Ground in the fighter mode) -->
      <action>maincpu.mb@D0B2=20</action> <!-- 3rd = Scenery (Sea in the fighter mode) -->
    </script>
    <script state="off">
      <action>maincpu.mb@B2F8=temp0 </action>
      <action>maincpu.md@CD98=temp1 </action>
      <action>maincpu.mb@D0B2=temp2 </action>
    </script>
  </cheat>

 <cheat desc="快速攻击 - 榴弹射击">
    <script state="run">
      <action condition="(maincpu.pb@003A == 02)">maincpu.pb@003A=29</action>
    </script>
  </cheat>

  <cheat desc=" "/>

  <cheat desc="无限生命 PL1">
    <script state="run">
      <action>maincpu.pb@0224=05</action>
    </script>
  </cheat>

  <cheat desc="无限生命 PL2">
    <script state="run">
      <action>maincpu.pb@0225=05</action>
    </script>
  </cheat>

</mamecheat>
<!-- Cheat file downloaded from http://www.mamecheat.co.uk, see cheat.txt for list of contributors. -->