<mamecheat version="1">

  <cheat desc="无限投币">
    <script state="run">
      <action>maincpu.pb@000AF5C0=63</action>
    </script>
  </cheat>

  <cheat desc="选择开始关卡"> <comment>在角色选择屏幕上开启</comment>
    <parameter min="1" max="7" step="1"/>
    <script state="on">
      <action>maincpu.pb@000AF414=FF</action>
    </script>
    <script state="change">
      <action>maincpu.pb@000AF414=(param-1)</action>
    </script>
  </cheat>

  <cheat desc="选择开始场景"> <comment>在角色选择屏幕上开启</comment>
    <parameter>
      <item value="0x00">京都</item>
      <item value="0x01">马托格罗索</item>
      <item value="0x02">巴黎</item>
      <item value="0x03">阿尔卑斯山</item>
      <item value="0x04">乌拉尔山脉</item>
      <item value="0x05">纽约州</item>
      <item value="0x06">爱琴海</item>
      <item value="0x07">巴拿马运河</item>
      <item value="0x08">红场</item>
      <item value="0x09">Another Dimention</item>
      <item value="0x0A">Fight in Orbit</item>
      <item value="0x0B">火星</item>
    </parameter>
    <script state="on">
      <action>maincpu.pb@000AF644=FF</action>
      <action>maincpu.pb@000AF644=FF</action>
      <action>maincpu.pb@000AF644=FF</action>
      <action>maincpu.pb@000AF644=FF</action>
      <action>maincpu.pb@000AF644=FF</action>
      <action>maincpu.pb@000AF644=FF</action>
      <action>maincpu.pb@000AF644=FF</action>
      <action>maincpu.pb@000AF644=FF</action>
      <action>maincpu.pb@000AF644=FF</action>
      <action>maincpu.pb@000AF644=FF</action>
      <action>maincpu.pb@000AF644=FF</action>
      <action>maincpu.pb@000AF644=FF</action>
    </script>
    <script state="change">
      <action>maincpu.pb@000AF644=param</action>
    </script>
  </cheat>

  <cheat desc="击中任何地方">
    <script state="run">
      <action>maincpu.pd@00044C5C=00000005</action> <!-- This Program Code cheat was made by nolberto82 -->
    </script>
  </cheat>

  <cheat desc=" "/>

  <cheat desc="无限生命 PL1">
    <script state="run">
      <action>maincpu.pb@1F80003C=05</action>
    </script>
  </cheat>

  <cheat desc="无限炸弹 PL1">
    <script state="run">
      <action>maincpu.pw@1F800061=0606</action>
    </script>
  </cheat>

  <cheat desc="角色无敌 PL1"> <comment>在测试模式下的调试菜单，开启可替代无敌作弊码</comment>
    <script state="run">
      <action>maincpu.pb@1F800066=01</action>
    </script>
    <script state="off">
      <action>maincpu.pb@1F800066=00</action>
    </script>
  </cheat>

  <cheat desc="总是有最大射击火力 PL1">  <!-- Maximum Shot Power, 02 for Captain Silver, Volk the 'No Dead', Angela, Kowful the Viking. 03 or Mecha-keaton, Hien, Mao-mao, T.B.A-10, Whity, Lord River N.White. 04 for Chaika+Pooshika, Ellen+Cincia -->
    <script state="run">
      <action>maincpu.pb@1F800052=(maincpu.pb@1F800051)</action>
    </script>
  </cheat>

  <cheat desc="快速攻击 PL1"> <comment>不能蓄力,在名称条目屏幕上关闭它</comment>
    <script state="run">
      <action>maincpu.pb@000F6DD6=00|(maincpu.pb@000F6DD6 BAND ~80)</action>
    </script>
  </cheat>

  <cheat desc="总是快速射击 PL1">
    <script state="on">
      <action>temp0 =maincpu.pb@1F80005C</action>
      <action>temp1 =maincpu.pb@1F800063</action>
    </script>
    <script state="run">
      <action>maincpu.pb@1F80005C=00</action>
      <action>maincpu.pb@1F800063=50</action>
    </script>
    <script state="off">
      <action>maincpu.pb@1F80005C=temp0 </action>
      <action>maincpu.pb@1F800063=temp1 </action>
    </script>
  </cheat>

  <cheat desc="总是快速 PL1">
    <script state="on">
      <action>temp0 =maincpu.pw@1F800024</action>
    </script>
    <script state="run">
      <action>maincpu.pw@1F800024=410C</action>
    </script>
    <script state="off">
      <action>maincpu.pw@1F800024=temp0 </action>
    </script>
  </cheat>

  <cheat desc=" "/>

  <cheat desc="无限生命 PL2">
    <script state="run">
      <action>maincpu.pb@1F8000A8=05</action>
    </script>
  </cheat>

  <cheat desc="无限炸弹 PL2">
    <script state="run">
      <action>maincpu.pw@1F8000CD=0606</action>
    </script>
  </cheat>

  <cheat desc="角色无敌 PL2"> <comment>在测试模式下的调试菜单，开启可替代无敌作弊码</comment>
    <script state="run">
      <action>maincpu.pb@1F8000D2=01</action>
    </script>
    <script state="off">
      <action>maincpu.pb@1F8000D2=00</action>
    </script>
  </cheat>

  <cheat desc="总是有最大射击火力 PL2">  <!-- Maximum Shot Power, 02 for Captain Silver, Volk the 'No Dead', Angela, Kowful the Viking. 03 or Mecha-keaton, Hien, Mao-mao, T.B.A-10, Whity, Lord River N.White. 04 for Chaika+Pooshika, Ellen+Cincia -->
    <script state="run">
      <action>maincpu.pb@1F8000BE=(maincpu.pb@1F8000BD)</action>
    </script>
  </cheat>

  <cheat desc="快速攻击 PL2"> <comment>不能蓄力,在名称条目屏幕上关闭它</comment>
    <script state="run">
      <action>maincpu.pb@000F6DE6=00|(maincpu.pb@000F6DE6 BAND ~80)</action>
    </script>
  </cheat>

  <cheat desc="总是快速射击 PL2">
    <script state="on">
      <action>temp0 =maincpu.pb@1F8000C8</action>
      <action>temp1 =maincpu.pb@1F8000CF</action>
    </script>
    <script state="run">
      <action>maincpu.pb@1F8000C8=00</action>
      <action>maincpu.pb@1F8000CF=50</action>
    </script>
    <script state="off">
      <action>maincpu.pb@1F8000C8=temp0 </action>
      <action>maincpu.pb@1F8000CF=temp1 </action>
    </script>
  </cheat>

  <cheat desc="总是快速 PL2">
    <script state="on">
      <action>temp0 =maincpu.pw@1F800090</action>
    </script>
    <script state="run">
      <action>maincpu.pw@1F800090=410C</action>
    </script>
    <script state="off">
      <action>maincpu.pw@1F800090=temp0 </action>
    </script>
  </cheat>

</mamecheat>
<!-- Cheat file downloaded from http://www.mamecheat.co.uk, see cheat.txt for list of contributors. -->
