<mamecheat version="1">

  <cheat desc="无限投币">
    <script state="run">
      <action>maincpu.pb@C70000=09</action>
    </script>
  </cheat>

  <cheat desc="无限燃料">
    <script state="run">
      <action>maincpu.pw@C71034=0880</action>
    </script>
  </cheat>

  <cheat desc="角色无敌">
    <script state="run">
      <action>maincpu.pb@FFC200=00|(maincpu.pb@FFC200 BAND ~80)</action>
    </script>
  </cheat>

  <cheat desc="总是有最大火力（蓝色）">
    <script state="run">
      <action>maincpu.pb@C70234=01|(maincpu.pb@C70234 BAND ~01)</action>
    </script>
  </cheat>

  <cheat desc="总是有最大火力（黄色）">
    <script state="run">
      <action>maincpu.pb@C70234=02|(maincpu.pb@C70234 BAND ~02)</action>
    </script>
  </cheat>

  <cheat desc="总是有最大火力（绿色）">
    <script state="run">
      <action>maincpu.pb@C70234=04|(maincpu.pb@C70234 BAND ~04)</action>
    </script>
  </cheat>

  <cheat desc="总是有所有的地图">
    <script state="run">
      <action>maincpu.pb@C70144=FF</action>
    </script>
  </cheat>

  <cheat desc="选择速度">
    <parameter min="0" max="15" step="1"/>
    <script state="run">
      <action>maincpu.pb@C7011A=(param)</action>
    </script>
  </cheat>

  <cheat desc="快速攻击">
    <script state="run">
      <action>maincpu.pb@C701C0=00</action>
      <action>maincpu.pb@C70235=00</action>
    </script>
  </cheat>

  <cheat desc=" "/>

  <cheat desc="无限生命 PL1">
    <script state="run">
      <action>maincpu.pb@C70066=19</action>
    </script>
  </cheat>

  <cheat desc="无限生命 PL2">
    <script state="run">
      <action>maincpu.pb@C70067=19</action>
    </script>
  </cheat>

</mamecheat>
<!-- Cheat file downloaded from http://www.mamecheat.co.uk, see cheat.txt for list of contributors. -->
