<mamecheat version="1">

  <cheat desc="无限投币">
    <script state="run">
      <action>maincpu.pb@1001CD=09</action>
    </script>
  </cheat>

  <cheat desc=" "/>

  <cheat desc="无限生命 PL1">
    <script state="run">
      <action>maincpu.pb@1002ED=07</action>
    </script>
  </cheat>

  <cheat desc="无限炸弹 PL1">
    <script state="run">
      <action>maincpu.pb@100D73=05</action>
    </script>
  </cheat>

  <cheat desc="角色无敌 PL1">
    <script state="run">
      <action>maincpu.pb@100D71=01</action>
    </script>
  </cheat>

  <cheat desc="最大武器火力 PL1">
    <script state="run">
      <action>maincpu.pb@100D7C=1D</action>
    </script>
  </cheat>

  <cheat desc=" "/>

  <cheat desc="无限生命 PL2">
    <script state="run">
      <action>maincpu.pb@1002EF=07</action>
    </script>
  </cheat>

  <cheat desc="无限炸弹 PL2">
    <script state="run">
      <action>maincpu.pb@100E33=05</action>
    </script>
  </cheat>

  <cheat desc="角色无敌 PL2">
    <script state="run">
      <action>maincpu.pb@100E31=01</action>
    </script>
  </cheat>

  <cheat desc="最大武器火力 PL2">
    <script state="run">
      <action>maincpu.pb@100E3C=1D</action>
    </script>
  </cheat>

  <cheat desc=" "/>

  <cheat desc="选择区域码"> <comment>区域码设置效果有可能会有所不同,你必须启用ASAP-在ROM检测画面前开启或者启用+复位</comment>
    <parameter>
      <item value="0x00">日本</item>
      <item value="0x01">美国</item>
      <item value="0x02">欧洲</item>
      <item value="0x03">香港</item>
      <item value="0x04">台湾</item>
      <item value="0x05">韩国</item>
    </parameter>
    <script state="run">
      <action>maincpu.pb@1000DF=param</action>
    </script>
  </cheat>

</mamecheat>
<!-- Cheat file downloaded from http://www.mamecheat.co.uk, see cheat.txt for list of contributors. -->
