<mamecheat version="1">

  <cheat desc="P1 立即选择得分">
    <parameter>
      <item value="0x00">0</item>
      <item value="0x01">15</item>
      <item value="0x02">30</item>
      <item value="0x02">40</item>
    </parameter>
    <script state="change">
      <action>maincpu.pb@C42F=param</action>
    </script>
  </cheat>

  <cheat desc="P1 得分总是 = 0">
    <script state="run">
      <action>maincpu.pb@C42F=00</action>
    </script>
  </cheat>

  <cheat desc="P2 立即选择得分">
    <parameter>
      <item value="0x00">0</item>
      <item value="0x01">15</item>
      <item value="0x02">30</item>
      <item value="0x02">40</item>
    </parameter>
    <script state="change">
      <action>maincpu.pb@C430=param</action>
    </script>
  </cheat>

  <cheat desc="P2 得分总是 = 0">
    <script state="run">
      <action>maincpu.pb@C430=00</action>
    </script>
  </cheat>

</mamecheat>
<!-- Cheat file downloaded from http://www.mamecheat.co.uk, see cheat.txt for list of contributors. -->
