<mamecheat version="1">

  <cheat desc="无限投币">
    <script state="run">
      <action>maincpu.pb@1D402F=99</action>
    </script>
  </cheat>

  <cheat desc="无限生命 PL1">
    <script state="run">
      <action>maincpu.pb@1D7003=03</action>
    </script>
  </cheat>

  <cheat desc="无限生命 PL2">
    <script state="run">
      <action>maincpu.pb@1D7005=03</action>
    </script>
  </cheat>

  <cheat desc="无限时间（仅仅对战游戏）">
    <script state="run">
      <action>maincpu.pb@1D401F=99</action>
    </script>
  </cheat>

</mamecheat>
<!-- Cheat file downloaded from http://www.mamecheat.co.uk, see cheat.txt for list of contributors. -->
