<mamecheat version="1">

  <cheat desc="无限投币">
    <script state="run">
      <action>maincpu.pb@B9003=63</action>
    </script>
  </cheat>

  <cheat desc="选择开始关卡"> <comment>投币后设置在'Push Start'屏幕上</comment>
    <parameter min="1" max="7" step="1"/>
    <script state="on">
      <action>maincpu.pb@B9021=FF</action>
    </script>
    <script state="change">
      <action>maincpu.pb@B9021=(param-1)</action>
    </script>
  </cheat>

  <cheat desc=" "/>

  <cheat desc="无限生命 PL1">
    <script state="run">
      <action>maincpu.pb@B7A29=06</action>
    </script>
  </cheat>

  <cheat desc="角色无敌 PL1">
    <script state="run">
      <action>maincpu.pb@B7A2D=02</action>
    </script>
  </cheat>

  <cheat desc="无限炸弹 PL1">
    <script state="run">
      <action>maincpu.pb@B7A2F=08</action>
    </script>
  </cheat>

  <cheat desc="总是有最大射击火力 PL1">
    <script state="run">
      <action>maincpu.pb@B7A56=00</action>
      <action>maincpu.pb@B7A7F=07</action>
    </script>
  </cheat>

  <cheat desc="选择武器 PL1">
    <parameter>
      <item value="0x00">直射</item>
      <item value="0x01">火焰</item>
      <item value="0x02">多向射击</item>
      <item value="0x03">导弹</item>
    </parameter>
    <script state="run">
      <action>maincpu.pb@B7A57=param</action>
    </script>
  </cheat>

  <cheat desc="快速攻击 PL1">
    <script state="run">
      <action>maincpu.pb@B7A1D=00</action>
      <action>maincpu.pb@B7A7B=00</action>
    </script>
  </cheat>

  <cheat desc=" "/>

  <cheat desc="无限生命 PL2">
    <script state="run">
      <action>maincpu.pb@B7B29=06</action>
    </script>
  </cheat>

  <cheat desc="角色无敌 PL2">
    <script state="run">
      <action>maincpu.pb@B7B2D=02</action>
    </script>
  </cheat>

  <cheat desc="无限炸弹 PL2">
    <script state="run">
      <action>maincpu.pb@B7B2F=08</action>
    </script>
  </cheat>

  <cheat desc="总是有最大射击火力 PL2">
    <script state="run">
      <action>maincpu.pb@B7B56=00</action>
      <action>maincpu.pb@B7B7F=07</action>
    </script>
  </cheat>

  <cheat desc="选择武器 PL2">
    <parameter>
      <item value="0x01">直射</item>
      <item value="0x02">火焰</item>
      <item value="0x03">多向射击</item>
      <item value="0x04">导弹</item>
    </parameter>
    <script state="run">
      <action condition="(param==01)">maincpu.pb@B7B57=00</action>
      <action condition="(param==02)">maincpu.pb@B7B57=01</action>
      <action condition="(param==03)">maincpu.pb@B7B57=02</action>
      <action condition="(param==04)">maincpu.pb@B7A57=03</action>
    </script>
  </cheat>

  <cheat desc="快速攻击 PL2">
    <script state="run">
      <action>maincpu.pb@B7B1D=00</action>
      <action>maincpu.pb@B7B7B=00</action>
    </script>
  </cheat>

</mamecheat>
<!-- Cheat file downloaded from http://www.mamecheat.co.uk, see cheat.txt for list of contributors. -->
