<mamecheat version="1">

  <cheat desc="Can use float at any difficulty level">
    <script state="on">
      <action>temp0 =maincpu.rb@C580</action>
    </script>
    <script state="run">
      <action condition="(maincpu.rb@C580==10)">maincpu.rb@C580=00</action>
    </script>
    <script state="off">
      <action>maincpu.rb@C580=temp0 </action>
    </script>
  </cheat>

</mamecheat>
<!-- Cheat file downloaded from http://www.mamecheat.co.uk, see cheat.txt for list of contributors. -->
