<mamecheat version="1">

  <cheat desc="无限投币">
    <script state="run">
      <action>master.pb@F000=09</action>
    </script>
  </cheat>

  <cheat desc=" "/>

  <cheat desc="无限生命 PL1">
    <script state="run">
      <action>master.pb@F007=0A</action>
    </script>
  </cheat>

  <cheat desc="角色无敌 PL1">
    <script state="run">
      <action>master.pb@C840=00</action>
    </script>
  </cheat>

  <cheat desc="最大武器火力 PL1">
    <script state="run">
      <action>master.pb@E667=09</action>
    </script>
  </cheat>

  <cheat desc="选择额外武器 PL1">
    <parameter>
      <item value="0x00">没有</item>
      <item value="0x01">侧面武器(不能工作)</item>
      <item value="0x02">向后武器</item>
      <item value="0x03">六向武器</item>
      <item value="0x04">能量球(不能工作)</item>
      <item value="0x05">B (不能工作)</item>
      <item value="0x06">R导弹</item>
      <item value="0x07">G导弹</item>
    </parameter>
    <script state="run">
      <action>master.pb@E666=param</action>
    </script>
  </cheat>

  <cheat desc=" "/>

  <cheat desc="无限生命 PL2">
    <script state="run">
      <action>master.pb@F008=0A</action>
    </script>
  </cheat>

  <cheat desc="角色无敌 PL2">
    <script state="run">
      <action>master.pb@C848=00</action>
    </script>
  </cheat>

  <cheat desc="最大武器火力 PL2">
    <script state="run">
      <action>master.pb@E67B=09</action>
    </script>
  </cheat>

  <cheat desc="选择额外武器 PL2">
    <parameter>
      <item value="0x00">没有</item>
      <item value="0x01">侧面武器(不能工作)</item>
      <item value="0x02">向后武器</item>
      <item value="0x03">六向武器</item>
      <item value="0x04">能量球(不能工作)</item>
      <item value="0x05">B (不能工作)</item>
      <item value="0x06">R导弹</item>
      <item value="0x07">G导弹</item>
    </parameter>
    <script state="run">
      <action>master.pb@E67A=param</action>
    </script>
  </cheat>

</mamecheat>
<!-- Cheat file downloaded from http://www.mamecheat.co.uk, see cheat.txt for list of contributors. -->
