<mamecheat version="1">

  <cheat desc="Infinite Right Ammo">
  <script state="run">
    <action>maincpu.pw@04FB86=270F</action>
  </script>
  </cheat>

  <cheat desc="Infinite Left Ammo">
    <script state="run">
      <action>maincpu.pw@04FB88=270F</action>
    </script>
  </cheat>

  <cheat desc="无限烟幕">
    <script state="run">
      <action>maincpu.pw@04FB92=03E6</action>
    </script>
  </cheat>

  <cheat desc="Infinite Mines">
    <script state="run">
      <action>maincpu.pw@04FB92=03E6</action>
    </script>
  </cheat>

  <cheat desc="Infinite Armour">
    <script state="run">
      <action>maincpu.pb@06FBAC=3C</action>
    </script>
  </cheat>

</mamecheat>
<!-- Cheat file downloaded from http://www.mamecheat.co.uk, see cheat.txt for list of contributors. -->
