<mamecheat version="1">

  <cheat desc="无限投币">
    <script state="run">
      <action>maincpu.pb@A3EFE=63</action>
    </script>
  </cheat>

  <cheat desc=" "/>

  <cheat desc="无限生命 PL1">
    <script state="run">
      <action>maincpu.pb@A2391=09</action>
    </script>
  </cheat>

  <cheat desc="无限炸弹 PL1">
    <script state="run">
      <action>maincpu.pb@A23A2=19</action>
    </script>
  </cheat>

  <cheat desc="角色无敌 PL1">
    <parameter>
      <item value="0x02">开启</item>
      <item value="0x00">禁用</item>
    </parameter>
    <script state="run">
      <action>maincpu.pb@A2374=param|(maincpu.pb@A2374 BAND ~02)</action>
    </script>
  </cheat>

  <cheat desc="快速攻击 - 正常 PL1"> <comment>在名称条目屏幕上关闭它</comment>
    <script state="run">
      <action>maincpu.pb@A2334=00|(maincpu.pb@A2334 BAND ~80)</action>
    </script>
  </cheat>

  <cheat desc="快速攻击 - 特殊 PL1"> <comment>在名称条目屏幕上关闭它</comment>
    <script state="run">
      <action>maincpu.pb@A2334=00|(maincpu.pb@A2334 BAND ~80)</action>
      <action>maincpu.pb@A2398=00</action>
    </script>
  </cheat>

  <cheat desc=" "/>

  <cheat desc="无限生命 PL2">
    <script state="run">
      <action>maincpu.pb@A23E5=09</action>
    </script>
  </cheat>

  <cheat desc="无限炸弹 PL2">
    <script state="run">
      <action>maincpu.pb@A23F6=19</action>
    </script>
  </cheat>

  <cheat desc="角色无敌 PL2">
    <parameter>
      <item value="0x02">开启</item>
      <item value="0x00">禁用</item>
    </parameter>
    <script state="run">
      <action>maincpu.pb@A23C8=param|(maincpu.pb@A23C8 BAND ~02)</action>
    </script>
  </cheat>

  <cheat desc="快速攻击 - 正常 PL2"> <comment>在名称条目屏幕上关闭它</comment>
    <script state="run">
      <action>maincpu.pb@A2335=00|(maincpu.pb@A2335 BAND ~80)</action>
    </script>
  </cheat>

  <cheat desc="快速攻击 - 特殊 PL2"> <comment>在名称条目屏幕上关闭它</comment>
    <script state="run">
      <action>maincpu.pb@A2335=00|(maincpu.pb@A2335 BAND ~80)</action>
      <action>maincpu.pb@A23EC=00</action>
    </script>
  </cheat>

</mamecheat>
<!-- Cheat file downloaded from http://www.mamecheat.co.uk, see cheat.txt for list of contributors. -->
