<mamecheat version="1">

  <cheat desc="无限能量">
    <script state="on">
      <action>temp0 =maincpu.rb@CDCF</action>
      <action>temp1 =maincpu.rb@CE01</action>
    </script>
    <script state="run">
      <action condition="(maincpu.rb@CDCF==8D)">maincpu.rb@CDCF=AD</action>
      <action condition="(maincpu.rb@CE01==8D)">maincpu.rb@CE01=AD</action>
    </script>
    <script state="off">
      <action>maincpu.rb@CDCF=temp0 </action>
      <action>maincpu.rb@CE01=temp1 </action>
    </script>
  </cheat>

  <cheat desc="角色无敌">
    <script state="on">
      <action>temp0 =maincpu.rb@A7D8</action>
      <action>temp1 =maincpu.rb@A7DD</action>
    </script>
    <script state="run">
      <action condition="(maincpu.rb@A7D8==F0)">maincpu.rb@A7D8=D0</action>
      <action condition="(maincpu.rb@A7DD==D0)">maincpu.rb@A7DD=F0</action>
    </script>
    <script state="off">
      <action>maincpu.rb@A7D8=temp0 </action>
      <action>maincpu.rb@A7DD=temp1 </action>
    </script>
  </cheat>

  <cheat desc="无限生命">
    <script state="on">
      <action>temp0 =maincpu.rb@9C34</action>
    </script>
    <script state="run">
      <action condition="(maincpu.rb@9C34==C6)">maincpu.rb@9C34=C5</action>
    </script>
    <script state="off">
      <action>maincpu.rb@9C34=temp0 </action>
    </script>
  </cheat>

  <cheat desc="Infinite Lives outside fortress">
    <script state="on">
      <action>temp0 =maincpu.rb@9C34</action>
    </script>
    <script state="run">
      <action condition="(maincpu.rb@9C34==C6)">maincpu.rb@9C34=A5</action>
    </script>
    <script state="off">
      <action>maincpu.rb@9C34=temp0 </action>
    </script>
  </cheat>

  <cheat desc="Double Bombs on pick-up">
    <script state="on">
      <action>temp0 =maincpu.rb@AC47</action>
    </script>
    <script state="run">
      <action condition="(maincpu.rb@AC47==05)">maincpu.rb@AC47=10</action>
    </script>
    <script state="off">
      <action>maincpu.rb@AC47=temp0 </action>
    </script>
  </cheat>

  <cheat desc="Infinite Beam Bullets">
    <script state="on">
      <action>temp0 =maincpu.rb@9E45</action>
    </script>
    <script state="run">
      <action condition="(maincpu.rb@9E45==01)">maincpu.rb@9E45=00</action>
    </script>
    <script state="off">
      <action>maincpu.rb@9E45=temp0 </action>
    </script>
  </cheat>

  <cheat desc="Don't take damage inside fortress">
    <script state="on">
      <action>temp0 =maincpu.rb@CDCD</action>
      <action>temp1 =maincpu.rb@CDFF</action>
    </script>
    <script state="run">
      <action condition="(maincpu.rb@CDCD==E5)">maincpu.rb@CDCD=24</action>
      <action condition="(maincpu.rb@CDFF==E5)">maincpu.rb@CDFF=24</action>
    </script>
    <script state="off">
      <action>maincpu.rb@CDCD=temp0 </action>
      <action>maincpu.rb@CDFF=temp1 </action>
    </script>
  </cheat>

  <cheat desc="Extra energy on pick-up">
    <script state="on">
      <action>temp0 =maincpu.rb@AA7B</action>
      <action>temp1 =maincpu.rb@AA80</action>
    </script>
    <script state="run">
      <action condition="(maincpu.rb@AA7B==64)">maincpu.rb@AA7B=7F</action>
      <action condition="(maincpu.rb@AA80==64)">maincpu.rb@AA80=7F</action>
    </script>
    <script state="off">
      <action>maincpu.rb@AA7B=temp0 </action>
      <action>maincpu.rb@AA80=temp1 </action>
    </script>
  </cheat>

  <cheat desc="Start on level XX">
    <script state="on">
      <action>temp0 =maincpu.rb@9A5A</action>
    </script>
    <script state="run">
      <action condition="(maincpu.rb@9A5A==29)">maincpu.rb@9A5A=A2</action>
    </script>
    <script state="off">
      <action>maincpu.rb@9A5A=temp0 </action>
    </script>
  </cheat>

  <cheat desc="Start on level XX (2 of 3)">
    <script state="on">
      <action>temp0 =maincpu.rb@9A5C</action>
    </script>
    <script state="run">
      <action condition="(maincpu.rb@9A5C==85)">maincpu.rb@9A5C=86</action>
    </script>
    <script state="off">
      <action>maincpu.rb@9A5C=temp0 </action>
    </script>
  </cheat>

  <cheat desc="Start on level 2 (3 of 3)">
    <script state="on">
      <action>temp0 =maincpu.rb@9A5B</action>
    </script>
    <script state="run">
      <action condition="(maincpu.rb@9A5B==07)">maincpu.rb@9A5B=01</action>
    </script>
    <script state="off">
      <action>maincpu.rb@9A5B=temp0 </action>
    </script>
  </cheat>

  <cheat desc="Start on level 3 (3 of 3)">
    <script state="on">
      <action>temp0 =maincpu.rb@9A5B</action>
    </script>
    <script state="run">
      <action condition="(maincpu.rb@9A5B==07)">maincpu.rb@9A5B=02</action>
    </script>
    <script state="off">
      <action>maincpu.rb@9A5B=temp0 </action>
    </script>
  </cheat>

  <cheat desc="Start on level 4 (3 of 3)">
    <script state="on">
      <action>temp0 =maincpu.rb@9A5B</action>
    </script>
    <script state="run">
      <action condition="(maincpu.rb@9A5B==07)">maincpu.rb@9A5B=03</action>
    </script>
    <script state="off">
      <action>maincpu.rb@9A5B=temp0 </action>
    </script>
  </cheat>

  <cheat desc="Start on level 5 (3 of 3)">
    <script state="on">
      <action>temp0 =maincpu.rb@9A5B</action>
    </script>
    <script state="run">
      <action condition="(maincpu.rb@9A5B==07)">maincpu.rb@9A5B=04</action>
    </script>
    <script state="off">
      <action>maincpu.rb@9A5B=temp0 </action>
    </script>
  </cheat>

  <cheat desc="Start on level 6 (3 of 3)">
    <script state="on">
      <action>temp0 =maincpu.rb@9A5B</action>
    </script>
    <script state="run">
      <action condition="(maincpu.rb@9A5B==07)">maincpu.rb@9A5B=05</action>
    </script>
    <script state="off">
      <action>maincpu.rb@9A5B=temp0 </action>
    </script>
  </cheat>

  <cheat desc="Start on level 7 (3 of 3)">
    <script state="on">
      <action>temp0 =maincpu.rb@9A5B</action>
    </script>
    <script state="run">
      <action condition="(maincpu.rb@9A5B==07)">maincpu.rb@9A5B=06</action>
    </script>
    <script state="off">
      <action>maincpu.rb@9A5B=temp0 </action>
    </script>
  </cheat>

</mamecheat>
<!-- Cheat file downloaded from http://www.mamecheat.co.uk, see cheat.txt for list of contributors. -->
