<mamecheat version="1">

  <cheat desc="无限投币">
    <script state="run">
      <action>maincpu.pb@E001=63</action>
    </script>
  </cheat>

  <cheat desc="角色无敌"> <comment>见DIP开关菜单就可开启一个备用无敌作弊码</comment>
    <script state="on">
      <action>temp0 =maincpu.mb@2540</action>
    </script>
    <script state="run">
      <action>maincpu.mb@2540=00</action>
    </script>
    <script state="off">
      <action>maincpu.mb@2540=temp0 </action>
    </script>
  </cheat>

  <cheat desc="快速攻击"> <comment>在游戏期间使用.在游戏开始(起飞屏幕等)不能设置,以阻止游戏崩溃</comment>
    <script state="run">
      <action>maincpu.pb@F418=00|(maincpu.pb@F418 BAND ~04)</action>
    </script>
  </cheat>

  <cheat desc=" "/>

  <cheat desc="无限生命 PL1">
    <script state="run">
      <action>maincpu.pb@E0C6=11</action>
    </script>
  </cheat>

  <cheat desc="无限生命 PL2">
    <script state="run">
      <action>maincpu.pb@E0E1=11</action>
    </script>
  </cheat>

</mamecheat>
<!-- Cheat file downloaded from http://www.mamecheat.co.uk, see cheat.txt for list of contributors. -->
