<mamecheat version="1">

  <cheat desc="无限生命">
    <script state="on">
      <action>temp0 =maincpu.rb@82E1</action>
    </script>
    <script state="run">
      <action>maincpu.rb@82E1=BD</action>
    </script>
    <script state="off">
      <action>maincpu.rb@82E1=temp0 </action>
    </script>
  </cheat>

  <cheat desc="无限能量">
    <script state="on">
      <action>temp0 =maincpu.rb@AF6D</action>
    </script>
    <script state="run">
      <action>maincpu.rb@AF6D=BD</action>
    </script>
    <script state="off">
      <action>maincpu.rb@AF6D=temp0 </action>
    </script>
  </cheat>

  <cheat desc="Start at last mission reached">
    <script state="on">
      <action>temp0 =maincpu.rb@CCAC</action>
    </script>
    <script state="run">
      <action condition="(maincpu.rb@CCAC==5B)">maincpu.rb@CCAC=61</action>
    </script>
    <script state="off">
      <action>maincpu.rb@CCAC=temp0 </action>
    </script>
  </cheat>

  <cheat desc="Start with 30 missiles">
    <script state="on">
      <action>temp0 =maincpu.rb@8261</action>
    </script>
    <script state="run">
      <action condition="(maincpu.rb@8261==0F)">maincpu.rb@8261=1E</action>
    </script>
    <script state="off">
      <action>maincpu.rb@8261=temp0 </action>
    </script>
  </cheat>

  <cheat desc="Start with 45 missiles">
    <script state="on">
      <action>temp0 =maincpu.rb@8261</action>
    </script>
    <script state="run">
      <action condition="(maincpu.rb@8261==0F)">maincpu.rb@8261=2D</action>
    </script>
    <script state="off">
      <action>maincpu.rb@8261=temp0 </action>
    </script>
  </cheat>

  <cheat desc="Start with infinite missiles">
    <script state="on">
      <action>temp0 =maincpu.rb@A1D0</action>
    </script>
    <script state="run">
      <action condition="(maincpu.rb@A1D0==C6)">maincpu.rb@A1D0=24</action>
    </script>
    <script state="off">
      <action>maincpu.rb@A1D0=temp0 </action>
    </script>
  </cheat>

  <cheat desc="Sets missiles to 5 when you refuel">
    <script state="on">
      <action>temp0 =maincpu.rb@85E5</action>
    </script>
    <script state="run">
      <action condition="(maincpu.rb@85E5==0F)">maincpu.rb@85E5=05</action>
    </script>
    <script state="off">
      <action>maincpu.rb@85E5=temp0 </action>
    </script>
  </cheat>

  <cheat desc="Sets missiles to 30 when you refuel">
    <script state="on">
      <action>temp0 =maincpu.rb@85E5</action>
    </script>
    <script state="run">
      <action condition="(maincpu.rb@85E5==0F)">maincpu.rb@85E5=1E</action>
    </script>
    <script state="off">
      <action>maincpu.rb@85E5=temp0 </action>
    </script>
  </cheat>

  <cheat desc="Infinite Energy (Alt)">
    <script state="run">
      <action>maincpu.pb@00B9=00</action>
    </script>
  </cheat>

  <cheat desc="Infinite Lives (Alt)">
    <script state="run">
      <action>maincpu.pb@036C=02</action>
    </script>
  </cheat>

</mamecheat>
<!-- Cheat file downloaded from http://www.mamecheat.co.uk, see cheat.txt for list of contributors. -->
