<mamecheat version="1">

  <cheat desc="无限投币">
    <script state="run">
      <action>maincpu.pb@0208C=63</action>
    </script>
  </cheat>

  <cheat desc="选择开始关卡">
    <parameter>
      <item value="0x01">关卡 1</item>
      <item value="0x02">关卡 2</item>
      <item value="0x03">关卡 3</item>
      <item value="0x04">关卡 4</item>
      <item value="0x05">关卡 5</item>
      <item value="0x06">关卡 6</item>
      <item value="0x07">关卡 7</item>
      <item value="0x08">关卡 8</item>
    </parameter>
    <script state="run">
      <action condition="(param==01) AND (maincpu.pb@020A2==00)">maincpu.pb@020A2=00</action>
      <action condition="(param==01) AND (maincpu.pb@020A4==00)">maincpu.pb@020A4=00</action>
      <action condition="(param==02) AND (maincpu.pb@020A2==00)">maincpu.pb@020A2=01</action>
      <action condition="(param==02) AND (maincpu.pb@020A4==00)">maincpu.pb@020A4=01</action>
      <action condition="(param==03) AND (maincpu.pb@020A2==00)">maincpu.pb@020A2=02</action>
      <action condition="(param==03) AND (maincpu.pb@020A4==00)">maincpu.pb@020A4=02</action>
      <action condition="(param==04) AND (maincpu.pb@020A2==00)">maincpu.pb@020A2=04</action>
      <action condition="(param==04) AND (maincpu.pb@020A4==00)">maincpu.pb@020A4=03</action>
      <action condition="(param==05) AND (maincpu.pb@020A2==00)">maincpu.pb@020A2=05</action>
      <action condition="(param==05) AND (maincpu.pb@020A4==00)">maincpu.pb@020A4=04</action>
      <action condition="(param==06) AND (maincpu.pb@020A2==00)">maincpu.pb@020A2=06</action>
      <action condition="(param==06) AND (maincpu.pb@020A4==00)">maincpu.pb@020A4=05</action>
      <action condition="(param==07) AND (maincpu.pb@020A2==00)">maincpu.pb@020A2=08</action>
      <action condition="(param==07) AND (maincpu.pb@020A4==00)">maincpu.pb@020A4=06</action>
      <action condition="(param==08) AND (maincpu.pb@020A2==00)">maincpu.pb@020A2=09</action>
      <action condition="(param==08) AND (maincpu.pb@020A4==00)">maincpu.pb@020A4=07</action>
    </script>
  </cheat>

  <cheat desc="无限生命">
    <script state="run">
      <action>maincpu.pb@02098=FF</action>
    </script>
  </cheat>

  <cheat desc="无限核炸弹">
    <script state="run">
      <action>maincpu.pb@0580C=09|(maincpu.pb@0580C BAND ~0F)</action>
    </script>
  </cheat>

  <cheat desc="角色无敌">
    <script state="on">
      <action>temp0 =maincpu.mb@12213</action>
      <action>temp1 =maincpu.mb@125F8</action>
      <action>temp2 =maincpu.mb@12677</action>
    </script>
    <script state="run">
      <action>maincpu.mb@12213=60</action>
      <action>maincpu.mb@125F8=60</action> <!-- 1st = Enemy, 2nd = Fire -->
      <action>maincpu.mb@12677=60</action> <!-- Missile in 3D scene -->
    </script>
    <script state="off">
      <action>maincpu.mb@12213=temp0 </action>
      <action>maincpu.mb@125F8=temp1 </action>
      <action>maincpu.mb@12677=temp2 </action>
    </script>
  </cheat>

  <cheat desc="快速攻击 - 对空"> <comment>在名称条目屏幕上关闭它</comment>
    <script state="run">
      <action>maincpu.pb@02033=00|(maincpu.pb@02033 BAND ~10)</action>
    </script>
  </cheat>

  <cheat desc="快速攻击 - 对地"> <comment>在名称条目屏幕上关闭它</comment>
    <script state="run">
      <action>maincpu.pb@02033=00|(maincpu.pb@02033 BAND ~20)</action>
    </script>
  </cheat>

  <cheat desc="选择强力炸弹">
    <parameter>
      <item value="0x01">炸弹 1</item>
      <item value="0x02">炸弹 2</item>
    </parameter>
    <script state="run">
      <action>maincpu.pb@0558E=param</action>
    </script>
  </cheat>

  <cheat desc="总是有副机">
    <script state="run">
      <action>maincpu.pb@0558C=01</action>
    </script>
  </cheat>

  <cheat desc="得到副机">
    <script state="on">
      <action>maincpu.pb@0558C=01</action>
    </script>
  </cheat>

  <cheat desc="选择第一架直升飞机武器">
    <parameter>
      <item value="0x00">普通射击</item>
      <item value="0x01">直射</item>
      <item value="0x02">3向射击</item>
      <item value="0x04">三倍射击</item>
      <item value="0x05">激光射击</item>
    </parameter>
    <script state="run">
      <action>maincpu.pb@0558D=param</action>
    </script>
  </cheat>

  <cheat desc="选择第二架直升飞机武器">
    <parameter>
      <item value="0x00">普通射击</item>
      <item value="0x01">直射</item>
      <item value="0x02">3向射击</item>
      <item value="0x04">三倍射击</item>
      <item value="0x05">激光射击</item>
    </parameter>
    <script state="run">
      <action>maincpu.pb@055ED=param</action>
    </script>
  </cheat>

  <cheat desc="自杀">
    <script state="on">
      <action>maincpu.pb@05809=04</action>
    </script>
  </cheat>

  <cheat desc=" "/>

  <cheat desc="声音检测计时停止"> <comment>[PL1 Shot1]Next Code</comment>
    <script state="run">
      <action>maincpu.pb@02809=F0</action>
    </script>
  </cheat>

  <cheat desc="声音检测">
    <parameter min="1" max="146" step="1"/>
    <script state="change">
      <action>maincpu.pb@2198=param</action>
      <action>maincpu.pw@2012=2198</action>
      <action>maincpu.pw@2010=2199</action>
    </script>
  </cheat>

</mamecheat>
<!-- Cheat file downloaded from http://www.mamecheat.co.uk, see cheat.txt for list of contributors. -->
