<mamecheat version="1">

  <cheat desc=" "/>

  <cheat desc="P1 无敌">
    <script state="run">
      <action>maincpu.pb@C7E87CB=02</action>
    </script>
  </cheat>

  <cheat desc="P1 无限炸弹">
    <script state="run">
      <action>maincpu.pb@C7E8650=05</action>
    </script>
  </cheat>

  <cheat desc="P1 无限祈祷">
    <script state="run">
      <action>maincpu.pd@C7E863E=1900</action>
    </script>
  </cheat>

  <cheat desc="P1 无限生命">
    <script state="run">
      <action>maincpu.pw@C7E8632=12C0</action>
      <action>maincpu.pw@C7E8636=12C0</action>
    </script>
  </cheat>

  <cheat desc=" "/>

  <cheat desc="P2 无敌">
    <script state="run">
      <action>maincpu.pb@C7E8B1B=02</action>
    </script>
  </cheat>

  <cheat desc="P2 无限炸弹">
    <script state="run">
      <action>maincpu.pb@C7E89A0=05</action>
    </script>
  </cheat>

  <cheat desc="P2 无限祈祷">
    <script state="run">
      <action>maincpu.pw@C7E898E=1900</action>
    </script>
  </cheat>

  <cheat desc="P2 无限生命">
    <script state="run">
      <action>maincpu.pw@C7E8982=12C0</action>
      <action>maincpu.pw@C7E8986=12C0</action>
    </script>
  </cheat>

</mamecheat>
<!-- Wayder's Cheat file downloaded from http://wayder.web.fc2.com/ -->