<mamecheat version="1">

  <cheat desc="无限投币">
    <script state="run">
      <action>maincpu.pb@40FFCB=09</action>
    </script>
  </cheat>

  <cheat desc="选择开始关卡">
    <parameter min="1" max="4" step="1"/>
    <script state="run">
      <action>maincpu.pb@4155AF=(param)</action>
    </script>
  </cheat>

  <cheat desc=" "/>

  <cheat desc="无限生命 PL1">
    <script state="run">
      <action>maincpu.pb@410CDF=08</action>
    </script>
  </cheat>

  <cheat desc="总是有最大自动火力 PL1">
    <script state="run">
      <action>maincpu.pb@410CC9=3B</action>
    </script>
  </cheat>

  <cheat desc="得到最大自动火力 PL1"> <comment>使用它要有一个激活钥匙效果才最佳</comment>
    <script state="on">
      <action>maincpu.pb@410CC9=3B</action>
    </script>
  </cheat>

  <cheat desc="角色无敌 PL1">
    <script state="on">
      <action>temp0 =maincpu.pb@410C9C</action>
    </script>
    <script state="run">
      <action>maincpu.pb@410C9C=80</action>
    </script>
    <script state="off">
      <action>maincpu.pb@410C9C=temp0 </action>
    </script>
  </cheat>

  <cheat desc="快速攻击 - 正常 PL1"> <comment>在名称条目屏幕上关闭它</comment>
    <script state="run">
      <action>maincpu.pb@410CD7=10|(maincpu.pb@410CD7 BAND ~10)</action>
    </script>
  </cheat>

  <cheat desc="快速攻击 - 特殊 PL1"> <comment>在名称条目屏幕上关闭它</comment>
    <script state="run">
      <action>maincpu.pb@410CD7=10|(maincpu.pb@410CD7 BAND ~10)</action>
      <action>maincpu.pb@410CE1=00</action>
    </script>
  </cheat>

  <cheat desc="自动蓄力攻击 - 正常 PL1">
    <script state="run">
      <action>maincpu.pb@410CC9=3B</action>
    </script>
  </cheat>

  <cheat desc="自动蓄力攻击 - 特殊 PL1">
    <script state="run">
      <action>maincpu.pb@410CC9=3B</action>
      <action>maincpu.pb@410CE1=00</action>
    </script>
  </cheat>

  <cheat desc=" "/>

  <cheat desc="无限生命 PL2">
    <script state="run">
      <action>maincpu.pb@410D5F=08</action>
    </script>
  </cheat>

  <cheat desc="总是有最大自动火力 PL2">
    <script state="run">
      <action>maincpu.pb@410D49=3B</action>
    </script>
  </cheat>

  <cheat desc="得到最大自动火力 PL2"> <comment>使用它要有一个激活钥匙效果才最佳</comment>
    <script state="on">
      <action>maincpu.pb@410D49=3B</action>
    </script>
  </cheat>

  <cheat desc="角色无敌 PL2">
    <script state="on">
      <action>temp0 =maincpu.pb@410D1C</action>
    </script>
    <script state="run">
      <action>maincpu.pb@410D1C=80</action>
    </script>
    <script state="off">
      <action>maincpu.pb@410D1C=temp0 </action>
    </script>
  </cheat>

  <cheat desc="快速攻击 - 正常 PL2"> <comment>在名称条目屏幕上关闭它</comment>
    <script state="run">
      <action>maincpu.pb@410D57=10|(maincpu.pb@410D57 BAND ~10)</action>
    </script>
  </cheat>

  <cheat desc="快速攻击 - 特殊 PL2"> <comment>在名称条目屏幕上关闭它</comment>
    <script state="run">
      <action>maincpu.pb@410D57=10|(maincpu.pb@410D57 BAND ~10)</action>
      <action>maincpu.pb@410D61=00</action>
    </script>
  </cheat>

  <cheat desc="自动蓄力攻击 - 正常 PL2">
    <script state="run">
      <action>maincpu.pb@410D49=3B</action>
    </script>
  </cheat>

  <cheat desc="自动蓄力攻击 - 特殊 PL2">
    <script state="run">
      <action>maincpu.pb@410D49=3B</action>
      <action>maincpu.pb@412D9F=00</action>
    </script>
  </cheat>

  <cheat desc=" "/>

  <cheat desc="选择区域码"> <comment>当您启用此作弊看到任何效果后,您必须重置游戏(F3).然后您可能必须打开测试模式(F2),等待，然后再次重位(F3).</comment>
    <parameter>
      <item value="0x01">日本</item>
      <item value="0x02">美国</item>
      <item value="0x03">世界</item>
    </parameter>
    <script state="on">
      <action>temp0 =maincpu.mb@07FFFF</action>
    </script>
    <script state="run">
      <action>maincpu.mb@07FFFF=param</action>
    </script>
    <script state="off">
      <action>maincpu.mb@07FFFF=temp0 </action>
    </script>
  </cheat>

</mamecheat>
<!-- Cheat file downloaded from http://www.mamecheat.co.uk, see cheat.txt for list of contributors. -->
