<mamecheat version="1">

  <cheat desc="无限生命">
    <script state="on">
      <action>temp0 =maincpu.rb@8C27</action>
    </script>
    <script state="run">
      <action condition="(maincpu.rb@8C27==A5)">maincpu.rb@8C27=85</action>
    </script>
    <script state="off">
      <action>maincpu.rb@8C27=temp0 </action>
    </script>
  </cheat>

  <cheat desc="无限红心">
    <script state="on">
      <action>temp0 =maincpu.rb@8B7C</action>
    </script>
    <script state="run">
      <action condition="(maincpu.rb@8B7C==01)">maincpu.rb@8B7C=00</action>
    </script>
    <script state="off">
      <action>maincpu.rb@8B7C=temp0 </action>
    </script>
  </cheat>

  <cheat desc="无限时间">
    <script state="on">
      <action>temp0 =maincpu.rb@899D</action>
    </script>
    <script state="run">
      <action condition="(maincpu.rb@899D==03)">maincpu.rb@899D=05</action>
    </script>
    <script state="off">
      <action>maincpu.rb@899D=temp0 </action>
    </script>
  </cheat>

  <cheat desc="无限生命">
    <script state="on">
      <action>temp0 =maincpu.rb@897C</action>
    </script>
    <script state="run">
      <action condition="(maincpu.rb@897C==85)">maincpu.rb@897C=AD</action>
    </script>
    <script state="off">
      <action>maincpu.rb@897C=temp0 </action>
    </script>
  </cheat>

  <cheat desc="Multi-jump" tempvariables="15">
    <script state="on">
      <action>temp0 =maincpu.rb@8BD7</action>
      <action>temp1 =maincpu.rb@97DC</action>
      <action>temp2 =maincpu.rb@93DC</action>
      <action>temp3 =maincpu.rb@9838</action>
      <action>temp4 =maincpu.rb@9858</action>
      <action>temp5 =maincpu.rb@9859</action>
      <action>temp6 =maincpu.rb@985A</action>
      <action>temp7 =maincpu.rb@985B</action>
      <action>temp8 =maincpu.rb@985D</action>
      <action>temp9 =maincpu.rb@9860</action>
      <action>temp10=maincpu.rb@9861</action>
      <action>temp11=maincpu.rb@9862</action>
      <action>temp12=maincpu.rb@9863</action>
      <action>temp13=maincpu.rb@9866</action>
      <action>temp14=maincpu.rb@9868</action>
    </script>
    <script state="run">
      <action condition="(maincpu.rb@8BD7==10)">maincpu.rb@8BD7=60</action>
      <action condition="(maincpu.rb@97DC==56)">maincpu.rb@97DC=58</action>
      <action condition="(maincpu.rb@93DC==56)">maincpu.rb@93DC=58</action>
      <action condition="(maincpu.rb@9838==85)">maincpu.rb@9838=A5</action>
      <action condition="(maincpu.rb@9858==04)">maincpu.rb@9858=A5</action>
      <action condition="(maincpu.rb@9859==C9)">maincpu.rb@9859=28</action>
      <action condition="(maincpu.rb@985A==08)">maincpu.rb@985A=0A</action>
      <action condition="(maincpu.rb@985B==B0)">maincpu.rb@985B=90</action>
      <action condition="(maincpu.rb@985D==AD)">maincpu.rb@985D=8D</action>
      <action condition="(maincpu.rb@9860==D0)">maincpu.rb@9860=A9</action>
      <action condition="(maincpu.rb@9861==0C)">maincpu.rb@9861=05</action>
      <action condition="(maincpu.rb@9862==AD)">maincpu.rb@9862=8D</action>
      <action condition="(maincpu.rb@9863==65)">maincpu.rb@9863=D8</action>
      <action condition="(maincpu.rb@9866==26)">maincpu.rb@9866=05</action>
      <action condition="(maincpu.rb@9868==08)">maincpu.rb@9868=05</action>
    </script>
    <script state="off">
      <action>maincpu.rb@8BD7=temp0 </action>
      <action>maincpu.rb@97DC=temp1 </action>
      <action>maincpu.rb@93DC=temp2 </action>
      <action>maincpu.rb@9838=temp3 </action>
      <action>maincpu.rb@9858=temp4 </action>
      <action>maincpu.rb@9859=temp5 </action>
      <action>maincpu.rb@985A=temp6 </action>
      <action>maincpu.rb@985B=temp7 </action>
      <action>maincpu.rb@985D=temp8 </action>
      <action>maincpu.rb@9860=temp9 </action>
      <action>maincpu.rb@9861=temp10</action>
      <action>maincpu.rb@9862=temp11</action>
      <action>maincpu.rb@9863=temp12</action>
      <action>maincpu.rb@9866=temp13</action>
      <action>maincpu.rb@9868=temp14</action>
    </script>
  </cheat>

</mamecheat>
<!-- Cheat file downloaded from http://www.mamecheat.co.uk, see cheat.txt for list of contributors. -->
