<mamecheat version="1">

  <cheat desc="角色无敌">
    <script state="on">
      <action>temp0 =maincpu.rb@DD88</action>
    </script>
    <script state="run">
      <action>maincpu.rb@DD88=60</action>
    </script>
    <script state="off">
      <action>maincpu.rb@DD88=temp0 </action>
    </script>
  </cheat>

  <cheat desc="无限能量">
    <script state="on">
      <action>temp0 =maincpu.rb@DD88</action>
    </script>
    <script state="run">
      <action condition="(maincpu.rb@DD88==C6)">maincpu.rb@DD88=A5</action>
    </script>
    <script state="off">
      <action>maincpu.rb@DD88=temp0 </action>
    </script>
  </cheat>

  <cheat desc="无限生命">
    <script state="on">
      <action>temp0 =maincpu.rb@DCAE</action>
    </script>
    <script state="run">
      <action condition="(maincpu.rb@DCAE==C6)">maincpu.rb@DCAE=A5</action>
    </script>
    <script state="off">
      <action>maincpu.rb@DCAE=temp0 </action>
    </script>
  </cheat>

</mamecheat>
<!-- Cheat file downloaded from http://www.mamecheat.co.uk, see cheat.txt for list of contributors. -->
