<mamecheat version="1">

  <cheat desc="无限继续">
    <script state="run">
      <action>maincpu.pb@FFFB0D=09</action>
    </script>
  </cheat>

  <cheat desc="无限生命">
    <script state="run">
      <action>maincpu.pb@FFFB2F=99</action>
    </script>
  </cheat>

  <cheat desc="无限能量">
    <script state="run">
      <action>maincpu.pb@FF9C11=50</action>
    </script>
  </cheat>

  <cheat desc="角色无敌">
    <script state="run">
      <action>maincpu.pb@FF9C84=02|(maincpu.pb@FF9C84 BAND ~02)</action>
    </script>
  </cheat>

  <cheat desc="选择开始关卡"> <comment>设置在角色选择屏幕上</comment>
    <parameter min="1" max="80" step="1"/>
    <script state="change">
      <action>maincpu.pb@FFFB2B=(param-1)</action>
    </script>
  </cheat>

  <cheat desc="快速攻击"> <comment>John only</comment>
    <script state="run">
      <action>maincpu.pb@FF930C=00|(maincpu.pb@FF930C BAND ~40)</action>
    </script>
  </cheat>

  <cheat desc="Always Maximum Attack Power"> <comment>Don't set on character selection screen</comment>
    <script state="run">
      <action>maincpu.pb@FF90DF=03</action>
    </script>
  </cheat>

  <cheat desc="Unlimited Jump" tempvariables="12"> <comment>Tap jump button while jumping to jump higher</comment>
    <script state="on">
      <action>temp0 =maincpu.md@010989</action>
      <action>temp1 =maincpu.md@051730</action>
      <action>temp2 =maincpu.md@051734</action>
      <action>temp3 =maincpu.md@051738</action>
      <action>temp4 =maincpu.md@05173C</action>
      <action>temp5 =maincpu.md@051740</action>
      <action>temp6 =maincpu.md@0119CB</action>
      <action>temp7 =maincpu.md@051744</action>
      <action>temp8 =maincpu.md@051748</action>
      <action>temp9 =maincpu.md@05174C</action>
      <action>temp10=maincpu.md@051750</action>
      <action>temp11=maincpu.md@051754</action>
    </script>
    <script state="run">
      <action>maincpu.md@010989=00051730|(maincpu.md@010989 BAND ~00FFFFFF)</action>
      <action>maincpu.md@051730=08380004</action> <!-- Johnny -->
      <action>maincpu.md@051734=90616706</action> <!-- 10989 - jump to $51730 if while jump -->
      <action>maincpu.md@051738=4EF90001</action> <!-- 51730 - btst #$4,$9061.w [pressed jump button ?] -->
      <action>maincpu.md@05173C=0A384EF9</action> <!-- 51736 - beq $5173e / 51738 - jmp $10a38.l [Yes] -->
      <action>maincpu.md@051740=00013CC6</action> <!-- 5173E - jmp $13cc6.l [No] -->
      <action>maincpu.md@0119CB=00051744|(maincpu.md@0119CB BAND ~00FFFFFF)</action> <!-- Eric -->
      <action>maincpu.md@051744=08380004</action> <!-- 119CB - jump to $51744 if while jump -->
      <action>maincpu.md@051748=90616706</action> <!-- 51744 - btst #$4,$9061.w [pressed jump button ?] -->
      <action>maincpu.md@05174C=4EF90001</action> <!-- 5174A - beq $51752 -->
      <action>maincpu.md@051750=1A6C4EF9</action> <!-- 5174C - jmp $11a6c.l [Yes] -->
      <action>maincpu.md@051754=00014102</action> <!-- 51752 - jmp $14102.l [No] -->
    </script>
    <script state="off">
      <action>maincpu.md@010989=temp0 </action>
      <action>maincpu.md@051730=temp1 </action>
      <action>maincpu.md@051734=temp2 </action>
      <action>maincpu.md@051738=temp3 </action>
      <action>maincpu.md@05173C=temp4 </action>
      <action>maincpu.md@051740=temp5 </action>
      <action>maincpu.md@0119CB=temp6 </action>
      <action>maincpu.md@051744=temp7 </action>
      <action>maincpu.md@051748=temp8 </action>
      <action>maincpu.md@05174C=temp9 </action>
      <action>maincpu.md@051750=temp10</action>
      <action>maincpu.md@051754=temp11</action>
    </script>
  </cheat>

  <cheat desc="无限额外武器弹药">
    <script state="run">
      <action>maincpu.pb@FFFB0E=99</action>
    </script>
  </cheat>

  <cheat desc=" "/>
  <cheat desc=" It causes gfx glitch. But is okay"/>
  <cheat desc=" at the stage start or scene change"/>
  <cheat desc=" "/>

  <cheat desc="Holy Water">
    <script state="run">
      <action>maincpu.pw@FF9C1A=0000</action>
      <action>maincpu.pd@FF9C1D=00000001|(maincpu.pd@FF9C1D BAND ~00FFFFFF)</action>
      <action>maincpu.pw@FF90D8=0000</action>
    </script>
  </cheat>

  <cheat desc="Axe">
    <script state="run">
      <action>maincpu.pw@FF9C1A=0001</action>
      <action>maincpu.pd@FF9C1D=00000002|(maincpu.pd@FF9C1D BAND ~00FFFFFF)</action>
      <action>maincpu.pw@FF90D8=0001</action>
    </script>
  </cheat>

  <cheat desc="Cutter">
    <script state="run">
      <action>maincpu.pw@FF9C1A=0002</action>
      <action>maincpu.pd@FF9C1D=00000003|(maincpu.pd@FF9C1D BAND ~00FFFFFF)</action>
      <action>maincpu.pw@FF90D8=0002</action>
    </script>
  </cheat>

  <cheat desc="Holy Water II">
    <script state="run">
      <action>maincpu.pw@FF9C1A=0000</action>
      <action>maincpu.pd@FF9C1D=00000004|(maincpu.pd@FF9C1D BAND ~00FFFFFF)</action>
      <action>maincpu.pw@FF90D8=0000</action>
    </script>
  </cheat>

  <cheat desc="Axe II">
    <script state="run">
      <action>maincpu.pw@FF9C1A=0001</action>
      <action>maincpu.pd@FF9C1D=00000005|(maincpu.pd@FF9C1D BAND ~00FFFFFF)</action>
      <action>maincpu.pw@FF90D8=0001</action>
    </script>
  </cheat>

  <cheat desc="Cutter II">
    <script state="run">
      <action>maincpu.pw@FF9C1A=0002</action>
      <action>maincpu.pd@FF9C1D=00000006|(maincpu.pd@FF9C1D BAND ~00FFFFFF)</action>
      <action>maincpu.pw@FF90D8=0002</action>
    </script>
  </cheat>

  <cheat desc="Crystal">
    <script state="run">
      <action>maincpu.pw@FF9C1A=0002</action>
      <action>maincpu.pd@FF9C1D=00000207|(maincpu.pd@FF9C1D BAND ~00FFFFFF)</action>
      <action>maincpu.pw@FF90D8=0003</action>
    </script>
  </cheat>

  <cheat desc="Crystal II">
    <script state="run">
      <action>maincpu.pw@FF9C1A=0002</action>
      <action>maincpu.pd@FF9C1D=00000208|(maincpu.pd@FF9C1D BAND ~00FFFFFF)</action>
      <action>maincpu.pw@FF90D8=0004</action>
    </script>
  </cheat>

  <cheat desc="一击杀BOSS">
    <script state="run">
      <action>maincpu.pb@FFBCD5=00</action>
    </script>
  </cheat>

  <cheat desc="开启专家水平"> <comment>You can select expert rank on option mode</comment>
    <script state="run">
      <action>maincpu.pb@FFFB20=01</action>
    </script>
  </cheat>

  <cheat desc="跳过 ROM 检查"> <comment>最好是使用前一起启用</comment>
    <script state="on">
      <action>temp0 =maincpu.mw@00033C</action>
    </script>
    <script state="run">
      <action>maincpu.mw@00033C=600C</action>
    </script>
    <script state="off">
      <action>maincpu.mw@00033C=temp0 </action>
    </script>
  </cheat>

</mamecheat>
<!-- Cheat file downloaded from http://www.mamecheat.co.uk, see cheat.txt for list of contributors. -->
