<mamecheat version="1">

  <cheat desc="无限生命">
    <script state="run">
      <action>maincpu.pb@FF0765=09</action>
    </script>
  </cheat>

  <cheat desc="无限能量">
    <script state="run">
      <action>maincpu.pb@FF0771=0A</action>
    </script>
  </cheat>

  <cheat desc="角色无敌">
    <script state="run">
      <action>maincpu.pb@FF0759=01</action>
    </script>
  </cheat>

  <cheat desc="无限苹果">
    <script state="run">
      <action>maincpu.pb@FF0769=63</action>
    </script>
  </cheat>

  <cheat desc="无限金钱">
    <script state="run">
      <action>maincpu.pb@FF076D=63</action>
    </script>
  </cheat>

</mamecheat>
<!-- Cheat file downloaded from http://www.mamecheat.co.uk, see cheat.txt for list of contributors. -->
