<mamecheat version="1">

  <cheat desc="无限生命">
    <script state="run">
      <action>maincpu.pb@FF7E3C=39</action>
    </script>
  </cheat>

  <cheat desc="无限能量">
    <script state="run">
      <action>maincpu.pb@FFEFFA=08</action>
    </script>
  </cheat>

  <cheat desc="角色无敌">
    <script state="on">
      <action>temp0 =maincpu.mw@1ABB60</action>
    </script>
    <script state="run">
      <action>maincpu.mw@1ABB60=6006</action>
      <action>maincpu.pb@FFF0F2=02</action> <!-- Part 1 stops the decrement (flicker or invisible sprite when activated ingame), Part 2 is the RAM location which is a low value and is needed so that the cheat will work even when you are not flickering -->
    </script>
    <script state="off">
      <action>maincpu.mw@1ABB60=temp0 </action>
    </script>
  </cheat>

  <cheat desc="无限苹果">
    <script state="run">
      <action>maincpu.pw@FFEFE0=3939</action>
    </script>
  </cheat>

  <cheat desc="无限金钱">
    <script state="run">
      <action>maincpu.pw@FFEFE2=3939</action>
    </script>
  </cheat>

</mamecheat>
<!-- Cheat file downloaded from http://www.mamecheat.co.uk, see cheat.txt for list of contributors. -->
