<mamecheat version="1">

  <cheat desc="无限能量">
    <script state="run">
      <action>maincpu.pb@C116=06</action> <!-- Made by Mezmorize -->
    </script>
  </cheat>

  <cheat desc="角色无敌">
    <script state="run">
      <action>maincpu.pb@C467=50</action> <!-- Made by Mezmorize -->
    </script>
  </cheat>

  <cheat desc="Boot Game Into Test Mode">
    <script state="run">
      <action>maincpu.pb@C200=01</action> <!-- Made by Mezmorize  -->
    </script>
  </cheat>

</mamecheat>
<!-- Cheat file downloaded from http://www.mamecheat.co.uk, see cheat.txt for list of contributors. -->
