<mamecheat version="1">

  <!--  All cheats in this file were originally made by VisitntX -->

  <cheat desc="无限生命">
    <script state="run">
      <action>maincpu.pb@1F2222=09</action>
    </script>
  </cheat>

  <cheat desc="无限随从">
    <script state="run">
      <action>maincpu.pb@1F3068=04</action>
    </script>
  </cheat>

  <cheat desc="角色无敌">
    <script state="run">
      <action>maincpu.pb@1F27E0=01</action>
    </script>
  </cheat>

</mamecheat>
<!-- Cheat file downloaded from http://www.mamecheat.co.uk, see cheat.txt for list of contributors. -->
