<mamecheat version="1">

  <cheat desc="无限投币">
    <script state="run">
      <action>maincpu.pb@FFF000=09</action>
    </script>
  </cheat>

  <cheat desc=" "/>

  <cheat desc="无限时间 PL1">
    <script state="run">
      <action>maincpu.pb@FFEF57=5A</action>
    </script>
  </cheat>

  <cheat desc="无限生命 PL1">
    <script state="run">
      <action>maincpu.pb@FFEF50=06</action>
    </script>
  </cheat>

  <cheat desc="角色无敌 PL1">
    <script state="run">
      <action>maincpu.pb@FFD84C=5D</action>
    </script>
  </cheat>

  <cheat desc="无限 射击武器1 时间 PL1">
    <script state="run">
      <action>maincpu.pb@FFEF61=58</action>
    </script>
  </cheat>

  <cheat desc="无限 射击武器2 时间 PL1">
    <script state="run">
      <action>maincpu.pb@FFEF63=58</action>
    </script>
  </cheat>

  <cheat desc="无限跳跃时间 PL1">
    <script state="run">
      <action>maincpu.pb@FFEF65=58</action>
    </script>
  </cheat>

  <cheat desc="无限加速时间 PL1">
    <script state="run">
      <action>maincpu.pb@FFEF67=58</action>
    </script>
  </cheat>

  <cheat desc="总有射击武器1 PL1">
    <script state="run">
      <action>maincpu.pb@FFD840=02|(maincpu.pb@FFD840 BAND ~06)</action>
    </script>
  </cheat>

  <cheat desc="失去射击武器1 PL1">
    <script state="on">
      <action>maincpu.pb@FFD840=00|(maincpu.pb@FFD840 BAND ~02)</action>
    </script>
  </cheat>

  <cheat desc="总是有射击武器2 PL1">
    <script state="run">
      <action>maincpu.pb@FFD840=04|(maincpu.pb@FFD840 BAND ~06)</action>
    </script>
  </cheat>

  <cheat desc="失去射击武器2 PL1">
    <script state="on">
      <action>maincpu.pb@FFD840=00|(maincpu.pb@FFD840 BAND ~04)</action>
    </script>
  </cheat>

  <cheat desc="总是有跳跃 PL1">
    <script state="run">
      <action>maincpu.pb@FFD840=08|(maincpu.pb@FFD840 BAND ~08)</action>
    </script>
  </cheat>

  <cheat desc="失去跳跃 PL1">
    <script state="on">
      <action>maincpu.pb@FFD840=00|(maincpu.pb@FFD840 BAND ~08)</action>
    </script>
  </cheat>

  <cheat desc="总是有加速 PL1">
    <script state="run">
      <action>maincpu.pb@FFD840=10|(maincpu.pb@FFD840 BAND ~10)</action>
    </script>
  </cheat>

  <cheat desc="失去加速 PL1">
    <script state="on">
      <action>maincpu.pb@FFD840=00|(maincpu.pb@FFD840 BAND ~10)</action>
    </script>
  </cheat>

  <cheat desc=" "/>

  <cheat desc="无限时间 PL2">
    <script state="run">
      <action>maincpu.pb@FFEFB7=5A</action>
    </script>
  </cheat>

  <cheat desc="无限生命 PL2">
    <script state="run">
      <action>maincpu.pb@FFEFB0=06</action>
    </script>
  </cheat>

  <cheat desc="角色无敌 PL2">
    <script state="run">
      <action>maincpu.pb@FFDA2C=5D</action>
    </script>
  </cheat>

  <cheat desc="无限 射击武器1 时间 PL2">
    <script state="run">
      <action>maincpu.pb@FFEFC1=58</action>
    </script>
  </cheat>

  <cheat desc="无限 射击武器2 时间 PL2">
    <script state="run">
      <action>maincpu.pb@FFEFC3=58</action>
    </script>
  </cheat>

  <cheat desc="无限跳跃时间 PL2">
    <script state="run">
      <action>maincpu.pb@FFEFC5=58</action>
    </script>
  </cheat>

  <cheat desc="无限加速时间 PL2">
    <script state="run">
      <action>maincpu.pb@FFEFC7=58</action>
    </script>
  </cheat>

  <cheat desc="总有射击武器1 PL2">
    <script state="run">
      <action>maincpu.pb@FFDA20=02|(maincpu.pb@FFDA20 BAND ~06)</action>
    </script>
  </cheat>

  <cheat desc="失去射击武器1 PL2">
    <script state="on">
      <action>maincpu.pb@FFDA20=00|(maincpu.pb@FFDA20 BAND ~02)</action>
    </script>
  </cheat>

  <cheat desc="总是有射击武器2 PL2">
    <script state="run">
      <action>maincpu.pb@FFDA20=04|(maincpu.pb@FFDA20 BAND ~06)</action>
    </script>
  </cheat>

  <cheat desc="失去射击武器2 PL2">
    <script state="on">
      <action>maincpu.pb@FFDA20=00|(maincpu.pb@FFDA20 BAND ~04)</action>
    </script>
  </cheat>

  <cheat desc="总是有跳跃 PL2">
    <script state="run">
      <action>maincpu.pb@FFDA20=08|(maincpu.pb@FFDA20 BAND ~08)</action>
    </script>
  </cheat>

  <cheat desc="失去跳跃 PL2">
    <script state="on">
      <action>maincpu.pb@FFDA20=00|(maincpu.pb@FFDA20 BAND ~08)</action>
    </script>
  </cheat>

  <cheat desc="总是有加速 PL2">
    <script state="run">
      <action>maincpu.pb@FFDA20=10|(maincpu.pb@FFDA20 BAND ~10)</action>
    </script>
  </cheat>

  <cheat desc="失去加速 PL2">
    <script state="on">
      <action>maincpu.pb@FFDA20=00|(maincpu.pb@FFDA20 BAND ~10)</action>
    </script>
  </cheat>

</mamecheat>
<!-- Cheat file downloaded from http://www.mamecheat.co.uk, see cheat.txt for list of contributors. -->
