<mamecheat version="1">

  <cheat desc="角色无敌">
    <script state="on">
      <action>temp0 =maincpu.rb@F4AD</action>
    </script>
    <script state="run">
      <action>maincpu.rb@F4AD=A5</action>
    </script>
    <script state="off">
      <action>maincpu.rb@F4AD=temp0 </action>
    </script>
  </cheat>

  <cheat desc="Infinite Time (Alt)">
    <script state="on">
      <action>temp0 =maincpu.rb@B8C2</action>
    </script>
    <script state="run">
      <action>maincpu.rb@B8C2=60</action>
    </script>
    <script state="off">
      <action>maincpu.rb@B8C2=temp0 </action>
    </script>
  </cheat>

  <cheat desc="Infinite Lives (Alt)">
    <script state="on">
      <action>temp0 =maincpu.rb@F8CA</action>
    </script>
    <script state="run">
      <action>maincpu.rb@F8CA=AD</action>
    </script>
    <script state="off">
      <action>maincpu.rb@F8CA=temp0 </action>
    </script>
  </cheat>

  <cheat desc="Start with 1 life">
    <script state="on">
      <action>temp0 =maincpu.rb@C655</action>
    </script>
    <script state="run">
      <action condition="(maincpu.rb@C655==02)">maincpu.rb@C655=00</action>
    </script>
    <script state="off">
      <action>maincpu.rb@C655=temp0 </action>
    </script>
  </cheat>

  <cheat desc="Start with 2 lives">
    <script state="on">
      <action>temp0 =maincpu.rb@C655</action>
    </script>
    <script state="run">
      <action condition="(maincpu.rb@C655==02)">maincpu.rb@C655=01</action>
    </script>
    <script state="off">
      <action>maincpu.rb@C655=temp0 </action>
    </script>
  </cheat>

  <cheat desc="无限生命">
    <script state="on">
      <action>temp0 =maincpu.rb@F8CC</action>
    </script>
    <script state="run">
      <action condition="(maincpu.rb@F8CC==01)">maincpu.rb@F8CC=E0</action>
    </script>
    <script state="off">
      <action>maincpu.rb@F8CC=temp0 </action>
    </script>
  </cheat>

  <cheat desc="无限时间">
    <script state="on">
      <action>temp0 =maincpu.rb@B8B0</action>
    </script>
    <script state="run">
      <action condition="(maincpu.rb@B8B0==AD)">maincpu.rb@B8B0=60</action>
    </script>
    <script state="off">
      <action>maincpu.rb@B8B0=temp0 </action>
    </script>
  </cheat>

  <cheat desc="255 points for each present collected">
    <script state="on">
      <action>temp0 =maincpu.rb@F9A4</action>
    </script>
    <script state="run">
      <action condition="(maincpu.rb@F9A4==32)">maincpu.rb@F9A4=FF</action>
    </script>
    <script state="off">
      <action>maincpu.rb@F9A4=temp0 </action>
    </script>
  </cheat>

  <cheat desc="108 points for each present collected">
    <script state="on">
      <action>temp0 =maincpu.rb@F9A4</action>
    </script>
    <script state="run">
      <action condition="(maincpu.rb@F9A4==32)">maincpu.rb@F9A4=64</action>
    </script>
    <script state="off">
      <action>maincpu.rb@F9A4=temp0 </action>
    </script>
  </cheat>

  <cheat desc="Only need 1 diamond for an extra life">
    <script state="on">
      <action>temp0 =maincpu.rb@B146</action>
    </script>
    <script state="run">
      <action condition="(maincpu.rb@B146==06)">maincpu.rb@B146=01</action>
    </script>
    <script state="off">
      <action>maincpu.rb@B146=temp0 </action>
    </script>
  </cheat>

  <cheat desc="X balloons needed to complete a level">
    <script state="on">
      <action>temp0 =maincpu.rb@CA2A</action>
    </script>
    <script state="run">
      <action condition="(maincpu.rb@CA2A==B1)">maincpu.rb@CA2A=A9</action>
    </script>
    <script state="off">
      <action>maincpu.rb@CA2A=temp0 </action>
    </script>
  </cheat>

  <cheat desc="3 balloons needed to complete a level (2 of 2)">
    <script state="on">
      <action>temp0 =maincpu.rb@CA2B</action>
    </script>
    <script state="run">
      <action condition="(maincpu.rb@CA2B==51)">maincpu.rb@CA2B=03</action>
    </script>
    <script state="off">
      <action>maincpu.rb@CA2B=temp0 </action>
    </script>
  </cheat>

  <cheat desc="2 balloons needed to complete a level (2 of 2)">
    <script state="on">
      <action>temp0 =maincpu.rb@CA2B</action>
    </script>
    <script state="run">
      <action condition="(maincpu.rb@CA2B==51)">maincpu.rb@CA2B=02</action>
    </script>
    <script state="off">
      <action>maincpu.rb@CA2B=temp0 </action>
    </script>
  </cheat>

  <cheat desc="1 balloon needed to complete a level (2 of 2)">
    <script state="on">
      <action>temp0 =maincpu.rb@CA2B</action>
    </script>
    <script state="run">
      <action condition="(maincpu.rb@CA2B==51)">maincpu.rb@CA2B=01</action>
    </script>
    <script state="off">
      <action>maincpu.rb@CA2B=temp0 </action>
    </script>
  </cheat>

  <cheat desc="Always spring-jump">
    <script state="run">
      <action>maincpu.pb@DD68=90</action>
    </script>
  </cheat>

</mamecheat>
<!-- Cheat file downloaded from http://www.mamecheat.co.uk, see cheat.txt for list of contributors. -->
