<mamecheat version="1">

<cheat desc="无限投币">
    <script state="run">
      <action>maincpu.pb@FFC000=09</action>
    </script>
  </cheat>

  <cheat desc="无限时间">
    <script state="run">
      <action>maincpu.pb@FFC113=9A</action>
    </script>
  </cheat>

  <cheat desc="无限地图时间">
    <script state="run">
      <action>maincpu.pb@FFCBB0=01</action>
    </script>
  </cheat>

  <cheat desc="救一位伙伴即可打开出口">
    <script state="on">
      <action>maincpu.pb@FFC131=01</action>
    </script>
  </cheat>

  <cheat desc=" "/>

  <cheat desc="无限生命 PL1">
    <script state="run">
      <action>maincpu.pb@FFC234=05</action>
    </script>
  </cheat>

  <cheat desc="角色无敌 PL1">
    <script state="run">
      <action>maincpu.pb@FFC235=01</action>
    </script>
  </cheat>

  <cheat desc="快速攻击 PL1">
    <script state="run">
      <action>maincpu.pb@FFC243=00</action>
    </script>
  </cheat>

 <cheat desc="选择武器 PL1">
    <parameter>
      <item value="0x00">正常</item>
      <item value="0x01">激光</item>
      <item value="0x02">爆弹</item>
      <item value="0x03">火焰</item>
      <item value="0x04">火球</item>
    </parameter>
    <script state="run">
      <action>maincpu.pb@FFC23F=param</action>
      <action>maincpu.pb@FFC43F=param</action>
      <action>maincpu.pb@FFC49F=param</action>
      <action>maincpu.pb@FFC4FF=param</action>
      <action>maincpu.pb@FFC55F=param</action>
      <action condition="(maincpu.pb@FFC23F == 00)">maincpu.pw@FFC404=81C8</action>
      <action condition="(maincpu.pb@FFC23F == 00)">maincpu.pw@FFC464=81C8</action>
      <action condition="(maincpu.pb@FFC23F == 00)">maincpu.pw@FFC4C4=81C8</action>
      <action condition="(maincpu.pb@FFC23F == 00)">maincpu.pw@FFC524=81C8</action>
      <action condition="(maincpu.pb@FFC23F == 01)">maincpu.pw@FFC404=8600</action>
      <action condition="(maincpu.pb@FFC23F == 01)">maincpu.pw@FFC464=862C</action>
      <action condition="(maincpu.pb@FFC23F == 01)">maincpu.pw@FFC4C4=8600</action>
      <action condition="(maincpu.pb@FFC23F == 01)">maincpu.pw@FFC524=869C</action>
      <action condition="(maincpu.pb@FFC23F == 02)">maincpu.pw@FFC404=8968</action>
      <action condition="(maincpu.pb@FFC23F == 02)">maincpu.pw@FFC464=8968</action>
      <action condition="(maincpu.pb@FFC23F == 02)">maincpu.pw@FFC4C4=8968</action>
      <action condition="(maincpu.pb@FFC23F == 02)">maincpu.pw@FFC524=8968</action>
      <action condition="(maincpu.pb@FFC23F == 03)">maincpu.pw@FFC404=7FDE</action>
      <action condition="(maincpu.pb@FFC23F == 03)">maincpu.pw@FFC464=7FDE</action>
      <action condition="(maincpu.pb@FFC23F == 03)">maincpu.pw@FFC4C4=7FDE</action>
      <action condition="(maincpu.pb@FFC23F == 03)">maincpu.pw@FFC524=7FDE</action>
      <action condition="(maincpu.pb@FFC23F == 04)">maincpu.pw@FFC404=7E86</action>
      <action condition="(maincpu.pb@FFC23F == 04)">maincpu.pw@FFC464=7E86</action>
      <action condition="(maincpu.pb@FFC23F == 04)">maincpu.pw@FFC4C4=7E86</action>
      <action condition="(maincpu.pb@FFC23F == 04)">maincpu.pw@FFC524=7E86</action>
    </script>
  </cheat>

  <cheat desc=" "/>

  <cheat desc="无限生命 PL2">
    <script state="run">
      <action>maincpu.pb@FFC2B4=05</action>
    </script>
  </cheat>

  <cheat desc="角色无敌 PL2">
    <script state="run">
      <action>maincpu.pb@FFC2B5=01</action>
    </script>
  </cheat>

  <cheat desc="快速攻击 PL2">
    <script state="run">
      <action>maincpu.pb@FFC2C3=00</action>
    </script>
  </cheat>

 <cheat desc="选择武器 PL2">
    <parameter>
      <item value="0x00">正常</item>
      <item value="0x01">激光</item>
      <item value="0x02">爆弹</item>
      <item value="0x03">火焰</item>
      <item value="0x04">火球</item>
    </parameter>
    <script state="run">
      <action>maincpu.pb@FF02BF=param</action>
      <action>maincpu.pb@FFC5BF=param</action>
      <action>maincpu.pb@FFC61F=param</action>
      <action>maincpu.pb@FFC67F=param</action>
      <action condition="(maincpu.pb@FFC2BF == 00)">maincpu.pw@FFC584=81C8</action>
      <action condition="(maincpu.pb@FFC2BF == 00)">maincpu.pw@FFC5E4=81C8</action>
      <action condition="(maincpu.pb@FFC2BF == 00)">maincpu.pw@FFC644=81C8</action>
      <action condition="(maincpu.pb@FFC2BF == 01)">maincpu.pw@FFC584=862C</action>
      <action condition="(maincpu.pb@FFC2BF == 01)">maincpu.pw@FFC5E4=8600</action>
      <action condition="(maincpu.pb@FFC2BF == 01)">maincpu.pw@FFC644=869C</action>
      <action condition="(maincpu.pb@FFC2BF == 02)">maincpu.pw@FFC584=8968</action>
      <action condition="(maincpu.pb@FFC2BF == 02)">maincpu.pw@FFC5E4=8968</action>
      <action condition="(maincpu.pb@FFC2BF == 02)">maincpu.pw@FFC644=8968</action>
      <action condition="(maincpu.pb@FFC2BF == 03)">maincpu.pw@FFC584=7FDE</action>
      <action condition="(maincpu.pb@FFC2BF == 03)">maincpu.pw@FFC5E4=7FDE</action>
      <action condition="(maincpu.pb@FFC2BF == 03)">maincpu.pw@FFC644=7FDE</action>
      <action condition="(maincpu.pb@FFC2BF == 04)">maincpu.pw@FFC584=7E86</action>
      <action condition="(maincpu.pb@FFC2BF == 04)">maincpu.pw@FFC5E4=7E86</action>
      <action condition="(maincpu.pb@FFC2BF == 04)">maincpu.pw@FFC644=7E86</action>
    </script>
  </cheat>

</mamecheat>
<!-- Cheat file downloaded from http://www.mamecheat.co.uk, see cheat.txt for list of contributors. -->