<mamecheat version="1">

  <cheat desc="无限生命">
  <script state="run">
    <action>maincpu.pb@00D5=05</action>
  </script>
  </cheat>

  <cheat desc="无限弹药库">
    <script state="run">
      <action>maincpu.pb@00CF=99</action>
    </script>
  </cheat>

  <cheat desc="无限子弹">
    <script state="run">
      <action>maincpu.pb@00AE=30</action>
    </script>
  </cheat>

  <cheat desc="无限手榴弹">
    <script state="run">
      <action>maincpu.pb@00D2=08</action>
    </script>
  </cheat>

</mamecheat>
<!-- Cheat file downloaded from http://www.mamecheat.co.uk, see cheat.txt for list of contributors. -->
