<mamecheat version="1">

  <cheat desc="无限投币">
    <script state="run">
      <action>maincpu.pb@0802=99</action>
    </script>
  </cheat>

  <cheat desc=" "/>

  <cheat desc="无限生命 PL1">
    <script state="run">
      <action>maincpu.pb@1901=FF</action>
    </script>
  </cheat>

  <cheat desc="无限能量 PL1">
    <script state="run">
      <action>maincpu.pb@1902=08</action>
    </script>
  </cheat>

  <cheat desc="角色无敌 PL1">
    <script state="run">
      <action>maincpu.pb@0A78=39</action>
    </script>
  </cheat>

  <cheat desc="无限炸弹 PL1">
    <parameter>
      <item value="0x19">普通炸弹</item>
      <item value="0x29">超级炸弹</item>
    </parameter>
    <script state="run">
      <action>maincpu.pb@0A6B=param</action>
    </script>
  </cheat>

  <cheat desc="选择武器 PL1">
    <parameter>
      <item value="0x00">普通</item>
      <item value="0x01">超级导弹</item>
      <item value="0x02">火焰喷射器</item>
      <item value="0x03">3向射击</item>
      <item value="0x04">导弹</item>
      <item value="0x05">机器人 (有错误)</item>
    </parameter>
    <script state="run">
      <action>maincpu.pb@0A71=param</action>
    </script>
  </cheat>

  <cheat desc=" "/>

  <cheat desc="无限生命 PL2">
    <script state="run">
      <action>maincpu.pb@1941=05</action>
    </script>
  </cheat>

  <cheat desc="无限能量 PL2">
    <script state="run">
      <action>maincpu.pb@1942=08</action>
    </script>
  </cheat>

  <cheat desc="角色无敌 PL2">
    <script state="run">
      <action>maincpu.pb@0AB8=39</action>
    </script>
  </cheat>

  <cheat desc="无限炸弹 PL2">
    <parameter>
      <item value="0x19">普通炸弹</item>
      <item value="0x29">超级炸弹</item>
    </parameter>
    <script state="run">
      <action>maincpu.pb@0AAB=param</action>
    </script>
  </cheat>

  <cheat desc="选择武器 PL2">
    <parameter>
      <item value="0x00">普通</item>
      <item value="0x01">超级导弹</item>
      <item value="0x02">火焰喷射器</item>
      <item value="0x03">3向射击</item>
      <item value="0x04">导弹</item>
      <item value="0x05">机器人 (有错误)</item>
    </parameter>
    <script state="run">
      <action>maincpu.pb@0AB1=param</action>
    </script>
  </cheat>

  <cheat desc=" "/>

  <cheat desc="声音检测卡停止"> <comment>[PL2 Start]Next Code</comment>
    <script state="run">
      <action condition="(frame % 60 == 0)">maincpu.pb@0812=FF</action>
    </script>
  </cheat>

</mamecheat>
<!-- Cheat file downloaded from http://www.mamecheat.co.uk, see cheat.txt for list of contributors. -->
