<mamecheat version="1">

  <cheat desc="无限能量">
    <script state="run">
      <action>maincpu.pw@FFA216=maincpu.pw@FFA218</action>
    </script>
  </cheat>

  <cheat desc="无限力量">
    <script state="run">
      <action>maincpu.pw@FFA260=maincpu.pw@FFA268</action>
      <action>maincpu.pw@FFA262=maincpu.pw@FFA26A</action>
      <action>maincpu.pw@FFA264=maincpu.pw@FFA26C</action>
      <action>maincpu.pw@FFA266=maincpu.pw@FFA26E</action>
    </script>
  </cheat> 

</mamecheat>
<!-- Cheat file downloaded from http://www.mamecheat.co.uk, see cheat.txt for list of contributors. -->
