<mamecheat version="1">

  <cheat desc="无限投币">
    <script state="run">
      <action>mcu.pb@0080=63</action>
    </script>
  </cheat>

  <cheat desc="无限生命">
    <script state="run">
      <action>maincpu.pb@00C0=08</action>
    </script>
  </cheat>

  <cheat desc="无限护盾">
    <script state="run">
      <action>maincpu.pw@00D5=0808</action>
    </script>
  </cheat>

  <cheat desc="角色无敌">
    <script state="on">
      <action>temp0 =maincpu.mb@DEAE</action>
      <action>temp1 =maincpu.mb@91D4</action>
    </script>
    <script state="run">
      <action>maincpu.mb@DEAE=39</action>
      <action>maincpu.mb@91D4=39</action>
    </script>
    <script state="off">
      <action>maincpu.mb@DEAE=temp0 </action>
      <action>maincpu.mb@91D4=temp1 </action>
    </script>
  </cheat>

  <cheat desc="自动显示隐藏角色">
    <script state="on">
      <action>temp0 =maincpu.mb@AA9C</action>
    </script>
    <script state="run">
      <action>maincpu.mb@AA9C=F2</action>
    </script>
    <script state="off">
      <action>maincpu.mb@AA9C=temp0 </action>
    </script>
  </cheat>

  <cheat desc="立即完成当前关"> <comment>不能使用在最后关卡(当c1=2f)</comment>
    <script state="on">
      <action>maincpu.pb@007E=01</action>
    </script>
  </cheat>

  <cheat desc="选择开始关卡"> <comment>注意关卡颜色将不正确，直到你到下一个关卡</comment>
    <parameter min="1" max="47" step="1"/>
    <script state="run">
      <action condition="(maincpu.pb@00C1==00)">maincpu.pb@00C1=(param-1)</action>
    </script>
  </cheat>

  <cheat desc="总是有最大火力武器">
    <script state="run">
      <action>maincpu.pb@00DE=03</action>
    </script>
  </cheat>

  <cheat desc="最大解救数（朋友）">
    <script state="run">
      <action>maincpu.pb@00C9=08</action>
    </script>
  </cheat>

  <cheat desc=" "/>

  <cheat desc="声音检测">
    <parameter min="1" max="32" step="1"/>
    <script state="change">
      <action>maincpu.pb@temp1=00</action>
      <action>temp0=4284+param</action>
      <action>maincpu.pb@temp0=01</action>
      <action>temp1=temp0</action>
    </script>
  </cheat>

</mamecheat>
<!-- Cheat file downloaded from http://www.mamecheat.co.uk, see cheat.txt for list of contributors. -->
