<mamecheat version="1">

  <cheat desc="无限投币"> <comment>投币后开始激活</comment>
    <script state="run">
      <action>maincpu.pb@20C7B9=63</action>
    </script>
  </cheat>

  <cheat desc="无限时间">
    <script state="run">
      <action>maincpu.pb@200F2F=64</action>
    </script>
  </cheat>

  <cheat desc="过关"> <comment>先关闭无限时间，再启用此作弊码</comment>
    <script state="on">
      <action>maincpu.pb@200F2F=00</action>
    </script>
  </cheat>

  <cheat desc=" "/>

  <cheat desc="无限能量 PL1"> <comment>显示可能不正确</comment>
    <script state="run">
      <action>maincpu.pb@200FC3=80</action>
      <action>maincpu.pd@20858E=00318218</action> <!-- Fix the bar going off the screen -->
    </script>
  </cheat>

  <cheat desc="耗尽所有能量 PL1"> <comment>显示不正确</comment>
    <script state="on">
      <action>maincpu.pb@200FC3=00</action>
    </script>
  </cheat>

  <cheat desc="选择游戏角色 PL1">
    <parameter>
      <item value="0x00">黄飞鸿</item>
      <item value="0x01">神龙(忍者)</item>
      <item value="0x02">千面人(黄金人)</item>
      <item value="0x03">黑杰克(小丑)</item>
      <item value="0x04">霹雳豹(美国四分卫)</item>
      <item value="0x05">灰狼(英国狼人)</item>
      <item value="0x06">火狐狸(火焰)</item>
      <item value="0x07">花木兰</item>
      <item value="0x08">#仙翁</item>
    </parameter>
    <script state="run">
      <action>maincpu.pb@200F5E=param</action>
    </script>
  </cheat>

  <cheat desc=" "/>

  <cheat desc="无限能量 PL2"> <comment>显示可能不正确</comment>
    <script state="run">
      <action>maincpu.pb@2010A5=80</action>
      <action>maincpu.pd@2085C0=003182C4</action> <!-- Fix the bar going off the screen -->
    </script>
  </cheat>

  <cheat desc="耗尽所有能量 PL2"> <comment>显示不正确</comment>
    <script state="on">
      <action>maincpu.pb@2010A5=00</action>
    </script>
  </cheat>

  <cheat desc="选择游戏角色 PL2">
    <parameter>
      <item value="0x00">黄飞鸿</item>
      <item value="0x01">神龙(忍者)</item>
      <item value="0x02">千面人(黄金人)</item>
      <item value="0x03">黑杰克(小丑)</item>
      <item value="0x04">霹雳豹(美国四分卫)</item>
      <item value="0x05">灰狼(英国狼人)</item>
      <item value="0x06">火狐狸(火焰)</item>
      <item value="0x07">花木兰</item>
      <item value="0x08">#仙翁</item>
    </parameter>
    <script state="run">
      <action>maincpu.pb@201040=param</action>
    </script>
  </cheat>

</mamecheat>
<!-- Cheat file downloaded from http://www.mamecheat.co.uk, see cheat.txt for list of contributors. -->
