<mamecheat version="1">

  <cheat desc="无限时间">
    <script state="run">
      <action>maincpu.pw@9C44=0905</action>
      <action>maincpu.pd@9C46=09050900|(maincpu.pd@9C46 BAND ~FFFFFF00)</action>
    </script>
  </cheat>

  <cheat desc=" "/>

  <cheat desc="收集两部件即可制造陷阱 PL1">
    <script state="run">
      <action>maincpu.pb@B001=03</action>
    </script>
  </cheat>

  <cheat desc="收集两部件即可制造地雷 PL1">
    <script state="run">
      <action>maincpu.pb@B003=02</action>
    </script>
  </cheat>

  <cheat desc="收集两部件即可制造龙怪 PL1">
    <script state="run">
      <action>maincpu.pb@B00A=03</action>
    </script>
  </cheat>

  <cheat desc="收集两部件即可制造速怪 PL1">
    <script state="run">
      <action>maincpu.pb@B00B=03</action>
    </script>
  </cheat>

  <cheat desc="收集两部件即可制造跟踪怪 PL1">
    <script state="run">
      <action>maincpu.pb@B00E=03</action>
    </script>
  </cheat>

  <cheat desc="永远不能造陷阱 PL1">
    <script state="run">
      <action>maincpu.pb@B001=01</action>
    </script>
  </cheat>

  <cheat desc="永远不能造地雷 PL1">
    <script state="run">
      <action>maincpu.pb@B003=01</action>
    </script>
  </cheat>

  <cheat desc="永远不能造龙怪 PL1">
    <script state="run">
      <action>maincpu.pb@B00A=01</action>
    </script>
  </cheat>

  <cheat desc="永远不能造速怪 PL1">
    <script state="run">
      <action>maincpu.pb@B00B=01</action>
    </script>
  </cheat>

  <cheat desc="永远不能造跟踪怪 PL1">
    <script state="run">
      <action>maincpu.pb@B00E=01</action>
    </script>
  </cheat>

  <cheat desc=" "/>
  <cheat desc="PL2的修改不适用于电脑"/>
  <cheat desc=" "/>

  <cheat desc="收集两部件即可制造陷阱 PL2">
    <script state="run">
      <action>maincpu.pb@B081=03</action>
    </script>
  </cheat>

  <cheat desc="收集两部件即可制造地雷 PL2">
    <script state="run">
      <action>maincpu.pb@B083=02</action>
    </script>
  </cheat>

  <cheat desc="收集两部件即可制造龙怪 PL2">
    <script state="run">
      <action>maincpu.pb@B08A=03</action>
    </script>
  </cheat>

  <cheat desc="收集两部件即可制造速怪 PL2">
    <script state="run">
      <action>maincpu.pb@B08B=03</action>
    </script>
  </cheat>

  <cheat desc="收集两部件即可制造跟踪怪 PL2">
    <script state="run">
      <action>maincpu.pb@B08E=03</action>
    </script>
  </cheat>

  <cheat desc="永远不能造陷阱 PL2">
    <script state="run">
      <action>maincpu.pb@B081=01</action>
    </script>
  </cheat>

  <cheat desc="永远不能造地雷 PL2">
    <script state="run">
      <action>maincpu.pb@B083=01</action>
    </script>
  </cheat>

  <cheat desc="永远不能造龙怪 PL2">
    <script state="run">
      <action>maincpu.pb@B08A=01</action>
    </script>
  </cheat>

  <cheat desc="永远不能造速怪 PL2">
    <script state="run">
      <action>maincpu.pb@B08B=01</action>
    </script>
  </cheat>

  <cheat desc="永远不能造跟踪怪 PL2">
    <script state="run">
      <action>maincpu.pb@B08E=01</action>
    </script>
  </cheat>

  <!--  Note B000,B080 contains either 1,3,A,B or E indicating which item you are collecting at that time -->
  <!--  When you have enough pieces to make an item the branch at $12FD (BLS $1355) is taken so a BRA -->
  <!--  may make it possible for a Quick Piece ROM cheat for PL1 - but can't get a ROM cheat to change the value -->
  <!--  at 12FD. -->

</mamecheat>
<!-- Cheat file downloaded from http://www.mamecheat.co.uk, see cheat.txt for list of contributors. -->
