<mamecheat version="1">

  <cheat desc="选择开始关卡">
    <parameter>
      <item value="0x00">关卡 1</item>
      <item value="0x01">关卡 2-1</item>
      <item value="0x02">关卡 2-2</item>
      <item value="0x03">关卡 3</item>
      <item value="0x04">关卡 4</item>
      <item value="0x05">关卡 5</item>
      <item value="0x06">关卡 6</item>
    </parameter>
    <script state="run">
      <action condition="(maincpu.pb@2000A8==00)">maincpu.pb@2000A8=param</action>
    </script>
  </cheat>

  <cheat desc="角色无敌">
    <script state="on">
      <action>temp0 =maincpu.mb@064E89</action>
      <action>temp1 =maincpu.mb@064FFF</action>
    </script>
    <script state="run">
      <action>maincpu.mb@064E89=CA</action>
      <action>maincpu.mb@064FFF=CA</action> <!-- 1st = Normal Enemy, 2nd = Boss -->
    </script>
    <script state="off">
      <action>maincpu.mb@064E89=temp0 </action>
      <action>maincpu.mb@064FFF=temp1 </action>
    </script>
  </cheat>

  <cheat desc=" "/>

  <cheat desc="无限投币 PL1">
    <script state="run">
      <action>maincpu.pb@701F25=18</action>
    </script>
  </cheat>

  <cheat desc="无限能量 PL1">
    <script state="run">
      <action>maincpu.pw@20069E=0280</action>
      <action>maincpu.pw@2006A0=0280</action>
    </script>
  </cheat>

  <cheat desc="无限普通武器威力 PL1">
    <script state="run">
      <action>maincpu.pw@200698=01FF</action>
    </script>
  </cheat>

  <cheat desc="无限火焰喷射器威力 PL1">
    <script state="run">
      <action>maincpu.pb@20069D=01</action> <!-- Keeps Power between 0100 and 01FF -->
    </script>
  </cheat>

  <cheat desc="无限炸弹 PL1">
    <script state="run">
      <action>maincpu.pb@200697=09</action>
    </script>
  </cheat>

  <cheat desc=" "/>

  <cheat desc="无限投币 PL2">
    <script state="run">
      <action>maincpu.pb@701F24=18</action>
    </script>
  </cheat>

  <cheat desc="无限能量 PL2">
    <script state="run">
      <action>maincpu.pw@20079E=0280</action>
      <action>maincpu.pw@2007A0=0280</action>
    </script>
  </cheat>

  <cheat desc="无限普通武器威力 PL1">
    <script state="run">
      <action>maincpu.pw@200798=01FF</action>
    </script>
  </cheat>

  <cheat desc="无限火焰喷射器威力 PL1">
    <script state="run">
      <action>maincpu.pb@20079D=01</action> <!-- Keeps Power between 0100 and 01FF -->
    </script>
  </cheat>

  <cheat desc="无限炸弹 PL2">
    <script state="run">
      <action>maincpu.pb@200797=09</action>
    </script>
  </cheat>

</mamecheat>
<!-- Cheat file downloaded from http://www.mamecheat.co.uk, see cheat.txt for list of contributors. -->
