<mamecheat version="1">

  <cheat desc="无限能量 PL1">
    <script state="run">
      <action>maincpu.pb@FE0027=04</action>
    </script>
  </cheat>

  <cheat desc="无限导弹 PL1">
    <script state="run">
      <action>maincpu.pb@FE002D=63</action>
    </script>
  </cheat>

  <cheat desc="无限能量 PL2">
    <script state="run">
      <action>maincpu.pb@FE00A7=04</action>
    </script>
  </cheat>

  <cheat desc="无限导弹 PL2">
    <script state="run">
      <action>maincpu.pb@FE00AD=63</action>
    </script>
  </cheat>

</mamecheat>
<!-- Cheat file downloaded from http://www.mamecheat.co.uk, see cheat.txt for list of contributors. -->
