<mamecheat version="1">

  <cheat desc="无限投币">
    <script state="run">
      <action>maincpu.pb@E774=99</action>
    </script>
  </cheat>

  <cheat desc="角色无敌">
    <script state="run">
      <action>maincpu.pb@DCD5=00</action>
    </script>
  </cheat>

  <cheat desc="得到1零部件就获得整个装备">
    <script state="on">
      <action>temp0 =maincpu.md@24D5</action>
    </script>
    <script state="run">
      <action>maincpu.md@24D5=00000306|(maincpu.md@24D5 BAND ~00FFFFFF)</action>
    </script>
    <script state="off">
      <action>maincpu.md@24D5=temp0 </action>
    </script>
  </cheat>

  <cheat desc="得到B-Panel总是得8000分">
    <script state="on">
      <action>temp0 =maincpu.mb@20AF</action>
      <action>temp1 =maincpu.mw@20B2</action>
    </script>
    <script state="run">
      <action>maincpu.mb@20AF=B1</action>
      <action>maincpu.mw@20B2=01FF</action>
    </script>
    <script state="off">
      <action>maincpu.mb@20AF=temp0 </action>
      <action>maincpu.mw@20B2=temp1 </action>
    </script>
  </cheat>

  <cheat desc=" "/>

  <cheat desc="无限生命 PL1">
    <script state="run">
      <action>maincpu.pb@DCEB=09</action>
    </script>
  </cheat>

  <cheat desc="无限继续 PL1"> <comment>如果可以继续玩</comment>
    <script state="run">
      <action>maincpu.pb@DD23=03</action>
    </script>
  </cheat>

  <cheat desc="最大能源 PL1">
    <script state="run">
      <action>maincpu.pb@DD07=19</action>
      <action>maincpu.pb@DD08=19</action>
    </script>
  </cheat>

  <cheat desc="最大速度 PL1">
    <script state="run">
      <action>maincpu.pb@DD01=30|(maincpu.pb@DD01 BAND ~30)</action>
    </script>
  </cheat>

  <cheat desc="最大武器火力 PL1">
    <script state="run">
      <action>maincpu.pb@DD01=0C|(maincpu.pb@DD01 BAND ~0C)</action>
    </script>
  </cheat>

  <cheat desc="最大导弹 PL1">
    <script state="run">
      <action>maincpu.pb@DD01=03|(maincpu.pb@DD01 BAND ~03)</action>
    </script>
  </cheat>

  <cheat desc="快速攻击 - 对空 PL1">
    <script state="run">
      <action>maincpu.pb@DCFE=00</action>
    </script>
  </cheat>

  <cheat desc="快速攻击 - 对地 PL1">
    <script state="run">
      <action>maincpu.pb@DCFF=00</action>
    </script>
  </cheat>

  <cheat desc="总是打开装备箱 PL1">
    <script state="run">
      <action>maincpu.pb@DCD6=05</action>
    </script>
  </cheat>

  <cheat desc="总是有八向射击武器 PL1">
    <script state="run">
      <action>maincpu.pb@DD04=01|(maincpu.pb@DD04 BAND ~01)</action>
    </script>
  </cheat>

  <cheat desc="总是有护盾装备 PL1">
    <script state="run">
      <action>maincpu.pb@DD04=02|(maincpu.pb@DD04 BAND ~02)</action>
    </script>
  </cheat>

  <cheat desc="总是有宽副火炮装备 PL1">
    <script state="run">
      <action>maincpu.pb@DD04=04|(maincpu.pb@DD04 BAND ~04)</action>
    </script>
  </cheat>

  <cheat desc="总是有跟踪弹 PL1">
    <script state="run">
      <action>maincpu.pb@DD04=08|(maincpu.pb@DD04 BAND ~08)</action>
    </script>
  </cheat>

  <cheat desc="总是有闪电锯 PL1">
    <script state="run">
      <action>maincpu.pb@DD04=10|(maincpu.pb@DD04 BAND ~10)</action>
    </script>
  </cheat>

  <cheat desc="总是有核弹 PL1">
    <script state="run">
      <action>maincpu.pb@DD04=20|(maincpu.pb@DD04 BAND ~20)</action>
    </script>
  </cheat>

  <cheat desc="总是有火焰发射器 PL1">
    <script state="run">
      <action>maincpu.pb@DD04=40|(maincpu.pb@DD04 BAND ~40)</action>
    </script>
  </cheat>

  <cheat desc="总是有全屏闪电 PL1">
    <script state="run">
      <action>maincpu.pb@DD04=80|(maincpu.pb@DD04 BAND ~80)</action>
    </script>
  </cheat>

  <cheat desc="选择武器装备 PL1">
    <parameter>
      <item value="0x00">没有武器</item>
      <item value="0x01">8向武器</item>
      <item value="0x02">护盾装备</item>
      <item value="0x03">宽副火炮</item>
      <item value="0x04">跟踪弹</item>
      <item value="0x05">闪电锯</item>
      <item value="0x06">核弹</item>
      <item value="0x07">火焰</item>
      <item value="0x08">全屏闪电</item>
    </parameter>
    <script state="run">
      <action>maincpu.pb@DCC9=param</action>
    </script>
  </cheat>

  <cheat desc=" "/>

  <cheat desc="无限生命 PL2">
    <script state="run">
      <action>maincpu.pb@DD4F=09</action>
    </script>
  </cheat>

  <cheat desc="无限继续 PL2"> <comment>如果可以继续玩</comment>
    <script state="run">
      <action>maincpu.pb@DD87=03</action>
    </script>
  </cheat>

  <cheat desc="最大能源 PL2">
    <script state="run">
      <action>maincpu.pb@DD6B=19</action>
      <action>maincpu.pb@DD6C=19</action>
    </script>
  </cheat>

  <cheat desc="最大速度 PL2">
    <script state="run">
      <action>maincpu.pb@DD65=30|(maincpu.pb@DD65 BAND ~30)</action>
    </script>
  </cheat>

  <cheat desc="最大武器火力 PL2">
    <script state="run">
      <action>maincpu.pb@DD65=0C|(maincpu.pb@DD65 BAND ~0C)</action>
    </script>
  </cheat>

  <cheat desc="最大导弹 PL2">
    <script state="run">
      <action>maincpu.pb@DD65=03|(maincpu.pb@DD65 BAND ~03)</action>
    </script>
  </cheat>

  <cheat desc="快速攻击 - 对空 PL2">
    <script state="run">
      <action>maincpu.pb@DD62=00</action>
    </script>
  </cheat>

  <cheat desc="快速攻击 - 对地 PL2">
    <script state="run">
      <action>maincpu.pb@DD63=00</action>
    </script>
  </cheat>

  <cheat desc="总是打开装备箱 PL2">
    <script state="run">
      <action>maincpu.pb@DD3A=05</action>
    </script>
  </cheat>

  <cheat desc="总是有八向射击武器 PL2">
    <script state="run">
      <action>maincpu.pb@DD68=01|(maincpu.pb@DD68 BAND ~01)</action>
    </script>
  </cheat>

  <cheat desc="总是有护盾装备 PL2">
    <script state="run">
      <action>maincpu.pb@DD68=02|(maincpu.pb@DD68 BAND ~02)</action>
    </script>
  </cheat>

  <cheat desc="总是有宽副火炮装备 PL2">
    <script state="run">
      <action>maincpu.pb@DD68=04|(maincpu.pb@DD68 BAND ~04)</action>
    </script>
  </cheat>

  <cheat desc="总是有跟踪弹 PL2">
    <script state="run">
      <action>maincpu.pb@DD68=08|(maincpu.pb@DD68 BAND ~08)</action>
    </script>
  </cheat>

  <cheat desc="总是有闪电锯 PL2">
    <script state="run">
      <action>maincpu.pb@DD68=10|(maincpu.pb@DD68 BAND ~10)</action>
    </script>
  </cheat>

  <cheat desc="总是有核弹 PL2">
    <script state="run">
      <action>maincpu.pb@DD68=20|(maincpu.pb@DD68 BAND ~20)</action>
    </script>
  </cheat>

  <cheat desc="总是有火焰发射器 PL2">
    <script state="run">
      <action>maincpu.pb@DD68=40|(maincpu.pb@DD68 BAND ~40)</action>
    </script>
  </cheat>

  <cheat desc="总是有全屏闪电 PL2">
    <script state="run">
      <action>maincpu.pb@DD68=80|(maincpu.pb@DD68 BAND ~80)</action>
    </script>
  </cheat>

  <cheat desc="选择武器装备 PL2">
    <parameter>
      <item value="0x00">没有武器</item>
      <item value="0x01">8向武器</item>
      <item value="0x02">护盾装备</item>
      <item value="0x03">宽副火炮</item>
      <item value="0x04">跟踪弹</item>
      <item value="0x05">闪电锯</item>
      <item value="0x06">核弹</item>
      <item value="0x07">火焰</item>
      <item value="0x08">全屏闪电</item>
    </parameter>
    <script state="run">
      <action>maincpu.pb@DD2D=param</action>
    </script>
  </cheat>

  <cheat desc=" "/>

  <cheat desc="声音检测计时停止">
    <script state="run">
      <action>maincpu.pb@D819=02</action>
    </script>
  </cheat>

</mamecheat>
<!-- Cheat file downloaded from http://www.mamecheat.co.uk, see cheat.txt for list of contributors. -->
