<mamecheat version="1">

  <cheat desc="无限投币">
    <script state="run">
      <action>maincpu.pb@C238=09</action>
    </script>
  </cheat>

  <cheat desc="无限能量">
    <script state="run">
      <action>maincpu.pb@C616=90</action>
    </script>
  </cheat>

  <cheat desc="角色无敌">
    <script state="run">
      <action>maincpu.pb@C614=00</action>
    </script>
  </cheat>

  <cheat desc="总是有最好的船">
    <script state="run">
      <action>maincpu.pb@C615=04</action>
    </script>
  </cheat>

  <cheat desc="快速攻击">
    <script state="run">
      <action>maincpu.pb@C402=00</action>
    </script>
  </cheat>

  <cheat desc=" "/>

  <cheat desc="无限生命 PL1">
    <script state="run">
      <action>maincpu.pb@C206=03</action>
    </script>
  </cheat>

  <cheat desc="无限生命 PL2">
    <script state="run">
      <action>maincpu.pb@C210=03</action>
    </script>
  </cheat>

<cheat desc="禁用惯性 (ROM Hack)">
    <script state="run">
      <action>maincpu.md@1FF6=0000983E</action> <!-- ld A,$98 -->
      <action>maincpu.md@1FFA=800736DD</action> <!-- ld (ix+$07),$80 -->
      <action>maincpu.md@200D=0000683E</action> <!-- ld A,$68 -->
      <action>maincpu.md@2011=7F0736DD</action> <!-- ld (ix+$07),$7F -->
      <action>maincpu.md@2035=0000983E</action> <!-- ld A,$98 -->
      <action>maincpu.md@2039=800936DD</action> <!-- ld (ix+$09),$80 -->
      <action>maincpu.md@2045=0000683E</action> <!-- ld A,$68 -->
      <action>maincpu.md@2049=7F0936DD</action> <!-- ld (ix+$09),$7F -->
    </script>
    <script state="off">
      <action>maincpu.md@1FF6=013098FE</action>
      <action>maincpu.md@1FFA=0777DD3C</action>
      <action>maincpu.md@200D=013868FE</action>
      <action>maincpu.md@2011=0777DD3D</action>
      <action>maincpu.md@2035=013098FE</action>
      <action>maincpu.md@2039=0977DD3C</action>
      <action>maincpu.md@2045=013868FE</action>
      <action>maincpu.md@2049=0977DD3D</action>
    </script>
  </cheat>

  <cheat desc="总是特殊老鼠奖励">
    <script state="run">
      <action>maincpu.pb@C7E8=04</action>
    </script>
  </cheat>

</mamecheat>
<!-- Cheat file downloaded from http://www.mamecheat.co.uk, see cheat.txt for list of contributors. -->