<mamecheat version="1">

  <cheat desc="角色无敌">
    <script state="on">
      <action>temp0 =maincpu.rb@C1AA</action>
    </script>
    <script state="run">
      <action condition="(maincpu.rb@C1AA==91)">maincpu.rb@C1AA=B1</action>
    </script>
    <script state="off">
      <action>maincpu.rb@C1AA=temp0 </action>
    </script>
  </cheat>

  <cheat desc="无限生命">
    <script state="on">
      <action>temp0 =maincpu.rb@92D7</action>
    </script>
    <script state="run">
      <action condition="(maincpu.rb@92D7==C6)">maincpu.rb@92D7=A5</action>
    </script>
    <script state="off">
      <action>maincpu.rb@92D7=temp0 </action>
    </script>
  </cheat>

  <cheat desc="Start with 1 life">
    <script state="on">
      <action>temp0 =maincpu.rb@8356</action>
    </script>
    <script state="run">
      <action condition="(maincpu.rb@8356==03)">maincpu.rb@8356=01</action>
    </script>
    <script state="off">
      <action>maincpu.rb@8356=temp0 </action>
    </script>
  </cheat>

  <cheat desc="Start with double lives">
    <script state="on">
      <action>temp0 =maincpu.rb@8356</action>
    </script>
    <script state="run">
      <action condition="(maincpu.rb@8356==03)">maincpu.rb@8356=06</action>
    </script>
    <script state="off">
      <action>maincpu.rb@8356=temp0 </action>
    </script>
  </cheat>

  <cheat desc="Start with triple lives">
    <script state="on">
      <action>temp0 =maincpu.rb@8356</action>
    </script>
    <script state="run">
      <action condition="(maincpu.rb@8356==03)">maincpu.rb@8356=09</action>
    </script>
    <script state="off">
      <action>maincpu.rb@8356=temp0 </action>
    </script>
  </cheat>

  <cheat desc="Start with all weapons available">
    <script state="on">
      <action>temp0 =maincpu.rb@8347</action>
    </script>
    <script state="run">
      <action condition="(maincpu.rb@8347==03)">maincpu.rb@8347=FF</action>
    </script>
    <script state="off">
      <action>maincpu.rb@8347=temp0 </action>
    </script>
  </cheat>

  <cheat desc="Keep power up after death">
    <script state="on">
      <action>temp0 =maincpu.rb@8375</action>
    </script>
    <script state="run">
      <action condition="(maincpu.rb@8375==85)">maincpu.rb@8375=24</action>
    </script>
    <script state="off">
      <action>maincpu.rb@8375=temp0 </action>
    </script>
  </cheat>

  <cheat desc="Keep energy after death">
    <script state="on">
      <action>temp0 =maincpu.rb@8377</action>
    </script>
    <script state="run">
      <action condition="(maincpu.rb@8377==85)">maincpu.rb@8377=24</action>
    </script>
    <script state="off">
      <action>maincpu.rb@8377=temp0 </action>
    </script>
  </cheat>

  <cheat desc="Thunder uses 25% normal energy">
    <script state="on">
      <action>temp0 =maincpu.rb@980B</action>
    </script>
    <script state="run">
      <action condition="(maincpu.rb@980B==08)">maincpu.rb@980B=04</action>
    </script>
    <script state="off">
      <action>maincpu.rb@980B=temp0 </action>
    </script>
  </cheat>

  <cheat desc="Triple energy gained on 'E' pick-up">
    <script state="on">
      <action>temp0 =maincpu.rb@B6A1</action>
    </script>
    <script state="run">
      <action condition="(maincpu.rb@B6A1==02)">maincpu.rb@B6A1=06</action>
    </script>
    <script state="off">
      <action>maincpu.rb@B6A1=temp0 </action>
    </script>
  </cheat>

  <cheat desc="Less energy lost on 'Bad E' pick-ups">
    <script state="on">
      <action>temp0 =maincpu.rb@B6B4</action>
    </script>
    <script state="run">
      <action condition="(maincpu.rb@B6B4==04)">maincpu.rb@B6B4=02</action>
    </script>
    <script state="off">
      <action>maincpu.rb@B6B4=temp0 </action>
    </script>
  </cheat>

  <cheat desc="Shield doesn't use energy">
    <script state="on">
      <action>temp0 =maincpu.rb@C004</action>
    </script>
    <script state="run">
      <action condition="(maincpu.rb@C004==85)">maincpu.rb@C004=A5</action>
    </script>
    <script state="off">
      <action>maincpu.rb@C004=temp0 </action>
    </script>
  </cheat>

  <cheat desc="You can re-use weapon after selecting">
    <script state="on">
      <action>temp0 =maincpu.rb@8C70</action>
    </script>
    <script state="run">
      <action condition="(maincpu.rb@8C70==85)">maincpu.rb@8C70=25</action>
    </script>
    <script state="off">
      <action>maincpu.rb@8C70=temp0 </action>
    </script>
  </cheat>

</mamecheat>
<!-- Cheat file downloaded from http://www.mamecheat.co.uk, see cheat.txt for list of contributors. -->
