<mamecheat version="1">

  <cheat desc="无限时间"> <comment>When you turn the cheat from ON to OFF it will set the time to 0:00</comment>
    <script state="run">
      <action>maincpu.pb@6083=64, maincpu.pb@6085=54, maincpu.pb@6086=64</action>
    </script>
    <script state="off">
      <action>maincpu.pb@6083=40, maincpu.pb@6085=40, maincpu.pb@6086=40</action>
    </script>	
  </cheat>

</mamecheat>
<!-- Cheat file downloaded from http://www.mamecheat.co.uk, see cheat.txt for list of contributors. -->
