<mamecheat version="1">

  <cheat desc="子弹无敌 (Alpha Fighter)">
    <script state="on">
      <action>temp0 =maincpu.mb@19AD</action>
    </script>
    <script state="run">
      <action>maincpu.mb@19AD=C3</action>
    </script>
    <script state="off">
      <action>maincpu.mb@19AD=temp0 </action>
    </script>
  </cheat>

  <cheat desc="无限生命 (Alpha Fighter) PL1">
    <script state="run">
      <action>maincpu.pb@85D9=06</action>
    </script>
  </cheat>

  <cheat desc="无限生命 (Alpha Fighter) PL2">
    <script state="run">
      <action>maincpu.pb@85DB=06</action>
    </script>
  </cheat>

  <cheat desc=" "/>

  <cheat desc="角色无敌 (转圈车)">
    <script state="on">
      <action>temp0 =maincpu.mb@323F</action>
      <action>temp1 =maincpu.rb@74DC</action>
    </script>
    <script state="run">
      <action>maincpu.mb@323F=18</action> <!-- Most Crashes -->
      <action>maincpu.rb@74DC=18</action> <!-- Wheel on Wheel -->
    </script>
    <script state="off">
      <action>maincpu.mb@323F=temp0 </action>
      <action>maincpu.rb@74DC=temp1 </action>
    </script>
  </cheat>

  <cheat desc="无限生命 (转圈车) PL1">
    <script state="run">
      <action>maincpu.pb@85BE=08</action>
    </script>
  </cheat>

  <cheat desc="无限生命 (转圈车) PL2">
    <script state="run">
      <action>maincpu.pb@85BF=08</action>
    </script>
  </cheat>

</mamecheat>
<!-- Cheat file downloaded from http://www.mamecheat.co.uk, see cheat.txt for list of contributors. -->
