<mamecheat version="1">

  <cheat desc="无限投币">
    <script state="run">
      <action>maincpu.pb@8099=09</action>
    </script>
  </cheat>

  <cheat desc="见Dip开关菜单可以开启无敌"/>

  <cheat desc="无限时间 PL1">
    <script state="run">
      <action>maincpu.pb@80F2=59</action>
    </script>
  </cheat>

  <cheat desc="无限时间 PL2">
    <script state="run">
      <action>maincpu.pb@80F5=59</action>
    </script>
  </cheat>

</mamecheat>
<!-- Cheat file downloaded from http://www.mamecheat.co.uk, see cheat.txt for list of contributors. -->
