<mamecheat version="1">

  <cheat desc="无限投币">
    <script state="run">
      <action>maincpu.pb@FFF000=09</action>
    </script>
  </cheat>

  <cheat desc="选择开始关卡">
    <parameter min="1" max="5" step="1"/>
    <script state="run">
      <action condition="(maincpu.pb@FFF142==00)">maincpu.pb@FFF142=(param-1)</action>
    </script>
  </cheat>

  <cheat desc="过关">
    <script state="on">
      <action>maincpu.pb@FFF026=10</action>
    </script>
  </cheat>

  <cheat desc="选择角色等级总是"> <comment>注意颜色可能不正确直到你死亡.最好使用在标题屏幕带(最高)选项,在(选择火力升级/最高)中</comment>
    <parameter>
      <item value="0x01">等级 1</item>
      <item value="0x02">等级 2</item>
      <item value="0x03">等级 3</item>
      <item value="0x04">等级 4</item>
      <item value="0x05">等级 5</item>
    </parameter>
    <script state="on">
      <action>temp0 =maincpu.od@004C1E</action>
      <action>temp1 =maincpu.od@0048FA</action>
    </script>
    <script state="run">
      <action condition="(param==01)">maincpu.od@004C1E=103C0000</action>
      <action condition="(param==01)">maincpu.od@0048FA=163C0000</action> <!-- Pt 1 Does Character, Pt 2 takes care of colour -->
      <action condition="(param==02)">maincpu.od@004C1E=103C0001</action>
      <action condition="(param==02)">maincpu.od@0048FA=163C0001</action>
      <action condition="(param==03)">maincpu.od@004C1E=103C0002</action>
      <action condition="(param==03)">maincpu.od@0048FA=163C0002</action>
      <action condition="(param==04)">maincpu.od@004C1E=103C0003</action>
      <action condition="(param==04)">maincpu.od@0048FA=163C0003</action>
      <action condition="(param==05)">maincpu.od@004C1E=103C0004</action>
      <action condition="(param==05)">maincpu.od@0048FA=163C0004</action>
    </script>
    <script state="off">
      <action>maincpu.od@004C1E=temp0 </action>
      <action>maincpu.od@0048FA=temp1 </action>
    </script>
  </cheat>

  <cheat desc="击中任何地方">
    <script state="on">
      <action>temp0 =maincpu.od@00D644</action>
      <action>temp1 =maincpu.od@00D64C</action>
      <action>temp2 =maincpu.od@01FFE0</action>
      <action>temp3 =maincpu.od@01FFE4</action>
      <action>temp4 =maincpu.od@01FFE8</action>
      <action>temp5 =maincpu.od@01FFEC</action>
      <action>temp6 =maincpu.od@01FFF0</action>
      <action>temp7 =maincpu.od@01FFF4</action>
    </script>
    <script state="run">
      <action>maincpu.od@00D644=4EB90001</action> <!-- This ROM cheat was made by nolberto82 -->
      <action>maincpu.od@00D64C=FFE04E71</action>
      <action>maincpu.od@01FFE0=B8FCC000</action>
      <action>maincpu.od@01FFE4=66083F7C</action>
      <action>maincpu.od@01FFE8=D6400002</action>
      <action>maincpu.od@01FFEC=4E75382C</action>
      <action>maincpu.od@01FFF0=0062986E</action>
      <action>maincpu.od@01FFF4=00344E75</action>
    </script>
    <script state="off">
      <action>maincpu.od@00D644=temp0 </action>
      <action>maincpu.od@00D64C=temp1 </action>
      <action>maincpu.od@01FFE0=temp2 </action>
      <action>maincpu.od@01FFE4=temp3 </action>
      <action>maincpu.od@01FFE8=temp4 </action>
      <action>maincpu.od@01FFEC=temp5 </action>
      <action>maincpu.od@01FFF0=temp6 </action>
      <action>maincpu.od@01FFF4=temp7 </action>
    </script>
  </cheat>

  <cheat desc=" "/>

  <cheat desc="无限生命 PL1">
    <script state="run">
      <action>maincpu.pb@FFE018=0B</action>
    </script>
  </cheat>

  <cheat desc="无限能量 PL1">
    <script state="run">
      <action>maincpu.pb@FFC04A=70</action>
    </script>
  </cheat>

  <cheat desc="角色无敌 PL1">
    <script state="run">
      <action>maincpu.pb@FFC03F=03</action>
    </script>
  </cheat>

  <cheat desc="选择火力升级/最高 PL1"> <comment>注意颜色可能不正确直到你死亡</comment>
    <parameter>
      <item value="0x01">无（默认）</item>
      <item value="0x02">中等</item>
      <item value="0x03">高</item>
      <item value="0x04">最大</item>
    </parameter>
    <script state="run">
      <action condition="(param==01)">maincpu.pw@FFC06A=0000</action>
      <action condition="(param==01)">maincpu.pb@FFE01B=00</action>
      <action condition="(param==02)">maincpu.pw@FFC06A=0101</action>
      <action condition="(param==02)">maincpu.pb@FFE01B=00</action>
      <action condition="(param==03)">maincpu.pw@FFC06A=0202</action>
      <action condition="(param==03)">maincpu.pb@FFE01B=00</action>
      <action condition="(param==04)">maincpu.pw@FFC06A=0303</action>
      <action condition="(param==04)">maincpu.pb@FFE01B=01</action>
    </script>
  </cheat>

  <cheat desc="快速攻击 - 拳 PL1">
    <script state="run">
      <action>maincpu.pb@FFE01E=00|(maincpu.pb@FFE01E BAND ~02)</action>
    </script>
  </cheat>

  <cheat desc="快速攻击 - 脚 PL1">
    <script state="run">
      <action>maincpu.pb@FFE01E=00|(maincpu.pb@FFE01E BAND ~04)</action>
    </script>
  </cheat>

  <cheat desc=" "/>

  <cheat desc="无限生命 PL2">
    <script state="run">
      <action>maincpu.pb@FFE098=0B</action>
    </script>
  </cheat>

  <cheat desc="无限能量 PL2">
    <script state="run">
      <action>maincpu.pb@FFC44A=70</action>
    </script>
  </cheat>

  <cheat desc="角色无敌 PL2">
    <script state="run">
      <action>maincpu.pb@FFC43F=03</action>
    </script>
  </cheat>

  <cheat desc="选择火力升级/最高 PL2"> <comment>注意颜色可能不正确直到你死亡</comment>
    <parameter>
      <item value="0x01">无（默认）</item>
      <item value="0x02">中等</item>
      <item value="0x03">高</item>
      <item value="0x04">最大</item>
    </parameter>
    <script state="run">
      <action condition="(param==01)">maincpu.pw@FFC46A=0000</action>
      <action condition="(param==01)">maincpu.pb@FFE09E=00</action>
      <action condition="(param==02)">maincpu.pw@FFC46A=0101</action>
      <action condition="(param==02)">maincpu.pb@FFE09E=00</action>
      <action condition="(param==03)">maincpu.pw@FFC46A=0202</action>
      <action condition="(param==03)">maincpu.pb@FFE09E=00</action>
      <action condition="(param==04)">maincpu.pw@FFC46A=0303</action>
      <action condition="(param==04)">maincpu.pb@FFE09E=01</action>
    </script>
  </cheat>

  <cheat desc="快速攻击 - 拳 PL2">
    <script state="run">
      <action>maincpu.pb@FFE09E=00|(maincpu.pb@FFE09E BAND ~02)</action>
    </script>
  </cheat>

  <cheat desc="快速攻击 - 脚 PL2">
    <script state="run">
      <action>maincpu.pb@FFE09E=00|(maincpu.pb@FFE09E BAND ~04)</action>
    </script>
  </cheat>

</mamecheat>
<!-- Cheat file downloaded from http://www.mamecheat.co.uk, see cheat.txt for list of contributors. -->
