<mamecheat version="1">

  <cheat desc="无限投币">
    <script state="run">
      <action>maincpu.pb@FFF000=09</action>
    </script>
  </cheat>

  <cheat desc="选择开始关卡">
    <parameter min="1" max="5" step="1"/>
    <script state="run">
      <action condition="(maincpu.pb@FFF142==00)">maincpu.pb@FFF142=(param-1)</action>
    </script>
  </cheat>

  <cheat desc="过关">
    <script state="on">
      <action>maincpu.pb@FFF026=10</action>
    </script>
  </cheat>

  <cheat desc=" "/>

  <cheat desc="无限生命 PL1">
    <script state="run">
      <action>maincpu.pb@FFE018=0B</action>
    </script>
  </cheat>

  <cheat desc="无限能量 PL1">
    <script state="run">
      <action>maincpu.pb@FFC04A=70</action>
    </script>
  </cheat>

  <cheat desc="角色无敌 PL1">
    <script state="run">
      <action>maincpu.pb@FFC03F=03</action>
    </script>
  </cheat>

  <cheat desc="选择火力升级/最高 PL1"> <comment>注意颜色可能不正确直到你死亡</comment>
    <parameter>
      <item value="0x01">无（默认）</item>
      <item value="0x02">中等</item>
      <item value="0x03">高</item>
      <item value="0x04">最大</item>
    </parameter>
    <script state="run">
      <action condition="(param==01)">maincpu.pw@FFC06A=0000</action>
      <action condition="(param==01)">maincpu.pb@FFE01B=00</action>
      <action condition="(param==02)">maincpu.pw@FFC06A=0101</action>
      <action condition="(param==02)">maincpu.pb@FFE01B=00</action>
      <action condition="(param==03)">maincpu.pw@FFC06A=0202</action>
      <action condition="(param==03)">maincpu.pb@FFE01B=00</action>
      <action condition="(param==04)">maincpu.pw@FFC06A=0303</action>
      <action condition="(param==04)">maincpu.pb@FFE01B=01</action>
    </script>
  </cheat>

  <cheat desc="快速攻击 - 拳 PL1">
    <script state="run">
      <action>maincpu.pb@FFE01E=00|(maincpu.pb@FFE01E BAND ~02)</action>
    </script>
  </cheat>

  <cheat desc="快速攻击 - 脚 PL1">
    <script state="run">
      <action>maincpu.pb@FFE01E=00|(maincpu.pb@FFE01E BAND ~04)</action>
    </script>
  </cheat>

  <cheat desc=" "/>

  <cheat desc="无限生命 PL2">
    <script state="run">
      <action>maincpu.pb@FFE098=0B</action>
    </script>
  </cheat>

  <cheat desc="无限能量 PL2">
    <script state="run">
      <action>maincpu.pb@FFC44A=70</action>
    </script>
  </cheat>

  <cheat desc="角色无敌 PL2">
    <script state="run">
      <action>maincpu.pb@FFC43F=03</action>
    </script>
  </cheat>

  <cheat desc="选择火力升级/最高 PL2"> <comment>注意颜色可能不正确直到你死亡</comment>
    <parameter>
      <item value="0x01">无（默认）</item>
      <item value="0x02">中等</item>
      <item value="0x03">高</item>
      <item value="0x04">最大</item>
    </parameter>
    <script state="run">
      <action condition="(param==01)">maincpu.pw@FFC46A=0000</action>
      <action condition="(param==01)">maincpu.pb@FFE09E=00</action>
      <action condition="(param==02)">maincpu.pw@FFC46A=0101</action>
      <action condition="(param==02)">maincpu.pb@FFE09E=00</action>
      <action condition="(param==03)">maincpu.pw@FFC46A=0202</action>
      <action condition="(param==03)">maincpu.pb@FFE09E=00</action>
      <action condition="(param==04)">maincpu.pw@FFC46A=0303</action>
      <action condition="(param==04)">maincpu.pb@FFE09E=01</action>
    </script>
  </cheat>

  <cheat desc="快速攻击 - 拳 PL2">
    <script state="run">
      <action>maincpu.pb@FFE09E=00|(maincpu.pb@FFE09E BAND ~02)</action>
    </script>
  </cheat>

  <cheat desc="快速攻击 - 脚 PL2">
    <script state="run">
      <action>maincpu.pb@FFE09E=00|(maincpu.pb@FFE09E BAND ~04)</action>
    </script>
  </cheat>

</mamecheat>
<!-- Cheat file downloaded from http://www.mamecheat.co.uk, see cheat.txt for list of contributors. -->
