<mamecheat version="1">

  <cheat desc="角色无敌">
    <script state="on">
      <action>temp0 =maincpu.rb@D3F2</action>
    </script>
    <script state="run">
      <action condition="(maincpu.rb@D3F2==F0)">maincpu.rb@D3F2=D0</action>
    </script>
    <script state="off">
      <action>maincpu.rb@D3F2=temp0 </action>
    </script>
  </cheat>

  <cheat desc="Invincible against enemies">
    <script state="on">
      <action>temp0 =maincpu.rb@A19C</action>
    </script>
    <script state="run">
      <action condition="(maincpu.rb@A19C==A9)">maincpu.rb@A19C=60</action>
    </script>
    <script state="off">
      <action>maincpu.rb@A19C=temp0 </action>
    </script>
  </cheat>

  <cheat desc="Invincible against bullets">
    <script state="on">
      <action>temp0 =maincpu.rb@A121</action>
    </script>
    <script state="run">
      <action condition="(maincpu.rb@A121==A9)">maincpu.rb@A121=60</action>
    </script>
    <script state="off">
      <action>maincpu.rb@A121=temp0 </action>
    </script>
  </cheat>

  <cheat desc="Invincible against area boss">
    <script state="on">
      <action>temp0 =maincpu.rb@A1F0</action>
    </script>
    <script state="run">
      <action condition="(maincpu.rb@A1F0==A9)">maincpu.rb@A1F0=60</action>
    </script>
    <script state="off">
      <action>maincpu.rb@A1F0=temp0 </action>
    </script>
  </cheat>

  <cheat desc="Start with Infinite Lives">
    <script state="on">
      <action>temp0 =maincpu.rb@CF27</action>
    </script>
    <script state="run">
      <action condition="(maincpu.rb@CF27==01)">maincpu.rb@CF27=00</action>
    </script>
    <script state="off">
      <action>maincpu.rb@CF27=temp0 </action>
    </script>
  </cheat>

  <cheat desc="Infinite mega-power">
    <script state="on">
      <action>temp0 =maincpu.rb@A255</action>
    </script>
    <script state="run">
      <action condition="(maincpu.rb@A255==95)">maincpu.rb@A255=24</action>
    </script>
    <script state="off">
      <action>maincpu.rb@A255=temp0 </action>
    </script>
  </cheat>

  <cheat desc="Start with no bullets">
    <script state="on">
      <action>temp0 =maincpu.rb@E299</action>
    </script>
    <script state="run">
      <action condition="(maincpu.rb@E299==04)">maincpu.rb@E299=01</action>
    </script>
    <script state="off">
      <action>maincpu.rb@E299=temp0 </action>
    </script>
  </cheat>

  <cheat desc="Start with 600 bullets">
    <script state="on">
      <action>temp0 =maincpu.rb@E299</action>
    </script>
    <script state="run">
      <action condition="(maincpu.rb@E299==04)">maincpu.rb@E299=07</action>
    </script>
    <script state="off">
      <action>maincpu.rb@E299=temp0 </action>
    </script>
  </cheat>

  <cheat desc="无限弹药">
    <script state="on">
      <action>temp0 =maincpu.rb@F663</action>
    </script>
    <script state="run">
      <action condition="(maincpu.rb@F663==01)">maincpu.rb@F663=00</action>
    </script>
    <script state="off">
      <action>maincpu.rb@F663=temp0 </action>
    </script>
  </cheat>

  <cheat desc="Infinite Ammo (Alt)">
    <script state="on">
      <action>temp0 =maincpu.rb@F664</action>
    </script>
    <script state="run">
      <action condition="(maincpu.rb@F664==95)">maincpu.rb@F664=B5</action>
    </script>
    <script state="off">
      <action>maincpu.rb@F664=temp0 </action>
    </script>
  </cheat>

  <cheat desc="Gain 10 bullets on pick-up">
    <script state="on">
      <action>temp0 =maincpu.rb@CD6B</action>
    </script>
    <script state="run">
      <action condition="(maincpu.rb@CD6B==02)">maincpu.rb@CD6B=01</action>
    </script>
    <script state="off">
      <action>maincpu.rb@CD6B=temp0 </action>
    </script>
  </cheat>

  <cheat desc="Gain 30 bullets on pick-up">
    <script state="on">
      <action>temp0 =maincpu.rb@CD6B</action>
    </script>
    <script state="run">
      <action condition="(maincpu.rb@CD6B==02)">maincpu.rb@CD6B=03</action>
    </script>
    <script state="off">
      <action>maincpu.rb@CD6B=temp0 </action>
    </script>
  </cheat>

</mamecheat>
<!-- Cheat file downloaded from http://www.mamecheat.co.uk, see cheat.txt for list of contributors. -->
