<mamecheat version="1">

  <cheat desc="无限炸弹">
    <script state="run">
      <action>maincpu.pb@40CF3=05</action>
    </script>
  </cheat>

  <cheat desc="角色无敌">
    <script state="on">
      <action>temp0 =maincpu.mw@03736</action>
      <action>temp1 =maincpu.mw@03B3A</action>
      <action>temp2 =maincpu.mw@03B4E</action>
    </script>
    <script state="run">
      <action>maincpu.mw@03736=60F2</action>
      <action>maincpu.mw@03B3A=60FA</action> <!-- 1st = Object/Water, 2nd = Fire -->
      <action>maincpu.mw@03B4E=60E6</action> <!-- Web -->
    </script>
    <script state="off">
      <action>maincpu.mw@03736=temp0 </action>
      <action>maincpu.mw@03B3A=temp1 </action>
      <action>maincpu.mw@03B4E=temp2 </action>
    </script>
  </cheat>

  <cheat desc="快速攻击">
    <script state="run">
      <action>maincpu.pb@40CB8=FF</action>
    </script>
  </cheat>

  <cheat desc=" "/>

  <cheat desc="无限生命 PL1">
    <script state="run">
      <action>maincpu.pb@40CBD=0B</action>
    </script>
  </cheat>

  <cheat desc="无限生命 PL2">
    <script state="run">
      <action>maincpu.pb@40CCD=0B</action>
    </script>
  </cheat>

  <cheat desc=" "/>

  <cheat desc="跳过RAM/ROM检查"> <comment>最好是使用前一起启用</comment>
    <script state="on">
      <action>temp0 =maincpu.mw@08540</action>
      <action>temp1 =maincpu.mw@085B6</action>
    </script>
    <script state="run">
      <action>maincpu.mw@08540=606A</action>
      <action>maincpu.mw@085B6=6054</action> <!-- 1st = RAM Check, 2nd = ROM Check -->
    </script>
    <script state="off">
      <action>maincpu.mw@08540=temp0 </action>
      <action>maincpu.mw@085B6=temp1 </action>
    </script>
  </cheat>

</mamecheat>
<!-- Cheat file downloaded from http://www.mamecheat.co.uk, see cheat.txt for list of contributors. -->
