<mamecheat version="1">

  <cheat desc="P1 Start with 1 life">
    <script state="on">
      <action>temp0 =maincpu.rb@86A3</action>
    </script>
    <script state="run">
      <action condition="(maincpu.rb@86A3==05)">maincpu.rb@86A3=01</action>
    </script>
    <script state="off">
      <action>maincpu.rb@86A3=temp0 </action>
    </script>
  </cheat>

  <cheat desc="P1 Start with 8 lives">
    <script state="on">
      <action>temp0 =maincpu.rb@86A3</action>
    </script>
    <script state="run">
      <action condition="(maincpu.rb@86A3==05)">maincpu.rb@86A3=08</action>
    </script>
    <script state="off">
      <action>maincpu.rb@86A3=temp0 </action>
    </script>
  </cheat>

  <cheat desc="P1 Start with 10 lives">
    <script state="on">
      <action>temp0 =maincpu.rb@86A3</action>
    </script>
    <script state="run">
      <action condition="(maincpu.rb@86A3==05)">maincpu.rb@86A3=0A</action>
    </script>
    <script state="off">
      <action>maincpu.rb@86A3=temp0 </action>
    </script>
  </cheat>

  <cheat desc="P1 Start with 20 lives">
    <script state="on">
      <action>temp0 =maincpu.rb@86A3</action>
    </script>
    <script state="run">
      <action condition="(maincpu.rb@86A3==05)">maincpu.rb@86A3=14</action>
    </script>
    <script state="off">
      <action>maincpu.rb@86A3=temp0 </action>
    </script>
  </cheat>

  <cheat desc="P2 Start with 1 life">
    <script state="on">
      <action>temp0 =maincpu.rb@86E3</action>
    </script>
    <script state="run">
      <action condition="(maincpu.rb@86E3==05)">maincpu.rb@86E3=01</action>
    </script>
    <script state="off">
      <action>maincpu.rb@86E3=temp0 </action>
    </script>
  </cheat>

  <cheat desc="P2 Start with 8 lives">
    <script state="on">
      <action>temp0 =maincpu.rb@86E3</action>
    </script>
    <script state="run">
      <action condition="(maincpu.rb@86E3==05)">maincpu.rb@86E3=08</action>
    </script>
    <script state="off">
      <action>maincpu.rb@86E3=temp0 </action>
    </script>
  </cheat>

  <cheat desc="P2 Start with 10 lives">
    <script state="on">
      <action>temp0 =maincpu.rb@86E3</action>
    </script>
    <script state="run">
      <action condition="(maincpu.rb@86E3==05)">maincpu.rb@86E3=0A</action>
    </script>
    <script state="off">
      <action>maincpu.rb@86E3=temp0 </action>
    </script>
  </cheat>

  <cheat desc="P2 Start with 20 lives">
    <script state="on">
      <action>temp0 =maincpu.rb@86E3</action>
    </script>
    <script state="run">
      <action condition="(maincpu.rb@86E3==05)">maincpu.rb@86E3=14</action>
    </script>
    <script state="off">
      <action>maincpu.rb@86E3=temp0 </action>
    </script>
  </cheat>

  <cheat desc="P1 Start on level 2">
    <script state="on">
      <action>temp0 =maincpu.rb@86A1</action>
    </script>
    <script state="run">
      <action condition="(maincpu.rb@86A1==00)">maincpu.rb@86A1=01</action>
    </script>
    <script state="off">
      <action>maincpu.rb@86A1=temp0 </action>
    </script>
  </cheat>

  <cheat desc="P1 Start on level 3">
    <script state="on">
      <action>temp0 =maincpu.rb@86A1</action>
    </script>
    <script state="run">
      <action condition="(maincpu.rb@86A1==00)">maincpu.rb@86A1=02</action>
    </script>
    <script state="off">
      <action>maincpu.rb@86A1=temp0 </action>
    </script>
  </cheat>

  <cheat desc="P1 Start on level 4">
    <script state="on">
      <action>temp0 =maincpu.rb@86A1</action>
    </script>
    <script state="run">
      <action condition="(maincpu.rb@86A1==00)">maincpu.rb@86A1=03</action>
    </script>
    <script state="off">
      <action>maincpu.rb@86A1=temp0 </action>
    </script>
  </cheat>

  <cheat desc="P2 Start on level 2">
    <script state="on">
      <action>temp0 =maincpu.rb@86E1</action>
    </script>
    <script state="run">
      <action condition="(maincpu.rb@86E1==00)">maincpu.rb@86E1=01</action>
    </script>
    <script state="off">
      <action>maincpu.rb@86E1=temp0 </action>
    </script>
  </cheat>

  <cheat desc="P2 Start on level 3">
    <script state="on">
      <action>temp0 =maincpu.rb@86E1</action>
    </script>
    <script state="run">
      <action condition="(maincpu.rb@86E1==00)">maincpu.rb@86E1=02</action>
    </script>
    <script state="off">
      <action>maincpu.rb@86E1=temp0 </action>
    </script>
  </cheat>

  <cheat desc="P2 Start on level 4">
    <script state="on">
      <action>temp0 =maincpu.rb@86E1</action>
    </script>
    <script state="run">
      <action condition="(maincpu.rb@86E1==00)">maincpu.rb@86E1=03</action>
    </script>
    <script state="off">
      <action>maincpu.rb@86E1=temp0 </action>
    </script>
  </cheat>

  <cheat desc="Less joust time">
    <script state="on">
      <action>temp0 =maincpu.rb@943A</action>
    </script>
    <script state="run">
      <action condition="(maincpu.rb@943A==63)">maincpu.rb@943A=3C</action>
    </script>
    <script state="off">
      <action>maincpu.rb@943A=temp0 </action>
    </script>
  </cheat>

  <cheat desc="Stop joust timer">
    <script state="on">
      <action>temp0 =maincpu.rb@A32B</action>
    </script>
    <script state="run">
      <action condition="(maincpu.rb@A32B==CE)">maincpu.rb@A32B=2C</action>
    </script>
    <script state="off">
      <action>maincpu.rb@A32B=temp0 </action>
    </script>
  </cheat>

  <cheat desc="Less cannonball time">
    <script state="on">
      <action>temp0 =maincpu.rb@801C</action>
    </script>
    <script state="run">
      <action condition="(maincpu.rb@801C==63)">maincpu.rb@801C=3C</action>
    </script>
    <script state="off">
      <action>maincpu.rb@801C=temp0 </action>
    </script>
  </cheat>

  <cheat desc="Stop cannonball time">
    <script state="on">
      <action>temp0 =maincpu.rb@9104</action>
    </script>
    <script state="run">
      <action condition="(maincpu.rb@9104==CE)">maincpu.rb@9104=2C</action>
    </script>
    <script state="off">
      <action>maincpu.rb@9104=temp0 </action>
    </script>
  </cheat>

  <cheat desc="Less wall time">
    <script state="on">
      <action>temp0 =maincpu.rb@AA4A</action>
    </script>
    <script state="run">
      <action condition="(maincpu.rb@AA4A==63)">maincpu.rb@AA4A=3C</action>
    </script>
    <script state="off">
      <action>maincpu.rb@AA4A=temp0 </action>
    </script>
  </cheat>

  <cheat desc="Stop wall timer">
    <script state="on">
      <action>temp0 =maincpu.rb@AA98</action>
    </script>
    <script state="run">
      <action condition="(maincpu.rb@AA98==DE)">maincpu.rb@AA98=2C</action>
    </script>
    <script state="off">
      <action>maincpu.rb@AA98=temp0 </action>
    </script>
  </cheat>

  <cheat desc="More assault time">
    <script state="on">
      <action>temp0 =maincpu.rb@8726</action>
    </script>
    <script state="run">
      <action condition="(maincpu.rb@8726==3D)">maincpu.rb@8726=63</action>
    </script>
    <script state="off">
      <action>maincpu.rb@8726=temp0 </action>
    </script>
  </cheat>

  <cheat desc="Less assault time">
    <script state="on">
      <action>temp0 =maincpu.rb@8726</action>
    </script>
    <script state="run">
      <action condition="(maincpu.rb@8726==3D)">maincpu.rb@8726=29</action>
    </script>
    <script state="off">
      <action>maincpu.rb@8726=temp0 </action>
    </script>
  </cheat>

  <cheat desc="Stop assault timer">
    <script state="on">
      <action>temp0 =maincpu.rb@8755</action>
    </script>
    <script state="run">
      <action condition="(maincpu.rb@8755==CE)">maincpu.rb@8755=2C</action>
    </script>
    <script state="off">
      <action>maincpu.rb@8755=temp0 </action>
    </script>
  </cheat>

  <cheat desc="More power ball time - level 1">
    <script state="on">
      <action>temp0 =maincpu.rb@915A</action>
    </script>
    <script state="run">
      <action condition="(maincpu.rb@915A==3D)">maincpu.rb@915A=63</action>
    </script>
    <script state="off">
      <action>maincpu.rb@915A=temp0 </action>
    </script>
  </cheat>

  <cheat desc="More power ball time - level 2">
    <script state="on">
      <action>temp0 =maincpu.rb@915B</action>
    </script>
    <script state="run">
      <action condition="(maincpu.rb@915B==38)">maincpu.rb@915B=63</action>
    </script>
    <script state="off">
      <action>maincpu.rb@915B=temp0 </action>
    </script>
  </cheat>

  <cheat desc="More power ball time - level 3">
    <script state="on">
      <action>temp0 =maincpu.rb@915C</action>
    </script>
    <script state="run">
      <action condition="(maincpu.rb@915C==33)">maincpu.rb@915C=63</action>
    </script>
    <script state="off">
      <action>maincpu.rb@915C=temp0 </action>
    </script>
  </cheat>

  <cheat desc="More power ball time - level 4">
    <script state="on">
      <action>temp0 =maincpu.rb@915D</action>
    </script>
    <script state="run">
      <action condition="(maincpu.rb@915D==2E)">maincpu.rb@915D=63</action>
    </script>
    <script state="off">
      <action>maincpu.rb@915D=temp0 </action>
    </script>
  </cheat>

</mamecheat>
<!-- Cheat file downloaded from http://www.mamecheat.co.uk, see cheat.txt for list of contributors. -->
