<mamecheat version="1">

  <cheat desc="无限时间"> <comment>你需要在每回合的结束时关闭此作弊码来完成它！</comment>
    <script state="run">
      <action>maincpu.pw@E18E=5900</action>
    </script>
    <script state="off">
      <action>maincpu.pw@E18E=0100</action>
    </script>
  </cheat>

  <cheat desc="红车行驶5圈">
    <script state="on">
      <action>maincpu.pb@E012=05</action>
    </script>
  </cheat>

  <cheat desc="红车行驶0圈">
    <script state="on">
      <action>maincpu.pb@E012=00</action>
    </script>
  </cheat>

  <cheat desc="红车总是行驶5圈">
    <script state="run">
      <action>maincpu.pb@E012=05</action>
    </script>
  </cheat>

  <cheat desc="红车总是行驶0圈">
    <script state="run">
      <action>maincpu.pb@E012=00</action>
    </script>
  </cheat>

  <cheat desc="蓝车行驶5圈">
    <script state="on">
      <action>maincpu.pb@E052=05</action>
    </script>
  </cheat>

  <cheat desc="蓝车行驶0圈">
    <script state="on">
      <action>maincpu.pb@E052=00</action>
    </script>
  </cheat>

  <cheat desc="蓝车总是行驶5圈">
    <script state="run">
      <action>maincpu.pb@E052=05</action>
    </script>
  </cheat>

  <cheat desc="蓝车总是行驶0圈">
    <script state="run">
      <action>maincpu.pb@E052=00</action>
    </script>
  </cheat>

  <cheat desc="绿车行驶5圈">
    <script state="on">
      <action>maincpu.pb@E092=05</action>
    </script>
  </cheat>

  <cheat desc="绿车行驶0圈">
    <script state="on">
      <action>maincpu.pb@E092=00</action>
    </script>
  </cheat>

  <cheat desc="绿车总是行驶5圈">
    <script state="run">
      <action>maincpu.pb@E092=05</action>
    </script>
  </cheat>

  <cheat desc="绿车总是行驶0圈">
    <script state="run">
      <action>maincpu.pb@E092=00</action>
    </script>
  </cheat>

  <cheat desc="黄车行驶5圈">
    <script state="on">
      <action>maincpu.pb@E0D2=05</action>
    </script>
  </cheat>

  <cheat desc="黄车行驶0圈">
    <script state="on">
      <action>maincpu.pb@E0D2=00</action>
    </script>
  </cheat>

  <cheat desc="黄车总是行驶5圈">
    <script state="run">
      <action>maincpu.pb@E0D2=05</action>
    </script>
  </cheat>

  <cheat desc="黄车总是行驶0圈">
    <script state="run">
      <action>maincpu.pb@E0D2=00</action>
    </script>
  </cheat>

  <cheat desc=" "/>

  <cheat desc="无限投币 PL1">
    <script state="run">
      <action>maincpu.pb@E187=19</action>
    </script>
  </cheat>

  <cheat desc="最大速度 PL1">
    <script state="run">
      <action>maincpu.pb@E015=1F</action>
    </script>
  </cheat>

  <cheat desc="最小速度 PL1">
    <script state="run">
      <action>maincpu.pb@E015=00</action>
    </script>
  </cheat>

  <cheat desc="最大牵引 PL1">
    <script state="run">
      <action>maincpu.pb@E016=1F</action>
    </script>
  </cheat>

  <cheat desc="最小牵引 PL1">
    <script state="run">
      <action>maincpu.pb@E016=00</action>
    </script>
  </cheat>

  <cheat desc=" "/>

  <cheat desc="无限投币 PL2">
    <script state="run">
      <action>maincpu.pb@E188=19</action>
    </script>
  </cheat>

  <cheat desc="最大速度 PL2">
    <script state="run">
      <action>maincpu.pb@E055=1F</action>
    </script>
  </cheat>

  <cheat desc="最小速度 PL2">
    <script state="run">
      <action>maincpu.pb@E055=00</action>
    </script>
  </cheat>

  <cheat desc="最大牵引 PL2">
    <script state="run">
      <action>maincpu.pb@E056=1F</action>
    </script>
  </cheat>

  <cheat desc="最小牵引 PL2">
    <script state="run">
      <action>maincpu.pb@E056=00</action>
    </script>
  </cheat>

</mamecheat>
<!-- Cheat file downloaded from http://www.mamecheat.co.uk, see cheat.txt for list of contributors. -->
