<mamecheat version="1">

  <cheat desc="More time to answer questions">
    <script state="on">
      <action>temp0 =maincpu.rb@97B7</action>
    </script>
    <script state="run">
      <action condition="(maincpu.rb@97B7==19)">maincpu.rb@97B7=32</action>
    </script>
    <script state="off">
      <action>maincpu.rb@97B7=temp0 </action>
    </script>
  </cheat>

  <cheat desc="Less time to answer questions">
    <script state="on">
      <action>temp0 =maincpu.rb@97B7</action>
    </script>
    <script state="run">
      <action condition="(maincpu.rb@97B7==19)">maincpu.rb@97B7=0F</action>
    </script>
    <script state="off">
      <action>maincpu.rb@97B7=temp0 </action>
    </script>
  </cheat>

  <cheat desc="无限机会">
    <script state="on">
      <action>temp0 =maincpu.rb@A670</action>
    </script>
    <script state="run">
      <action condition="(maincpu.rb@A670==C0)">maincpu.rb@A670=00</action>
    </script>
    <script state="off">
      <action>maincpu.rb@A670=temp0 </action>
    </script>
  </cheat>

</mamecheat>
<!-- Cheat file downloaded from http://www.mamecheat.co.uk, see cheat.txt for list of contributors. -->
