<mamecheat version="1">

  <cheat desc="无限时间 (在奖励关关闭)">
    <script state="run">
      <action>maincpu.pb@108406=99</action>
    </script>
  </cheat>

  <cheat desc="完成比赛">
    <script state="on">
      <action>maincpu.pb@108406=00</action>
    </script>
  </cheat>

  <cheat desc="击中任何地方(2玩家)">
    <script state="on">
      <action>temp0 =maincpu.mw@010CAC</action>
    </script>
    <script state="run">
      <action>maincpu.mw@010CAC=6012</action> <!-- This ROM cheat was made by nolberto82 -->
    </script>
    <script state="off">
      <action>maincpu.mw@010CAC=temp0 </action>
    </script>
  </cheat>

  <cheat desc="绝望中移动(2玩家)"> <comment>Ryo or Robert's desperation move is always available. Perform desperation move with joystick D, DF, F and then key C followed by key A.</comment>
    <script state="on">
      <action>temp0 =maincpu.mb@0139AB</action>
      <action>temp1 =maincpu.mb@0139B9</action>
    </script>
    <script state="run">
      <action>maincpu.mb@0139AB=00</action> <!-- This ROM cheat was made by syndromtr -->
      <action>maincpu.mb@0139B9=80</action>
    </script>
    <script state="off">
      <action>maincpu.mb@0139AB=temp0 </action>
      <action>maincpu.mb@0139B9=temp1 </action>
    </script>
  </cheat>

  <cheat desc="在所有奖励游戏总是成功"> <comment>这个作弊必须选择奖金游戏前开启。选定的奖金游戏才会成功。</comment>
    <script state="on">
      <action>temp0 =maincpu.mw@0EAC8</action>
      <action>temp1 =maincpu.mw@0DC22</action>
      <action>temp2 =maincpu.pb@10870F</action>
      <action>temp3 =maincpu.pb@108448</action>
    </script>
    <script state="run">
      <action>maincpu.mw@0EAC8=600C</action> <!-- This ROM cheat was made by syndromtr -->
      <action>maincpu.mw@0DC22=600C</action>
      <action condition="(maincpu.pw@109EAE == F91C) AND (maincpu.pb@10843B == 02)">maincpu.pb@10870F=FF</action>
      <action condition="(maincpu.pw@109EAE == F91C) AND (maincpu.pb@10843B == 02)">maincpu.pb@108448=01</action>
    </script>
    <script state="off">
      <action>maincpu.mw@0EAC8=temp0 </action>
      <action>maincpu.mw@0DC22=temp1 </action>
      <action>maincpu.pb@10870F=temp2 </action>
      <action>maincpu.pb@108448=temp3 </action>
    </script>
  </cheat>

  <cheat desc=" "/>

  <cheat desc="无限能量 PL1">
    <script state="run">
      <action>maincpu.pb@1092CD=60</action>
    </script>
  </cheat>

  <cheat desc="耗尽所有能量 PL1">
    <script state="on">
      <action>maincpu.pb@1092CD=01</action>
    </script>
  </cheat>

 <cheat desc="掌握超必杀 PL1">
    <script state="run">
      <action>maincpu.pb@108448=01</action>
    </script>
  </cheat>

  <cheat desc="无限力量 PL1">
    <script state="run">
      <action>maincpu.pb@1094A4=80</action>
    </script>
  </cheat>

  <cheat desc="总是有最小力量 PL1">
    <script state="run">
      <action>maincpu.pb@1094A4=00</action>
    </script>
  </cheat>

  <cheat desc="耗尽所有力量 PL1">
    <script state="on">
      <action>maincpu.pb@1094A4=00</action>
    </script>
  </cheat>

  <cheat desc="选择按C键的动作 PL1"> <comment>按C键本质上就是A或者B键,超出范围除外,决于最后按那个键.例如按A,C为出拳,那么按B,C按就出脚</comment>
    <parameter>
      <item value="0x00">拳</item>
      <item value="0x01">踢</item>
    </parameter>
    <script state="run">
      <action>maincpu.pb@1094B5=param|(maincpu.pb@1094B5 BAND ~01)</action>
    </script>
  </cheat>

  <cheat desc="选择游戏角色 PL1"> <comment>当角色移动时角色作弊码开关立即运行,但是角色的能量图标和名称不会更新,直到下一轮回合</comment>
    <parameter>
      <item value="0x0000">阪崎亮</item>
      <item value="0x0001">罗伯特</item>
      <item value="0x0002">藤堂龙白</item>
      <item value="0x0003">杰克</item>
      <item value="0x0004">李白龙</item>
      <item value="0x0005">京</item>
      <item value="0x0006">米奇</item>
      <item value="0x0007">乔</item>
      <item value="0x0008">#比克</item>
      <item value="0x0009">#空手先生</item>
    </parameter>
    <script state="run">
      <action>maincpu.pw@1092C2=param</action>
    </script>
  </cheat>

  <cheat desc=" "/>

  <cheat desc="无限能量 PL2">
    <script state="run">
      <action>maincpu.pb@1093CD=60</action>
    </script>
  </cheat>

  <cheat desc="耗尽所有能量 PL2">
    <script state="on">
      <action>maincpu.pb@1093CD=01</action>
    </script>
  </cheat>

 <cheat desc="掌握超必杀 PL2">
    <script state="run">
      <action>maincpu.pb@108548=01</action>
    </script>
  </cheat>

  <cheat desc="无限力量 PL2">
    <script state="run">
      <action>maincpu.pb@1095A4=80</action>
    </script>
  </cheat>

  <cheat desc="总是有最小力量 PL2">
    <script state="run">
      <action>maincpu.pb@1095A4=00</action>
    </script>
  </cheat>

  <cheat desc="耗尽所有力量 PL2">
    <script state="on">
      <action>maincpu.pb@1095A4=00</action>
    </script>
  </cheat>

  <cheat desc="选择按C键的动作 PL2"> <comment>按C键本质上就是A或者B键,超出范围除外,决于最后按那个键.例如按A,C为出拳,那么按B,C按就出脚</comment>
    <parameter>
      <item value="0x00">拳</item>
      <item value="0x01">踢</item>
    </parameter>
    <script state="run">
      <action>maincpu.pb@1095B5=param|(maincpu.pb@1095B5 BAND ~01)</action>
    </script>
  </cheat>

  <cheat desc="选择游戏角色 PL2"> <comment>当角色移动时角色作弊码开关立即运行,但是角色的能量图标和名称不会更新,直到下一轮回合</comment>
    <parameter>
      <item value="0x0000">阪崎亮</item>
      <item value="0x0001">罗伯特</item>
      <item value="0x0002">藤堂龙白</item>
      <item value="0x0003">杰克</item>
      <item value="0x0004">李白龙</item>
      <item value="0x0005">京</item>
      <item value="0x0006">米奇</item>
      <item value="0x0007">乔</item>
      <item value="0x0008">#比克</item>
      <item value="0x0009">#空手先生</item>
    </parameter>
    <script state="run">
      <action>maincpu.pw@1093C2=param</action>
    </script>
  </cheat>

  <cheat desc=" "/>

  <cheat desc="Select Cartridge/NeoGeo Type"> <comment>Use in conjuction with the 'Skip RAM/ROM Checks' cheat for the best effect, then enable it and reset. The Home (NEOGEO) setting may open up other aspects of the game or it may even make the game unplayable.</comment>
    <parameter>
      <item value="0x80">街机 (MVS)</item>
      <item value="0x00">家机 (NEOGEO)</item>
    </parameter>
    <script state="run">
      <action>maincpu.pb@10FD82=param</action>
    </script>
  </cheat>

  <cheat desc="跳过RAM/ROM检查"> <comment>在没有绿色屏幕上可以更快地启动,最好是使用前一起启用</comment>
    <script state="on">
      <action>temp0 =maincpu.rd@C1315C</action>
      <action>temp1 =maincpu.rd@C1314E</action>
      <action>temp2 =maincpu.rd@C131E8</action>
      <action>temp3 =maincpu.rd@C13184</action>
      <action>temp4 =maincpu.rd@C1212E</action>
      <action>temp5 =maincpu.rd@C134FA</action>
    </script>
    <script state="run">
      <action condition="(maincpu.rd@C1315C==51CFFFF2)">maincpu.rd@C1315C=6000EB08</action> <!-- Euro + Japan-S2 BIOSs -->
      <action condition="(maincpu.rd@C1314E==51CFFFF2)">maincpu.rd@C1314E=6000EB16</action> <!-- Euro-S1 + Japan-S1 BIOSs -->
      <action condition="(maincpu.rd@C131E8==51CFFFF2)">maincpu.rd@C131E8=6000EA52</action> <!-- US BIOS -->
      <action condition="(maincpu.rd@C13184==51CFFFF2)">maincpu.rd@C13184=6000EAB6</action> <!-- US-E BIOS -->
      <action condition="(maincpu.rd@C1212E==51CFFFF2)">maincpu.rd@C1212E=6000EB36</action> <!-- Asia BIOS -->
      <action condition="(maincpu.rd@C134FA==51CFFFF2)">maincpu.rd@C134FA=6000E892</action> <!-- Japan BIOS -->
    </script>
    <script state="off">
      <action>maincpu.rd@C1315C=temp0 </action>
      <action>maincpu.rd@C1314E=temp1 </action>
      <action>maincpu.rd@C131E8=temp2 </action>
      <action>maincpu.rd@C13184=temp3 </action>
      <action>maincpu.rd@C1212E=temp4 </action>
      <action>maincpu.rd@C134FA=temp5 </action>
    </script>
  </cheat>

</mamecheat>
<!-- Cheat file downloaded from http://www.mamecheat.co.uk, see cheat.txt for list of contributors. -->