<mamecheat version="1">

  <cheat desc="无限时间">
    <script state="run">
      <action>maincpu.pb@10DF0F=63</action>
    </script>
  </cheat>

  <cheat desc="立即过关"> <comment>先关闭无限时间，再启用此作弊码</comment>
    <script state="on">
      <action>maincpu.pb@10DF0F=00</action>
    </script>
  </cheat>

  <cheat desc=" "/>
  <cheat desc="立即到BOSS关，作弊必须开启"/>
  <cheat desc="在角色选择屏幕上"/>
  <cheat desc=" "/>

  <cheat desc="立即到首位BOSS">
    <script state="on">
      <action>maincpu.pb@104BEB=07</action>
    </script>
  </cheat>

  <cheat desc="立即到最终Boss">
    <script state="on">
      <action>maincpu.pb@104BEB=08</action>
    </script>
  </cheat>

  <cheat desc="选择当前角色"> <comment>总是开启发烧模式</comment>
    <parameter>
      <item value="0x0000">罗伯特</item>
      <item value="0x0001">阪崎亮</item>
      <item value="0x0002">卡曼</item>
      <item value="0x0003">藤堂香澄</item>
      <item value="0x0004">罗迪</item>
      <item value="0x0005">蕾妮</item>
      <item value="0x0006">王觉山</item>
      <item value="0x0007">不破刃</item>
      <item value="0x0008">辛古莉</item>
      <item value="0x0009">威拉</item>
    </parameter>
    <script state="run">
      <action>maincpu.pw@10E260=param</action>
    </script>
  </cheat>

  <cheat desc="开启游戏角色辛古莉">
    <script state="run">
      <action>maincpu.pb@10EC07=01|(maincpu.pb@10EC07 BAND ~01)</action>
    </script>
  </cheat>

  <cheat desc="开启游戏角色威拉">
    <script state="run">
      <action>maincpu.pb@10EC07=02|(maincpu.pb@10EC07 BAND ~02)</action>
    </script>
  </cheat>

  <cheat desc=" "/>

  <cheat desc="P1 无限能量">
    <script state="run">
      <action>maincpu.pb@100468=10</action>
      <action>maincpu.pb@100469=00</action>
    </script>
  </cheat>

  <cheat desc="P1 立即耗尽所有能量">
    <script state="on">
      <action>maincpu.pb@100468=00</action>
      <action>maincpu.pb@100469=01</action>
    </script>
  </cheat>

  <cheat desc="P1 无限力量">
    <script state="run">
      <action>maincpu.pb@10046A=10</action>
      <action>maincpu.pb@10046B=00</action>
    </script>
  </cheat>

  <cheat desc="P1 总是有最小力量">
    <script state="run">
      <action>maincpu.pb@10046A=00</action>
      <action>maincpu.pb@10046B=00</action>
    </script>
  </cheat>

  <cheat desc="P1 立即耗尽所有力量">
    <script state="on">
      <action>maincpu.pb@10046A=00</action>
      <action>maincpu.pb@10046B=01</action>
    </script>
  </cheat>

  <cheat desc="P1 快速攻击 - 拳">
    <script state="run">
      <action>maincpu.pb@1078A8=00|(maincpu.pb@1078A8 BAND ~10)</action>
    </script>
  </cheat>

  <cheat desc="P1 快速攻击 - 脚">
    <script state="run">
      <action>maincpu.pb@1078A8=00|(maincpu.pb@1078A8 BAND ~20)</action>
    </script>
  </cheat>

  <cheat desc="P1 快速攻击 - 重招">
    <script state="run">
      <action>maincpu.pb@1078A8=00|(maincpu.pb@1078A8 BAND ~40)</action>
    </script>
  </cheat>

  <cheat desc="P1 选择角色"> <comment>自由角色选择-没有隐藏角色.要两个回合之间使用.不能工作在第一个回合</comment>
    <parameter>
      <item value="0x00">罗伯特</item>
      <item value="0x01">阪崎亮</item>
      <item value="0x02">卡曼</item>
      <item value="0x03">藤堂香澄</item>
      <item value="0x04">罗迪</item>
      <item value="0x05">蕾妮</item>
      <item value="0x06">王觉山</item>
      <item value="0x07">不破刃</item>
      <item value="0x08">辛古莉</item>
      <item value="0x09">威拉</item>
    </parameter>
    <script state="run">
      <action>maincpu.pb@104C0D=param</action>
    </script>
  </cheat>

  <cheat desc=" "/>

  <cheat desc="P2 无限能量">
    <script state="run">
      <action>maincpu.pb@100568=10</action>
      <action>maincpu.pb@100569=00</action>
    </script>
  </cheat>

  <cheat desc="P2 立即耗尽所有能量">
    <script state="on">
      <action>maincpu.pb@100568=00</action>
      <action>maincpu.pb@100569=01</action>
    </script>
  </cheat>

  <cheat desc="P2 无限力量">
    <script state="run">
      <action>maincpu.pb@10056A=10</action>
      <action>maincpu.pb@10056B=00</action>
    </script>
  </cheat>

  <cheat desc="P2 总是有最小力量">
    <script state="run">
      <action>maincpu.pb@10056A=00</action>
      <action>maincpu.pb@10056B=00</action>
    </script>
  </cheat>

  <cheat desc="P2 立即耗尽所有力量">
    <script state="on">
      <action>maincpu.pb@10056A=00</action>
      <action>maincpu.pb@10056B=01</action>
    </script>
  </cheat>

  <cheat desc="P2 快速攻击 - 拳">
    <script state="run">
      <action>maincpu.pb@1078E8=00|(maincpu.pb@1078E8 BAND ~10)</action>
    </script>
  </cheat>

  <cheat desc="P2 快速攻击 - 脚">
    <script state="run">
      <action>maincpu.pb@1078E8=00|(maincpu.pb@1078E8 BAND ~20)</action>
    </script>
  </cheat>

  <cheat desc="P2 快速攻击 - 重招">
    <script state="run">
      <action>maincpu.pb@1078E8=00|(maincpu.pb@1078E8 BAND ~40)</action>
    </script>
  </cheat>

  <cheat desc="P2 选择角色"> <comment>自由角色选择-没有隐藏角色.要两个回合之间使用.不能工作在第一个回合</comment>
    <parameter>
      <item value="0x00">罗伯特</item>
      <item value="0x01">阪崎亮</item>
      <item value="0x02">卡曼</item>
      <item value="0x03">藤堂香澄</item>
      <item value="0x04">罗迪</item>
      <item value="0x05">蕾妮</item>
      <item value="0x06">王觉山</item>
      <item value="0x07">不破刃</item>
      <item value="0x08">辛古莉</item>
      <item value="0x09">威拉</item>
    </parameter>
    <script state="run">
      <action>maincpu.pb@104C0F=param</action>
    </script>
  </cheat>

  <cheat desc=" "/>

  <cheat desc="选择街机/家用机模式"> <comment>Use in conjunction with the 'Skip Boot Animations' cheat for the best effect, then enable it and reset. The Arcade (MVS) setting may open up other aspects of the game or it may even make the game unplayable especially if you need a coin slot.</comment>
    <parameter>
      <item value="0x00">家机 (NEOGEO)</item>
	  <item value="0x80">街机 (MVS)</item>
    </parameter>
    <script state="run">
      <action>maincpu.pb@10FD82=param</action>
    </script>
    <script state="off">
      <action>maincpu.pb@10FD82=00</action>
    </script>	
  </cheat>

  <cheat desc="Skip Boot Animations"> <comment>Allows a quicker start-up</comment>
    <script state="run">
      <action condition="(maincpu.rw@C14C38==6418)">maincpu.rw@C14C38=4E71</action>
      <action condition="(maincpu.rw@C14C3E==CEC4)">maincpu.rw@C14C3E=CEDC</action>
    </script>
    <script state="off">
      <action condition="(maincpu.rw@C14C38==4E71)">maincpu.rw@C14C38=6418</action>	
      <action condition="(maincpu.rw@C14C3E==CEDC)">maincpu.rw@C14C3E=CEC4</action>
    </script>
  </cheat>

</mamecheat>
<!-- Cheat file downloaded from http://www.mamecheat.co.uk, see cheat.txt for list of contributors. -->
