<mamecheat version="1">

  <cheat desc="无限时间">
    <script state="run">
      <action>maincpu.pb@10DF0F=63</action>
    </script>
  </cheat>

  <cheat desc="过关"> <comment>先关闭无限时间，再启用此作弊码</comment>
    <script state="on">
      <action>maincpu.pb@10DF0F=00</action>
    </script>
  </cheat>

  <cheat desc=" "/>
  <cheat desc="到BOSS关，作弊必须开启"/>
  <cheat desc="在角色选择屏幕上"/>
  <cheat desc=" "/>

  <cheat desc="到首位BOSS">
    <script state="on">
      <action>maincpu.pb@104BEB=07</action>
    </script>
  </cheat>

  <cheat desc="到最终Boss">
    <script state="on">
      <action>maincpu.pb@104BEB=08</action>
    </script>
  </cheat>

  <cheat desc="选择当前角色"> <comment>总是开启发烧模式</comment>
    <parameter>
      <item value="0x0000">罗伯特</item>
      <item value="0x0001">阪崎亮</item>
      <item value="0x0002">卡曼</item>
      <item value="0x0003">藤堂香澄</item>
      <item value="0x0004">罗迪</item>
      <item value="0x0005">蕾妮</item>
      <item value="0x0006">王觉山</item>
      <item value="0x0007">不破刃</item>
      <item value="0x0008">辛古莉</item>
      <item value="0x0009">威拉</item>
    </parameter>
    <script state="run">
      <action>maincpu.pw@10E260=param</action>
    </script>
  </cheat>

  <cheat desc="开启游戏角色辛古莉">
    <script state="run">
      <action>maincpu.pb@10EC07=01|(maincpu.pb@10EC07 BAND ~01)</action>
    </script>
  </cheat>

  <cheat desc="开启游戏角色威拉">
    <script state="run">
      <action>maincpu.pb@10EC07=02|(maincpu.pb@10EC07 BAND ~02)</action>
    </script>
  </cheat>

  <cheat desc=" "/>

  <cheat desc="无限能量 PL1">
    <script state="run">
      <action>maincpu.pb@100468=10</action>
      <action>maincpu.pb@100469=00</action>
    </script>
  </cheat>

  <cheat desc="耗尽所有能量 PL1">
    <script state="on">
      <action>maincpu.pb@100468=00</action>
      <action>maincpu.pb@100469=01</action>
    </script>
  </cheat>

  <cheat desc="无限力量 PL1">
    <script state="run">
      <action>maincpu.pb@10046A=10</action>
      <action>maincpu.pb@10046B=00</action>
    </script>
  </cheat>

  <cheat desc="总是有最小力量 PL1">
    <script state="run">
      <action>maincpu.pb@10046A=00</action>
      <action>maincpu.pb@10046B=00</action>
    </script>
  </cheat>

  <cheat desc="耗尽所有力量 PL1">
    <script state="on">
      <action>maincpu.pb@10046A=00</action>
      <action>maincpu.pb@10046B=01</action>
    </script>
  </cheat>

  <cheat desc="快速攻击 - 拳 PL1">
    <script state="run">
      <action>maincpu.pb@1078A8=00|(maincpu.pb@1078A8 BAND ~10)</action>
    </script>
  </cheat>

  <cheat desc="快速攻击 - 脚 PL1">
    <script state="run">
      <action>maincpu.pb@1078A8=00|(maincpu.pb@1078A8 BAND ~20)</action>
    </script>
  </cheat>

  <cheat desc="快速攻击 - 重招 PL1">
    <script state="run">
      <action>maincpu.pb@1078A8=00|(maincpu.pb@1078A8 BAND ~40)</action>
    </script>
  </cheat>

  <cheat desc="选择游戏角色 PL1"> <comment>自由角色选择-没有隐藏角色.要两个回合之间使用.不能工作在第一个回合</comment>
    <parameter>
      <item value="0x00">罗伯特</item>
      <item value="0x01">阪崎亮</item>
      <item value="0x02">卡曼</item>
      <item value="0x03">藤堂香澄</item>
      <item value="0x04">罗迪</item>
      <item value="0x05">蕾妮</item>
      <item value="0x06">王觉山</item>
      <item value="0x07">不破刃</item>
      <item value="0x08">辛古莉</item>
      <item value="0x09">威拉</item>
    </parameter>
    <script state="run">
      <action>maincpu.pb@104C0D=param</action>
    </script>
  </cheat>

  <cheat desc=" "/>

  <cheat desc="无限能量 PL2">
    <script state="run">
      <action>maincpu.pb@100568=10</action>
      <action>maincpu.pb@100569=00</action>
    </script>
  </cheat>

  <cheat desc="耗尽所有能量 PL2">
    <script state="on">
      <action>maincpu.pb@100568=00</action>
      <action>maincpu.pb@100569=01</action>
    </script>
  </cheat>

  <cheat desc="无限力量 PL2">
    <script state="run">
      <action>maincpu.pb@10056A=10</action>
      <action>maincpu.pb@10056B=00</action>
    </script>
  </cheat>

  <cheat desc="总是有最小力量 PL2">
    <script state="run">
      <action>maincpu.pb@10056A=00</action>
      <action>maincpu.pb@10056B=00</action>
    </script>
  </cheat>

  <cheat desc="耗尽所有力量 PL2">
    <script state="on">
      <action>maincpu.pb@10056A=00</action>
      <action>maincpu.pb@10056B=01</action>
    </script>
  </cheat>

  <cheat desc="快速攻击 - 拳 PL2">
    <script state="run">
      <action>maincpu.pb@1078E8=00|(maincpu.pb@1078E8 BAND ~10)</action>
    </script>
  </cheat>

  <cheat desc="快速攻击 - 脚 PL2">
    <script state="run">
      <action>maincpu.pb@1078E8=00|(maincpu.pb@1078E8 BAND ~20)</action>
    </script>
  </cheat>

  <cheat desc="快速攻击 - 重招 PL2">
    <script state="run">
      <action>maincpu.pb@1078E8=00|(maincpu.pb@1078E8 BAND ~40)</action>
    </script>
  </cheat>

  <cheat desc="选择游戏角色 PL2"> <comment>自由角色选择-没有隐藏角色.要两个回合之间使用.不能工作在第一个回合</comment>
    <parameter>
      <item value="0x00">罗伯特</item>
      <item value="0x01">阪崎亮</item>
      <item value="0x02">卡曼</item>
      <item value="0x03">藤堂香澄</item>
      <item value="0x04">罗迪</item>
      <item value="0x05">蕾妮</item>
      <item value="0x06">王觉山</item>
      <item value="0x07">不破刃</item>
      <item value="0x08">辛古莉</item>
      <item value="0x09">威拉</item>
    </parameter>
    <script state="run">
      <action>maincpu.pb@104C0F=param</action>
    </script>
  </cheat>

  <cheat desc=" "/>

  <cheat desc="Select Cartridge/NeoGeo Type"> <comment>Use in conjuction with the 'Skip RAM/ROM Checks' cheat for the best effect, then enable it and reset. The Home (NEOGEO) setting may open up other aspects of the game or it may even make the game unplayable.</comment>
    <parameter>
      <item value="0x80">街机 (MVS)</item>
      <item value="0x00">家机 (NEOGEO)</item>
    </parameter>
    <script state="run">
      <action>maincpu.pb@10FD82=param</action>
    </script>
  </cheat>

  <cheat desc="跳过RAM/ROM检查"> <comment>在没有绿色屏幕上可以更快地启动,最好是使用前一起启用</comment>
    <script state="on">
      <action>temp0 =maincpu.rd@C1315C</action>
      <action>temp1 =maincpu.rd@C1314E</action>
      <action>temp2 =maincpu.rd@C131E8</action>
      <action>temp3 =maincpu.rd@C13184</action>
      <action>temp4 =maincpu.rd@C1212E</action>
      <action>temp5 =maincpu.rd@C134FA</action>
    </script>
    <script state="run">
      <action condition="(maincpu.rd@C1315C==51CFFFF2)">maincpu.rd@C1315C=6000EB08</action> <!-- Euro + Japan-S2 BIOSs -->
      <action condition="(maincpu.rd@C1314E==51CFFFF2)">maincpu.rd@C1314E=6000EB16</action> <!-- Euro-S1 + Japan-S1 BIOSs -->
      <action condition="(maincpu.rd@C131E8==51CFFFF2)">maincpu.rd@C131E8=6000EA52</action> <!-- US BIOS -->
      <action condition="(maincpu.rd@C13184==51CFFFF2)">maincpu.rd@C13184=6000EAB6</action> <!-- US-E BIOS -->
      <action condition="(maincpu.rd@C1212E==51CFFFF2)">maincpu.rd@C1212E=6000EB36</action> <!-- Asia BIOS -->
      <action condition="(maincpu.rd@C134FA==51CFFFF2)">maincpu.rd@C134FA=6000E892</action> <!-- Japan BIOS -->
    </script>
    <script state="off">
      <action>maincpu.rd@C1315C=temp0 </action>
      <action>maincpu.rd@C1314E=temp1 </action>
      <action>maincpu.rd@C131E8=temp2 </action>
      <action>maincpu.rd@C13184=temp3 </action>
      <action>maincpu.rd@C1212E=temp4 </action>
      <action>maincpu.rd@C134FA=temp5 </action>
    </script>
  </cheat>

</mamecheat>
<!-- Cheat file downloaded from http://www.mamecheat.co.uk, see cheat.txt for list of contributors. -->
