<mamecheat version="1">

  <cheat desc="P1 无限能量">
    <script state="run">
      <action>maincpu.pb@FF90B1=maincpu.pb@FF90B7</action>
    </script>
  </cheat>

  <cheat desc="P1 无限力量">
    <script state="run">
      <action>maincpu.pb@FF90B3=maincpu.pb@FF90BB</action>
      <action>maincpu.pb@FF90B5=maincpu.pb@FF90BB</action>
    </script>
  </cheat>

  <cheat desc="P1 Max Health">
    <script state="run">
      <action>maincpu.pb@FF90B7=80</action>
    </script>
  </cheat>

  <cheat desc="P1 Max Energy">
    <script state="run">
      <action>maincpu.pb@FF90BB=80</action>
    </script>
  </cheat>

  <cheat desc="P1 Always have Haoh-Shokoken">
    <script state="run">
      <action>maincpu.pb@FF90E3=FF</action>
    </script>
  </cheat>

  <cheat desc="P1 选择角色">
    <parameter>
      <item value="0x00">阪崎亮</item>
      <item value="0x04">Robert</item>
      <item value="0x08">Todo</item>
      <item value="0x0C">Jack</item>
      <item value="0x10">Lee</item>
      <item value="0x14">京</item>
      <item value="0x18">Micky</item>
      <item value="0x1C">John</item>
      <item value="0x20">Mr. Big</item>
      <item value="0x24">Mr. Karate</item>
    </parameter>
    <script state="run">
      <action>maincpu.pb@FF9057=param</action>
    </script>
  </cheat>

  <cheat desc=" "/>

  <cheat desc="P2 无限能量">
    <script state="run">
      <action>maincpu.pb@FF92B1=maincpu.pb@FF92B7</action>
    </script>
  </cheat>

  <cheat desc="P2 无限力量">
    <script state="run">
      <action>maincpu.pb@FF92B3=maincpu.pb@FF92BB</action>
      <action>maincpu.pb@FF92B5=maincpu.pb@FF92BB</action>
    </script>
  </cheat>

  <cheat desc="P2 Max Health">
    <script state="run">
      <action>maincpu.pb@FF92B7=80</action>
    </script>
  </cheat>

  <cheat desc="P2 Max Energy">
    <script state="run">
      <action>maincpu.pb@FF92BB=80</action>
    </script>
  </cheat>

  <cheat desc="P2 选择角色">
    <parameter>
      <item value="0x00">阪崎亮</item>
      <item value="0x04">Robert</item>
      <item value="0x08">Todo</item>
      <item value="0x0C">Jack</item>
      <item value="0x10">Lee</item>
      <item value="0x14">京</item>
      <item value="0x18">Micky</item>
      <item value="0x1C">John</item>
      <item value="0x20">Mr. Big</item>
      <item value="0x24">Mr. Karate</item>
    </parameter>
    <script state="run">
      <action>maincpu.pb@FF9257=param</action>
    </script>
  </cheat>

  <cheat desc="P2 Always have Haoh-Shokoken">
    <script state="run">
      <action>maincpu.pb@FF90E3=FF</action>
    </script>
  </cheat>

</mamecheat>
<!-- Cheat file downloaded from http://www.mamecheat.co.uk, see cheat.txt for list of contributors. -->
