﻿<mamecheat version="1">

  <cheat desc="无限投币">
    <script state="run">
      <action>maincpu.pb@28E73F=09</action>
    </script>
  </cheat>

  <cheat desc="无限时间">
    <script state="run">
      <action>maincpu.pd@28DED4=0000270F</action> <!-- Will display upto 7FFFFFFF -->
    </script>
  </cheat>

  <cheat desc="无限能量 PL1">
    <script state="run">
      <action>maincpu.pw@29ECEA=04EC</action>
    </script>
  </cheat>

  <cheat desc=" "/>

  <cheat desc="总是有最大力量 PL1">
    <script state="run">
      <action>maincpu.pb@29ECF3=64</action>
    </script>
  </cheat>

  <cheat desc="无限金钱 PL1">
    <script state="run">
      <action>maincpu.pb@29ED0F=C8</action>
    </script>
  </cheat>

  <cheat desc="无限魔力 PL1">
    <script state="run">
      <action>maincpu.pb@29F55F=05</action>
      <action>maincpu.pb@29F563=05</action>
      <action>maincpu.pb@29F567=05</action>
      <action>maincpu.pb@29F56B=05</action>
      <action>maincpu.pb@29F56F=05</action>
      <action>maincpu.pb@29F573=05</action>
      <action>maincpu.pb@29F577=05</action>
      <action>maincpu.pb@29F57B=05</action>
    </script>
  </cheat>

  <cheat desc="无限 8 魔法 PL1">
    <script state="run">
      <action>maincpu.pb@29F4FB=08</action>
    </script>
  </cheat>

  <cheat desc="选择 Chamuku 魔法 PL1">
    <parameter>
      <item value="0x01">火焰</item>
      <item value="0x02">旋风</item>
      <item value="0x03">闪电</item>
      <item value="0x04">魔鬼</item>
      <item value="0x05">火墙</item>
      <item value="0x06">加活力</item>
    </parameter>
    <script state="run">
      <action condition="(param==01)">maincpu.pb@29F4F7=06</action>
      <action condition="(param==01)">maincpu.pb@29F59F=00</action>
      <action condition="(param==02)">maincpu.pb@29F4F7=06</action>
      <action condition="(param==02)">maincpu.pb@29F59F=01</action>
      <action condition="(param==03)">maincpu.pb@29F4F7=06</action>
      <action condition="(param==03)">maincpu.pb@29F59F=02</action>
      <action condition="(param==04)">maincpu.pb@29F4F7=06</action>
      <action condition="(param==04)">maincpu.pb@29F59F=10</action>
      <action condition="(param==05)">maincpu.pb@29F4F7=06</action>
      <action condition="(param==05)">maincpu.pb@29F59F=11</action>
      <action condition="(param==06)">maincpu.pb@29F4F7=06</action>
      <action condition="(param==06)">maincpu.pb@29F59F=12</action>
    </script>
  </cheat>

  <cheat desc="选择 Kai 魔法 PL1">
    <parameter>
      <item value="0x01">火焰</item>
      <item value="0x02">旋风</item>
      <item value="0x03">雷电</item>
      <item value="0x04">魔法箭</item>
    </parameter>
    <script state="run">
      <action condition="(param==01)">maincpu.pb@29F4F7=06</action>
      <action condition="(param==01)">maincpu.pb@29F59F=00</action>
      <action condition="(param==02)">maincpu.pb@29F4F7=06</action>
      <action condition="(param==02)">maincpu.pb@29F59F=01</action>
      <action condition="(param==03)">maincpu.pb@29F4F7=06</action>
      <action condition="(param==03)">maincpu.pb@29F59F=02</action>
      <action condition="(param==04)">maincpu.pb@29F4F7=06</action>
      <action condition="(param==04)">maincpu.pb@29F59F=10</action>
    </script>
  </cheat>

  <cheat desc="选择 Shue 魔法 PL1">
    <parameter>
      <item value="0x01">火焰</item>
      <item value="0x02">旋风</item>
      <item value="0x03">雷电</item>
      <item value="0x04">火焰炸弹</item>
      <item value="0x05">FORMCHANGE</item>
      <item value="0x06">强壮?????</item>
    </parameter>
    <script state="run">
      <action condition="(param==01)">maincpu.pb@29F4F7=06</action>
      <action condition="(param==01)">maincpu.pb@29F59F=00</action>
      <action condition="(param==02)">maincpu.pb@29F4F7=06</action>
      <action condition="(param==02)">maincpu.pb@29F59F=01</action>
      <action condition="(param==03)">maincpu.pb@29F4F7=06</action>
      <action condition="(param==03)">maincpu.pb@29F59F=02</action>
      <action condition="(param==04)">maincpu.pb@29F4F7=06</action>
      <action condition="(param==04)">maincpu.pb@29F59F=10</action>
      <action condition="(param==05)">maincpu.pb@29F4F7=06</action>
      <action condition="(param==05)">maincpu.pb@29F59F=11</action>
      <action condition="(param==06)">maincpu.pb@29F4F7=06</action>
      <action condition="(param==06)">maincpu.pb@29F59F=12</action>
    </script>
  </cheat>

  <cheat desc="选择 Shenmue 魔法 PL1">
    <parameter>
      <item value="0x01">火焰</item>
      <item value="0x02">旋风</item>
      <item value="0x03">雷电</item>
      <item value="0x04">能量球</item>
      <item value="0x05">抓手</item>
      <item value="0x06">分身术</item>
      <item value="0x07">困绳术</item>
      <item value="0x08">冰风暴</item>
      <item value="0x09">循环火</item>
      <item value="0x10">金龙</item>
      <item value="0x11">OAX-攻击</item>
      <item value="0x12">LOG-攻击</item>
    </parameter>
    <script state="run">
      <action condition="(param==01)">maincpu.pb@29F4F7=06</action>
      <action condition="(param==01)">maincpu.pb@29F59F=00</action>
      <action condition="(param==02)">maincpu.pb@29F4F7=06</action>
      <action condition="(param==02)">maincpu.pb@29F59F=01</action>
      <action condition="(param==03)">maincpu.pb@29F4F7=06</action>
      <action condition="(param==03)">maincpu.pb@29F59F=02</action>
      <action condition="(param==04)">maincpu.pb@29F4F7=06</action>
      <action condition="(param==04)">maincpu.pb@29F59F=10</action>
      <action condition="(param==05)">maincpu.pb@29F4F7=06</action>
      <action condition="(param==05)">maincpu.pb@29F59F=11</action>
      <action condition="(param==06)">maincpu.pb@29F4F7=06</action>
      <action condition="(param==06)">maincpu.pb@29F59F=12</action>
      <action condition="(param==07)">maincpu.pb@29F4F7=06</action>
      <action condition="(param==07)">maincpu.pb@29F59F=13</action>
      <action condition="(param==08)">maincpu.pb@29F4F7=06</action>
      <action condition="(param==08)">maincpu.pb@29F59F=14</action>
      <action condition="(param==09)">maincpu.pb@29F4F7=06</action>
      <action condition="(param==09)">maincpu.pb@29F59F=15</action>
      <action condition="(param==10)">maincpu.pb@29F4F7=06</action>
      <action condition="(param==10)">maincpu.pb@29F59F=16</action>
      <action condition="(param==11)">maincpu.pb@29F4F7=06</action>
      <action condition="(param==11)">maincpu.pb@29F59F=32</action>
      <action condition="(param==12)">maincpu.pb@29F4F7=06</action>
      <action condition="(param==12)">maincpu.pb@29F59F=33</action>
    </script>
  </cheat>

<cheat desc="最大蓄力 PL1">
                <script state="run">
                        <action>maincpu.pb@29F4AB=78</action>
                </script>
  </cheat>  
  <cheat desc="选择武器等级 PL1(法师不可)">
                <parameter>
                        <item value="0x00">1级</item>
                        <item value="0x01">2级</item>
                        <item value="0x02">3级</item>
                </parameter>
                <script state="run">
                        <action>maincpu.pb@29ED13=param</action>
                </script>
  </cheat>  

  <cheat desc=" "/>

  <cheat desc="无限能量 PL2">
    <script state="run">
      <action>maincpu.pw@29F7FE=04EC</action>
    </script>
  </cheat>

  <cheat desc="总是有最大力量 PL2">
    <script state="run">
      <action>maincpu.pb@29F807=64</action>
    </script>
  </cheat>

  <cheat desc="无限金钱 PL2">
    <script state="run">
      <action>maincpu.pb@29F823=C8</action>
    </script>
  </cheat>

  <cheat desc="无限魔力 PL2">
    <script state="run">
      <action>maincpu.pb@2A0073=05</action>
      <action>maincpu.pb@2A0077=05</action>
      <action>maincpu.pb@2A007B=05</action>
      <action>maincpu.pb@2A007F=05</action>
      <action>maincpu.pb@2A0083=05</action>
      <action>maincpu.pb@2A0087=05</action>
      <action>maincpu.pb@2A008B=05</action>
      <action>maincpu.pb@2A008F=05</action>
    </script>
  </cheat>

  <cheat desc="无限 8 魔法 PL2">
    <script state="run">
      <action>maincpu.pb@2A000F=08</action>
    </script>
  </cheat>

  <cheat desc="选择 Chamuku 魔法 PL2">
    <parameter>
      <item value="0x01">火焰</item>
      <item value="0x02">旋风</item>
      <item value="0x03">闪电</item>
      <item value="0x04">魔鬼</item>
      <item value="0x05">火墙</item>
      <item value="0x06">加活力</item>
    </parameter>
    <script state="run">
      <action condition="(param==01)">maincpu.pb@2A000B=06</action>
      <action condition="(param==01)">maincpu.pb@2A00B3=00</action>
      <action condition="(param==02)">maincpu.pb@2A000B=06</action>
      <action condition="(param==02)">maincpu.pb@2A00B3=01</action>
      <action condition="(param==03)">maincpu.pb@2A000B=06</action>
      <action condition="(param==03)">maincpu.pb@2A00B3=02</action>
      <action condition="(param==04)">maincpu.pb@2A000B=06</action>
      <action condition="(param==04)">maincpu.pb@2A00B3=10</action>
      <action condition="(param==05)">maincpu.pb@2A000B=06</action>
      <action condition="(param==05)">maincpu.pb@2A00B3=11</action>
      <action condition="(param==06)">maincpu.pb@2A000B=06</action>
      <action condition="(param==06)">maincpu.pb@2A00B3=12</action>
    </script>
  </cheat>

  <cheat desc="选择 Kai 魔法 PL2">
    <parameter>
      <item value="0x01">火焰</item>
      <item value="0x02">旋风</item>
      <item value="0x03">雷电</item>
      <item value="0x04">魔法箭</item>
    </parameter>
    <script state="run">
      <action condition="(param==01)">maincpu.pb@2A000B=06</action>
      <action condition="(param==01)">maincpu.pb@2A00B3=00</action>
      <action condition="(param==02)">maincpu.pb@2A000B=06</action>
      <action condition="(param==02)">maincpu.pb@2A00B3=01</action>
      <action condition="(param==03)">maincpu.pb@2A000B=06</action>
      <action condition="(param==03)">maincpu.pb@2A00B3=02</action>
      <action condition="(param==04)">maincpu.pb@2A000B=06</action>
      <action condition="(param==04)">maincpu.pb@2A00B3=10</action>
    </script>
  </cheat>

  <cheat desc="选择 Shue 魔法 PL2">
    <parameter>
      <item value="0x01">火焰</item>
      <item value="0x02">旋风</item>
      <item value="0x03">雷电</item>
      <item value="0x04">火焰炸弹</item>
      <item value="0x05">FORMCHANGE</item>
      <item value="0x06">强壮?????</item>
    </parameter>
    <script state="run">
      <action condition="(param==01)">maincpu.pb@2A000B=06</action>
      <action condition="(param==01)">maincpu.pb@2A00B3=00</action>
      <action condition="(param==02)">maincpu.pb@2A000B=06</action>
      <action condition="(param==02)">maincpu.pb@2A00B3=01</action>
      <action condition="(param==03)">maincpu.pb@2A000B=06</action>
      <action condition="(param==03)">maincpu.pb@2A00B3=02</action>
      <action condition="(param==04)">maincpu.pb@2A000B=06</action>
      <action condition="(param==04)">maincpu.pb@2A00B3=10</action>
      <action condition="(param==05)">maincpu.pb@2A000B=06</action>
      <action condition="(param==05)">maincpu.pb@2A00B3=11</action>
      <action condition="(param==06)">maincpu.pb@2A000B=06</action>
      <action condition="(param==06)">maincpu.pb@2A00B3=12</action>
    </script>
  </cheat>

  <cheat desc="选择 Shenmue 魔法 PL2">
    <parameter>
      <item value="0x01">火焰</item>
      <item value="0x02">旋风</item>
      <item value="0x03">雷电</item>
      <item value="0x04">能量球</item>
      <item value="0x05">抓手</item>
      <item value="0x06">分身术</item>
      <item value="0x07">困绳术</item>
      <item value="0x08">冰风暴</item>
      <item value="0x09">循环火</item>
      <item value="0x10">金龙</item>
      <item value="0x11">OAX-攻击</item>
      <item value="0x12">LOG-攻击</item>
    </parameter>
    <script state="run">
      <action condition="(param==01)">maincpu.pb@2A000B=06</action>
      <action condition="(param==01)">maincpu.pb@2A00B3=00</action>
      <action condition="(param==02)">maincpu.pb@2A000B=06</action>
      <action condition="(param==02)">maincpu.pb@2A00B3=01</action>
      <action condition="(param==03)">maincpu.pb@2A000B=06</action>
      <action condition="(param==03)">maincpu.pb@2A00B3=02</action>
      <action condition="(param==04)">maincpu.pb@2A000B=06</action>
      <action condition="(param==04)">maincpu.pb@2A00B3=10</action>
      <action condition="(param==05)">maincpu.pb@2A000B=06</action>
      <action condition="(param==05)">maincpu.pb@2A00B3=11</action>
      <action condition="(param==06)">maincpu.pb@2A000B=06</action>
      <action condition="(param==06)">maincpu.pb@2A00B3=12</action>
      <action condition="(param==07)">maincpu.pb@2A000B=06</action>
      <action condition="(param==07)">maincpu.pb@2A00B3=13</action>
      <action condition="(param==08)">maincpu.pb@2A000B=06</action>
      <action condition="(param==08)">maincpu.pb@2A00B3=14</action>
      <action condition="(param==09)">maincpu.pb@2A000B=06</action>
      <action condition="(param==09)">maincpu.pb@2A00B3=15</action>
      <action condition="(param==10)">maincpu.pb@2A000B=06</action>
      <action condition="(param==10)">maincpu.pb@2A00B3=16</action>
      <action condition="(param==11)">maincpu.pb@2A000B=06</action>
      <action condition="(param==11)">maincpu.pb@2A00B3=32</action>
      <action condition="(param==12)">maincpu.pb@2A000B=06</action>
      <action condition="(param==12)">maincpu.pb@2A00B3=33</action>
    </script>
  </cheat>

<cheat desc="最大蓄力 PL2">
                <script state="run">
                        <action>maincpu.pb@29FFBF=78</action>
                </script>
   </cheat>  
   <cheat desc="选择武器等级 PL2(法师不可)">
                <parameter>
                        <item value="0x00">1级</item>
                        <item value="0x01">2级</item>
                        <item value="0x02">3级</item>
                </parameter>
                <script state="run">
                        <action>maincpu.pb@29F827=param</action>
                </script>
   </cheat>

</mamecheat>
<!-- Cheat file downloaded from http://www.mamecheat.co.uk, see cheat.txt for list of contributors. -->
