<mamecheat version="1">

  <cheat desc="无限生命">
    <script state="run">
      <action>maincpu.pb@1F3C47=03</action>
    </script>
  </cheat>

  <cheat desc="无限能量">
    <script state="run">
      <action>maincpu.pb@1F3C53=30</action>
    </script>
  </cheat>

  <cheat desc="角色无敌">
    <script state="run">
      <action>maincpu.pb@1F2F12=01</action>
    </script>
  </cheat>

</mamecheat>
<!-- Cheat file downloaded from http://www.mamecheat.co.uk, see cheat.txt for list of contributors. -->
