<mamecheat version="1">

  <cheat desc="无限时间">
    <script state="run">
      <action>maincpu.pb@705C=99</action>
    </script>
  </cheat>

  <cheat desc="无限生命">
    <script state="run">
      <action>maincpu.pb@7072=05</action>
    </script>
  </cheat>

  <cheat desc="无限健康">
    <script state="run">
      <action>maincpu.pb@7071=99</action>
    </script>
  </cheat>

  <cheat desc="Maximum Strength">
    <script state="run">
      <action>maincpu.pb@706E=09</action>
    </script>
  </cheat>

  <cheat desc="Maximum Agility">
    <script state="run">
      <action>maincpu.pb@706F=09</action>
    </script>
  </cheat>

  <cheat desc="Maximum Luck">
    <script state="run">
      <action>maincpu.pb@7070=09</action>
    </script>
  </cheat>

</mamecheat>
<!-- Cheat file downloaded from http://www.mamecheat.co.uk, see cheat.txt for list of contributors. -->
