<mamecheat version="1">

  <cheat desc="无限投币">
    <script state="run">
      <action>maincpu.pb@FF8BF7=09</action>
    </script>
  </cheat>

  <cheat desc=" "/>

  <cheat desc="攻击无敌 PL1">
    <parameter>
      <item value="0x07">关闭</item>
      <item value="0x00">开启</item>
    </parameter>
    <script state="run">
      <action>maincpu.pb@FF9A61=param</action>
    </script>
  </cheat>

  <cheat desc="下一个顶部形状 PL1 总是 =">
    <parameter>
      <item value="0x0800">黄河鱼</item>
      <item value="0x4800">泡泡黄河鱼</item>
      <item value="0x0801">斑马鱼</item>
      <item value="0x4801">泡泡斑马鱼</item>
      <item value="0x0802">蓝鱼</item>
      <item value="0x4802">泡泡蓝鱼</item>
      <item value="0x0803">红鱼</item>
      <item value="0x4803">泡泡红鱼</item>
      <item value="0x0804">绿鱼</item>
      <item value="0x4804">泡泡绿鱼</item>
      <item value="0x4000">空泡泡</item>
      <item value="0x5800">粉红泡泡</item>
    </parameter>
    <script state="run">
      <action>maincpu.pw@FF4004=param</action>
    </script>
  </cheat>

  <cheat desc="下一个中间形状 PL1 总是 =">
    <parameter>
      <item value="0x0800">黄河鱼</item>
      <item value="0x4800">泡泡黄河鱼</item>
      <item value="0x0801">斑马鱼</item>
      <item value="0x4801">泡泡斑马鱼</item>
      <item value="0x0802">蓝鱼</item>
      <item value="0x4802">泡泡蓝鱼</item>
      <item value="0x0803">红鱼</item>
      <item value="0x4803">泡泡红鱼</item>
      <item value="0x0804">绿鱼</item>
      <item value="0x4804">泡泡绿鱼</item>
      <item value="0x4000">空泡泡</item>
      <item value="0x5800">粉红泡泡</item>
    </parameter>
    <script state="run">
      <action>maincpu.pw@FF400A=param</action>
    </script>
  </cheat>

  <cheat desc="下一个底部形状 PL1 总是 =">
    <parameter>
      <item value="0x0800">黄河鱼</item>
      <item value="0x4800">泡泡黄河鱼</item>
      <item value="0x0801">斑马鱼</item>
      <item value="0x4801">泡泡斑马鱼</item>
      <item value="0x0802">蓝鱼</item>
      <item value="0x4802">泡泡蓝鱼</item>
      <item value="0x0803">红鱼</item>
      <item value="0x4803">泡泡红鱼</item>
      <item value="0x0804">绿鱼</item>
      <item value="0x4804">泡泡绿鱼</item>
      <item value="0x4000">空泡泡</item>
      <item value="0x5800">粉红泡泡</item>
    </parameter>
    <script state="run">
      <action>maincpu.pw@FF4010=param</action>
    </script>
  </cheat>

  <cheat desc="下一个顶部形状 PL1 =">
    <parameter>
      <item value="0x0800">黄河鱼</item>
      <item value="0x4800">泡泡黄河鱼</item>
      <item value="0x0801">斑马鱼</item>
      <item value="0x4801">泡泡斑马鱼</item>
      <item value="0x0802">蓝鱼</item>
      <item value="0x4802">泡泡蓝鱼</item>
      <item value="0x0803">红鱼</item>
      <item value="0x4803">泡泡红鱼</item>
      <item value="0x0804">绿鱼</item>
      <item value="0x4804">泡泡绿鱼</item>
      <item value="0x4000">空泡泡</item>
      <item value="0x5800">粉红泡泡</item>
    </parameter>
    <script state="change">
      <action>maincpu.pw@FF4004=param</action>
    </script>
  </cheat>

  <cheat desc="下一个中间形状 PL1 =">
    <parameter>
      <item value="0x0800">黄河鱼</item>
      <item value="0x4800">泡泡黄河鱼</item>
      <item value="0x0801">斑马鱼</item>
      <item value="0x4801">泡泡斑马鱼</item>
      <item value="0x0802">蓝鱼</item>
      <item value="0x4802">泡泡蓝鱼</item>
      <item value="0x0803">红鱼</item>
      <item value="0x4803">泡泡红鱼</item>
      <item value="0x0804">绿鱼</item>
      <item value="0x4804">泡泡绿鱼</item>
      <item value="0x4000">空泡泡</item>
      <item value="0x5800">粉红泡泡</item>
    </parameter>
    <script state="change">
      <action>maincpu.pw@FF400A=param</action>
    </script>
  </cheat>

  <cheat desc="下一个底部形状 PL1 =">
    <parameter>
      <item value="0x0800">黄河鱼</item>
      <item value="0x4800">泡泡黄河鱼</item>
      <item value="0x0801">斑马鱼</item>
      <item value="0x4801">泡泡斑马鱼</item>
      <item value="0x0802">蓝鱼</item>
      <item value="0x4802">泡泡蓝鱼</item>
      <item value="0x0803">红鱼</item>
      <item value="0x4803">泡泡红鱼</item>
      <item value="0x0804">绿鱼</item>
      <item value="0x4804">泡泡绿鱼</item>
      <item value="0x4000">空泡泡</item>
      <item value="0x5800">粉红泡泡</item>
    </parameter>
    <script state="change">
      <action>maincpu.pw@FF4010=param</action>
    </script>
  </cheat>

  <cheat desc=" "/>

  <cheat desc="攻击无敌 PL2">
    <parameter>
      <item value="0x07">关闭</item>
      <item value="0x00">开启</item>
    </parameter>
    <script state="run">
      <action>maincpu.pb@FF9A63=param</action>
    </script>
  </cheat>

  <cheat desc="下一个顶部形状 PL2 总是 =">
    <parameter>
      <item value="0x0800">黄河鱼</item>
      <item value="0x4800">泡泡黄河鱼</item>
      <item value="0x0801">斑马鱼</item>
      <item value="0x4801">泡泡斑马鱼</item>
      <item value="0x0802">蓝鱼</item>
      <item value="0x4802">泡泡蓝鱼</item>
      <item value="0x0803">红鱼</item>
      <item value="0x4803">泡泡红鱼</item>
      <item value="0x0804">绿鱼</item>
      <item value="0x4804">泡泡绿鱼</item>
      <item value="0x4000">空泡泡</item>
      <item value="0x5800">粉红泡泡</item>
    </parameter>
    <script state="run">
      <action>maincpu.pw@FF3404=param</action>
    </script>
  </cheat>

  <cheat desc="下一个中间形状 PL2 总是 =">
    <parameter>
      <item value="0x0800">黄河鱼</item>
      <item value="0x4800">泡泡黄河鱼</item>
      <item value="0x0801">斑马鱼</item>
      <item value="0x4801">泡泡斑马鱼</item>
      <item value="0x0802">蓝鱼</item>
      <item value="0x4802">泡泡蓝鱼</item>
      <item value="0x0803">红鱼</item>
      <item value="0x4803">泡泡红鱼</item>
      <item value="0x0804">绿鱼</item>
      <item value="0x4804">泡泡绿鱼</item>
      <item value="0x4000">空泡泡</item>
      <item value="0x5800">粉红泡泡</item>
    </parameter>
    <script state="run">
      <action>maincpu.pw@FF340A=param</action>
    </script>
  </cheat>

  <cheat desc="下一个底部形状 PL2 总是 =">
    <parameter>
      <item value="0x0800">黄河鱼</item>
      <item value="0x4800">泡泡黄河鱼</item>
      <item value="0x0801">斑马鱼</item>
      <item value="0x4801">泡泡斑马鱼</item>
      <item value="0x0802">蓝鱼</item>
      <item value="0x4802">泡泡蓝鱼</item>
      <item value="0x0803">红鱼</item>
      <item value="0x4803">泡泡红鱼</item>
      <item value="0x0804">绿鱼</item>
      <item value="0x4804">泡泡绿鱼</item>
      <item value="0x4000">空泡泡</item>
      <item value="0x5800">粉红泡泡</item>
    </parameter>
    <script state="run">
      <action>maincpu.pw@FF3410=param</action>
    </script>
  </cheat>

  <cheat desc="下一个顶部形状 PL2 =">
    <parameter>
      <item value="0x0800">黄河鱼</item>
      <item value="0x4800">泡泡黄河鱼</item>
      <item value="0x0801">斑马鱼</item>
      <item value="0x4801">泡泡斑马鱼</item>
      <item value="0x0802">蓝鱼</item>
      <item value="0x4802">泡泡蓝鱼</item>
      <item value="0x0803">红鱼</item>
      <item value="0x4803">泡泡红鱼</item>
      <item value="0x0804">绿鱼</item>
      <item value="0x4804">泡泡绿鱼</item>
      <item value="0x4000">空泡泡</item>
      <item value="0x5800">粉红泡泡</item>
    </parameter>
    <script state="change">
      <action>maincpu.pw@FF3404=param</action>
    </script>
  </cheat>

  <cheat desc="下一个中间形状 PL2 =">
    <parameter>
      <item value="0x0800">黄河鱼</item>
      <item value="0x4800">泡泡黄河鱼</item>
      <item value="0x0801">斑马鱼</item>
      <item value="0x4801">泡泡斑马鱼</item>
      <item value="0x0802">蓝鱼</item>
      <item value="0x4802">泡泡蓝鱼</item>
      <item value="0x0803">红鱼</item>
      <item value="0x4803">泡泡红鱼</item>
      <item value="0x0804">绿鱼</item>
      <item value="0x4804">泡泡绿鱼</item>
      <item value="0x4000">空泡泡</item>
      <item value="0x5800">粉红泡泡</item>
    </parameter>
    <script state="change">
      <action>maincpu.pw@FF340A=param</action>
    </script>
  </cheat>

  <cheat desc="下一个底部形状 PL2 =">
    <parameter>
      <item value="0x0800">黄河鱼</item>
      <item value="0x4800">泡泡黄河鱼</item>
      <item value="0x0801">斑马鱼</item>
      <item value="0x4801">泡泡斑马鱼</item>
      <item value="0x0802">蓝鱼</item>
      <item value="0x4802">泡泡蓝鱼</item>
      <item value="0x0803">红鱼</item>
      <item value="0x4803">泡泡红鱼</item>
      <item value="0x0804">绿鱼</item>
      <item value="0x4804">泡泡绿鱼</item>
      <item value="0x4000">空泡泡</item>
      <item value="0x5800">粉红泡泡</item>
    </parameter>
    <script state="change">
      <action>maincpu.pw@FF3410=param</action>
    </script>
  </cheat>

  <cheat desc=" "/>

  <cheat desc="选择语言">
    <parameter>
      <item value="0x0000">日本</item>
      <item value="0x0001">英语</item>
    </parameter>
    <script state="on">
      <action>temp0 =maincpu.mw@000A5C</action>
    </script>
    <script state="run">
      <action>maincpu.mw@000A5C=param</action>
    </script>
    <script state="off">
      <action>maincpu.mw@000A5C=temp0 </action>
    </script>
  </cheat>

</mamecheat>
<!-- Cheat file downloaded from http://www.mamecheat.co.uk, see cheat.txt for list of contributors. -->
