<mamecheat version="1">

  <cheat desc="无限投币">
    <script state="run">
      <action>maincpu.pb@005203=63</action>
    </script>
  </cheat>

  <cheat desc="路点无敌">
    <script state="on">
      <action>temp0 =maincpu.rb@8EC4B7</action>
    </script>
    <script state="run">
      <action>maincpu.rb@8EC4B7=22</action>
    </script>
    <script state="off">
      <action>maincpu.rb@8EC4B7=temp0 </action>
    </script>
  </cheat>

  <cheat desc=" "/>

  <cheat desc="无限生命 PL1">
    <script state="run">
      <action>maincpu.pb@00905B=06</action>
    </script>
  </cheat>

  <cheat desc="无敌武器 PL1"> <comment>You will still die if you try to walk past way points/backgrounds like bunkers or tanks without dealing with them first</comment>
    <script state="on">
      <action>temp0 =maincpu.rb@8EF4DA</action>
    </script>
    <script state="run">
      <action>maincpu.rb@8EF4DA=60</action>
    </script>
    <script state="off">
      <action>maincpu.rb@8EF4DA=temp0 </action>
    </script>
  </cheat>

  <cheat desc=" "/>

  <cheat desc="无限生命 PL2">
    <script state="run">
      <action>maincpu.pb@00907B=06</action>
    </script>
  </cheat>

  <cheat desc="无敌武器 PL2"> <comment>You will still die if you try to walk past way points/backgrounds like bunkers or tanks without dealing with them first</comment>
    <script state="on">
      <action>temp0 =maincpu.rb@8EF52A</action>
    </script>
    <script state="run">
      <action>maincpu.rb@8EF52A=60</action>
    </script>
    <script state="off">
      <action>maincpu.rb@8EF52A=temp0 </action>
    </script>
  </cheat>

</mamecheat>
<!-- Cheat file downloaded from http://www.mamecheat.co.uk, see cheat.txt for list of contributors. -->
