<mamecheat version="1">

  <cheat desc="无限投币">
    <script state="run">
      <action>maincpu.pb@05203=63</action>
    </script>
  </cheat>

  <cheat desc="无限时间">
    <script state="run">
      <action>maincpu.pw@08022=9999</action>
    </script>
  </cheat>

  <cheat desc=" "/>

  <cheat desc="无限生命 PL1">
    <script state="run">
      <action>maincpu.pb@33ABD=09</action>
    </script>
  </cheat>

  <cheat desc="无限帮助 PL1">
    <script state="run">
      <action>maincpu.pb@33C3D=09</action>
    </script>
  </cheat>

  <cheat desc=" "/>

  <cheat desc="无限生命 PL2">
    <script state="run">
      <action>maincpu.pb@34ABD=09</action>
    </script>
  </cheat>

  <cheat desc="无限帮助 PL2">
    <script state="run">
      <action>maincpu.pb@34C3D=09</action>
    </script>
  </cheat>

</mamecheat>
<!-- Cheat file downloaded from http://www.mamecheat.co.uk, see cheat.txt for list of contributors. -->
