<mamecheat version="1">

  <cheat desc="角色无敌">
    <script state="on">
      <action>temp0 =user3.mb@B18EE</action>
      <action>temp1 =user3.mb@B191F</action>
    </script>
    <script state="run">
      <action>user3.mb@B18EE=60</action>
      <action>user3.mb@B191F=00</action> <!-- 1st = Enemy, 2nd = Fire -->
    </script>
    <script state="off">
      <action>user3.mb@B18EE=temp0 </action>
      <action>user3.mb@B191F=temp1 </action>
    </script>
  </cheat>

  <cheat desc="总是有快速攻击装备">
    <script state="run">
      <action>maincpu.pw@7C77C=0002</action>
    </script>
  </cheat>

  <cheat desc="无限生命 PL1">
    <script state="run">
      <action>maincpu.pb@7C6B7=04</action>
    </script>
  </cheat>

  <cheat desc="无限生命 PL2">
    <script state="run">
      <action>maincpu.pb@7C6C9=04</action>
    </script>
  </cheat>

</mamecheat>
<!-- Cheat file downloaded from http://www.mamecheat.co.uk, see cheat.txt for list of contributors. -->
