<mamecheat version="1">

  <cheat desc="无限投币">
    <script state="run">
      <action>maincpu.pb@05203=63</action>
    </script>
  </cheat>

  <cheat desc=" "/>

  <cheat desc="得分总是 0 PL1">
    <script state="run">
      <action>maincpu.pb@7C65B=00</action>
    </script>
  </cheat>

  <cheat desc="得分总是 99 PL1">
    <script state="run">
      <action>maincpu.pb@7C65B=63</action>
    </script>
  </cheat>

  <cheat desc="设置得分 = 0 PL1">
    <script state="on">
      <action>maincpu.pb@7C65B=00</action>
    </script>
  </cheat>

  <cheat desc="设置得分 = 50 PL1">
    <script state="on">
      <action>maincpu.pb@7C65B=32</action>
    </script>
  </cheat>

  <cheat desc="选择得分 PL1">
    <parameter min="0" max="99" step="1"/>
    <script state="change">
      <action>maincpu.pb@7C65B=(param)</action>
    </script>
  </cheat>

  <cheat desc=" "/>

  <cheat desc="得分总是 = 0 PL2">
    <script state="run">
      <action>maincpu.pb@7C659=00</action>
    </script>
  </cheat>

  <cheat desc="得分总是 = 99 PL2">
    <script state="run">
      <action>maincpu.pb@7C659=63</action>
    </script>
  </cheat>

  <cheat desc="设置得分 = 0 PL2">
    <script state="on">
      <action>maincpu.pb@7C659=00</action>
    </script>
  </cheat>

  <cheat desc="设置得分 = 50 PL2">
    <script state="on">
      <action>maincpu.pb@7C659=32</action>
    </script>
  </cheat>

  <cheat desc="选择得分 PL2">
    <parameter min="0" max="99" step="1"/>
    <script state="change">
      <action>maincpu.pb@7C659=(param)</action>
    </script>
  </cheat>

</mamecheat>
<!-- Cheat file downloaded from http://www.mamecheat.co.uk, see cheat.txt for list of contributors. -->
