<mamecheat version="1">

  <cheat desc="无限投币">
    <script state="run">
      <action>maincpu.pb@D340=99</action>
    </script>
  </cheat>

  <cheat desc="角色无敌"> <comment>掉落高台时你仍然会死</comment>
    <script state="on">
      <action>temp0 =maincpu.mb@425A</action>
      <action>temp1 =maincpu.mb@45F1</action>
      <action>temp2 =maincpu.mb@4613</action>
    </script>
    <script state="run">
      <action>maincpu.mb@425A=18</action>
      <action>maincpu.mb@45F1=C9</action>
      <action>maincpu.mb@4613=C9</action>
    </script>
    <script state="off">
      <action>maincpu.mb@425A=temp0 </action>
      <action>maincpu.mb@45F1=temp1 </action>
      <action>maincpu.mb@4613=temp2 </action>
    </script>
  </cheat>

  <cheat desc="快速攻击">
    <script state="run">
      <action>maincpu.pb@D351=00|(maincpu.pb@D351 BAND ~10)</action>
    </script>
  </cheat>

 <cheat desc="选择速度">
    <parameter>
      <item value="0x00">x2</item>
      <item value="0x01">连续</item>
    </parameter>
    <script state="run">
      <action condition="(param == 00) AND (maincpu.pb@D300 == 01)">maincpu.pb@D300=00</action>
      <action condition="(param == 00) AND (maincpu.pb@D301 == 04)">maincpu.pb@D301=00</action>
      <action condition="(param == 00) AND (maincpu.pb@D302 == 01)">maincpu.pb@D302=00</action>
      <action condition="(param == 00) AND (maincpu.pb@D303 == 02)">maincpu.pb@D303=00</action>
      <action condition="(param == 00) AND (maincpu.pb@D304 == 04)">maincpu.pb@D304=00</action>
      <action condition="(param == 01) AND (maincpu.pb@D300 == 02)">maincpu.pb@D300=00</action>
      <action condition="(param == 01) AND (maincpu.pb@D301 == 06)">maincpu.pb@D301=00</action>
      <action condition="(param == 01) AND (maincpu.pb@D302 == 02)">maincpu.pb@D302=00</action>
      <action condition="(param == 01) AND (maincpu.pb@D303 == 05)">maincpu.pb@D303=00</action>
      <action condition="(param == 01) AND (maincpu.pb@D304 == 07)">maincpu.pb@D304=00</action>
    </script>
  </cheat>

  <cheat desc=" "/>

  <cheat desc="无限生命 PL1">
    <script state="run">
      <action>maincpu.pb@D406=05</action>
    </script>
  </cheat>

  <cheat desc="总是得到ARABIAN字母奖励 PL1">
    <script state="run">
      <action>maincpu.pb@D426=00</action>
    </script>
  </cheat>

  <cheat desc=" "/>

  <cheat desc="无限生命 PL2">
    <script state="run">
      <action>maincpu.pb@D407=05</action>
    </script>
  </cheat>

  <cheat desc="总是得到ARABIAN字母奖励 PL2">
    <script state="run">
      <action>maincpu.pb@D427=00</action>
    </script>
  </cheat>

  <cheat desc=" "/>

  <cheat desc="声音检测计时停止">
    <script state="run">
      <action>maincpu.pb@D300=02</action>
    </script>
  </cheat>

</mamecheat>
<!-- Cheat file downloaded from http://www.mamecheat.co.uk, see cheat.txt for list of contributors. -->