<mamecheat version="1">

  <cheat desc="无限投币">
    <script state="run">
      <action>maincpu.pb@40DC2B=09</action>
    </script>
  </cheat>

  <cheat desc="无限时间">
    <script state="run">
      <action>maincpu.pb@411369=64</action>
    </script>
  </cheat>

  <cheat desc="选择开始关卡">
    <parameter>
      <item value="0x01">1-1</item>
      <item value="0x02">1-2</item>
      <item value="0x04">2-1</item>
      <item value="0x05">2-2</item>
      <item value="0x06">3</item>
      <item value="0x07">4-1</item>
      <item value="0x08">4-2</item>
      <item value="0x09">4-3</item>
      <item value="0x0A">5-1</item>
      <item value="0x0B">5-2</item>
      <item value="0x0C">5-3</item>
      <item value="0x0D">5-4</item>
      <item value="0x0E">5-5</item>
      <item value="0x0F">6-1</item>
      <item value="0x10">6-2</item>
      <item value="0x11">6-3</item>
      <item value="0x12">7-1</item>
      <item value="0x13">7-2</item>
      <item value="0x14">7-3</item>
      <item value="0x15">7-4</item>
      <item value="0x16">7-5</item>
      <item value="0x17">7-6</item>
    </parameter>
    <script state="run">
      <action condition="(maincpu.pb@40FE63==01)">maincpu.pb@40FE63=param</action>
    </script>
  </cheat>

  <cheat desc="总是有魔法毛毯">
    <script state="run">
      <action>maincpu.pb@40FE97=02</action>
    </script>
  </cheat>

  <cheat desc=" "/>

  <cheat desc="无限生命 PL1">
    <script state="run">
      <action>maincpu.pb@40FF5A=05</action>
    </script>
  </cheat>

  <cheat desc="无限能量 PL1">
    <script state="run">
      <action>maincpu.pb@40FF57=23</action>
    </script>
  </cheat>

  <cheat desc="无限魔力 PL1">
    <script state="run">
      <action>maincpu.pb@40FF5B=09</action>
    </script>
  </cheat>

  <cheat desc="无限弹药 PL1"> <comment>当你有有效武器时</comment>
    <script state="run">
      <action>maincpu.pb@40FF77=09</action>
    </script>
  </cheat>

  <cheat desc="角色无敌 PL1">
    <script state="run">
      <action>maincpu.pb@40FF7D=03</action>
    </script>
  </cheat>

  <cheat desc="敌人从不攻击 PL1">
    <script state="run">
      <action>maincpu.pb@40FF36=E8</action>
    </script>
  </cheat>

  <cheat desc="最大升级火力 PL1">
    <script state="run">
      <action>maincpu.pb@410D61=FF</action>
    </script>
  </cheat>

  <cheat desc=" "/>

  <cheat desc="无限生命 PL2">
    <script state="run">
      <action>maincpu.pb@40FFAA=05</action>
    </script>
  </cheat>

  <cheat desc="无限能量 PL2">
    <script state="run">
      <action>maincpu.pb@40FFA7=23</action>
    </script>
  </cheat>

  <cheat desc="无限魔力 PL2">
    <script state="run">
      <action>maincpu.pb@40FFAB=09</action>
    </script>
  </cheat>

  <cheat desc="无限弹药 PL2"> <comment>当你有有效武器时</comment>
    <script state="run">
      <action>maincpu.pb@40FFC7=09</action>
    </script>
  </cheat>

  <cheat desc="角色无敌 PL2">
    <script state="run">
      <action>maincpu.pb@40FFCD=03</action>
    </script>
  </cheat>

  <cheat desc="敌人从不攻击 PL2">
    <script state="run">
      <action>maincpu.pb@40FF86=E8</action>
    </script>
  </cheat>

  <cheat desc=" "/>

  <cheat desc="无限生命 PL3">
    <script state="run">
      <action>maincpu.pb@40FFFA=05</action>
    </script>
  </cheat>

  <cheat desc="无限能量 PL3">
    <script state="run">
      <action>maincpu.pb@40FFF7=23</action>
    </script>
  </cheat>

  <cheat desc="无限魔力 PL3">
    <script state="run">
      <action>maincpu.pb@40FFFB=09</action>
    </script>
  </cheat>

  <cheat desc="无限弹药 PL3"> <comment>当你有有效武器时</comment>
    <script state="run">
      <action>maincpu.pb@410017=09</action>
    </script>
  </cheat>

  <cheat desc="角色无敌 PL3">
    <script state="run">
      <action>maincpu.pb@41001D=03</action>
    </script>
  </cheat>

  <cheat desc="敌人从不攻击 PL3">
    <script state="run">
      <action>maincpu.pb@40FFD6=E8</action>
    </script>
  </cheat>

  <cheat desc=" "/>

  <cheat desc="无限生命 PL4">
    <script state="run">
      <action>maincpu.pb@41004A=05</action>
    </script>
  </cheat>

  <cheat desc="无限能量 PL4">
    <script state="run">
      <action>maincpu.pb@410047=23</action>
    </script>
  </cheat>

  <cheat desc="无限魔力 PL4">
    <script state="run">
      <action>maincpu.pb@41004B=09</action>
    </script>
  </cheat>

  <cheat desc="无限弹药 PL4"> <comment>当你有有效武器时</comment>
    <script state="run">
      <action>maincpu.pb@410067=09</action>
    </script>
  </cheat>

  <cheat desc="角色无敌 PL4">
    <script state="run">
      <action>maincpu.pb@41006D=03</action>
    </script>
  </cheat>

  <cheat desc="敌人从不攻击 PL4">
    <script state="run">
      <action>maincpu.pb@410026=E8</action>
    </script>
  </cheat>

  <cheat desc=" "/>

  <cheat desc="选择区域码"> <comment>当您启用此作弊看到任何效果后,您必须重置游戏(F3).然后您可能必须打开测试模式(F2),再次重位(F3).等待测试模式出现,然后再关闭测试模式(F2)和复位(F3)</comment>
    <parameter>
      <item value="0x01">日本</item>
      <item value="0x02">美国</item>
      <item value="0x03">世界</item>
    </parameter>
    <script state="on">
      <action>temp0 =maincpu.mb@0FFFFF</action>
    </script>
    <script state="run">
      <action>maincpu.mb@0FFFFF=param</action>
    </script>
    <script state="off">
      <action>maincpu.mb@0FFFFF=temp0 </action>
    </script>
  </cheat>

</mamecheat>
<!-- Cheat file downloaded from http://www.mamecheat.co.uk, see cheat.txt for list of contributors. -->
