<mamecheat version="1">

  <cheat desc="选择开始关卡">
    <parameter>
      <item value="0x00">关卡 1-1</item>
      <item value="0x01">关卡 1-2</item>
      <item value="0x02">关卡 2-1</item>
      <item value="0x03">关卡 2-2</item>
      <item value="0x04">关卡 2-3</item>
      <item value="0x05">关卡 3-1</item>
      <item value="0x06">关卡 3-2</item>
      <item value="0x07">关卡 3-3</item>
      <item value="0x08">关卡 3-4</item>
      <item value="0x09">关卡 4-1</item>
      <item value="0x0A">关卡 4-2</item>
      <item value="0x0B">关卡 4-3</item>
      <item value="0x0C">关卡 4-4</item>
      <item value="0x0D">关卡 4-5</item>
      <item value="0x0E">关卡 4-6</item>
      <item value="0x0F">关卡 4-7</item>
      <item value="0x10">关卡 5-1</item>
      <item value="0x11">关卡 5-2</item>
      <item value="0x12">关卡 5-3</item>
      <item value="0x13">关卡 5-4</item>
      <item value="0x14">关卡 5-5</item>
      <item value="0x15">关卡 5-6</item>
      <item value="0x16">关卡 5-7</item>
      <item value="0x17">关卡 6-1</item>
      <item value="0x18">关卡 6-2</item>
      <item value="0x19">关卡 6-3</item>
      <item value="0x1A">关卡 6-4</item>
      <item value="0x1B">关卡 6-5</item>
      <item value="0x1C">关卡 6-6</item>
      <item value="0x1D">关卡 6-7</item>
    </parameter>
    <script state="run">
      <action condition="(maincpu.pb@20800D==00)">maincpu.pb@20800D=param</action>
    </script>
  </cheat>

  <cheat desc="无限时间">
    <script state="run">
      <action>maincpu.pw@20F040=0000</action>
    </script>
  </cheat>

  <cheat desc="无限生命 PL1">
    <script state="run">
      <action>maincpu.pb@20F082=05</action>
    </script>
  </cheat>

  <cheat desc="无限能量 PL1"> <comment>如果时间结束了,关闭它去死,因为你以无法移动了</comment>
    <script state="run">
      <action>maincpu.pb@200650=00</action>
      <action>maincpu.pb@200651=00</action>
    </script>
  </cheat>

  <cheat desc="角色无敌 PL1">
    <script state="run">
      <action>maincpu.pb@2006A6=02</action>
    </script>
  </cheat>

  <cheat desc="选择魔法 PL1">
    <parameter min="0" max="8" step="1"/>
    <script state="run">
      <action>maincpu.pb@2006C0=(param)</action>
      <action>maincpu.pb@20069B=01</action>
    </script>
  </cheat>

  <cheat desc=" "/>

  <cheat desc="无限生命 PL2">
    <script state="run">
      <action>maincpu.pb@20F084=05</action>
    </script>
  </cheat>

  <cheat desc="无限能量 PL2"> <comment>如果时间结束了,关闭它去死,因为你以无法移动了</comment>
    <script state="run">
      <action>maincpu.pb@200AC8=00</action>
      <action>maincpu.pb@200AC9=00</action>
    </script>
  </cheat>

  <cheat desc="角色无敌 PL2">
    <script state="run">
      <action>maincpu.pb@200B1E=02</action>
    </script>
  </cheat>

  <cheat desc="选择魔法 PL2">
    <parameter min="0" max="8" step="1"/>
    <script state="run">
      <action>maincpu.pb@200B38=(param)</action>
      <action>maincpu.pb@200B13=01</action>
    </script>
  </cheat>

  <cheat desc=" "/>

  <cheat desc="无限生命 PL3">
    <script state="run">
      <action>maincpu.pb@20F086=05</action>
    </script>
  </cheat>

  <cheat desc="无限能量 PL3"> <comment>如果时间结束了,关闭它去死,因为你以无法移动了</comment>
    <script state="run">
      <action>maincpu.pb@200F40=00</action>
      <action>maincpu.pb@200F41=00</action>
    </script>
  </cheat>

  <cheat desc="角色无敌 PL3">
    <script state="run">
      <action>maincpu.pb@200F96=02</action>
    </script>
  </cheat>

  <cheat desc="选择魔法 PL3">
    <parameter min="0" max="8" step="1"/>
    <script state="run">
      <action>maincpu.pb@200FB0=(param)</action>
      <action>maincpu.pb@200F8B=01</action>
    </script>
  </cheat>

  <cheat desc=" "/>

  <cheat desc="无限生命 PL4">
    <script state="run">
      <action>maincpu.pb@20F088=05</action>
    </script>
  </cheat>

  <cheat desc="无限能量 PL4"> <comment>如果时间结束了,关闭它去死,因为你以无法移动了</comment>
    <script state="run">
      <action>maincpu.pb@2013B8=00</action>
      <action>maincpu.pb@2013B9=00</action>
    </script>
  </cheat>

  <cheat desc="角色无敌 PL4">
    <script state="run">
      <action>maincpu.pb@20140E=02</action>
    </script>
  </cheat>

  <cheat desc="选择魔法 PL4">
    <parameter min="0" max="8" step="1"/>
    <script state="run">
      <action>maincpu.pb@201428=(param)</action>
      <action>maincpu.pb@201403=01</action>
    </script>
  </cheat>

</mamecheat>
<!-- Cheat file downloaded from http://www.mamecheat.co.uk, see cheat.txt for list of contributors. -->
