<mamecheat version="1">

  <cheat desc="无限生命 PL1">
    <script state="run">
      <action>maincpu.pb@F0198D=0A</action>
    </script>
  </cheat>

  <cheat desc="无限炸弹 PL1">
    <script state="run">
      <action>maincpu.pb@F0198E=09</action>
    </script>
  </cheat>

  <cheat desc="最大武器火力 PL1">
    <script state="run">
      <action>maincpu.pb@F01988=07</action>
    </script>
  </cheat>

  <cheat desc="角色无敌 PL1">
    <script state="run">
      <action>maincpu.pb@F01998=5A</action>
    </script>
  </cheat>

  <cheat desc="快速攻击 PL1">
    <script state="run">
      <action>maincpu.pb@F01975=00|(maincpu.pb@F01975 BAND ~10)</action>
      <action>maincpu.pw@F019A2=0000</action>
    </script>
  </cheat>

  <cheat desc=" "/>

  <cheat desc="无限生命 PL2">
    <script state="run">
      <action>maincpu.pb@F019E1=0A</action>
    </script>
  </cheat>

  <cheat desc="无限炸弹 PL2">
    <script state="run">
      <action>maincpu.pb@F019E2=09</action>
    </script>
  </cheat>

  <cheat desc="最大武器火力 PL2">
    <script state="run">
      <action>maincpu.pb@F019DC=07</action>
    </script>
  </cheat>

  <cheat desc="角色无敌 PL2">
    <script state="run">
      <action>maincpu.pb@F019EC=5A</action>
    </script>
  </cheat>

 <cheat desc="快速攻击 PL2">
    <script state="run">
      <action>maincpu.pb@F019C9=00|(maincpu.pb@F019C9 BAND ~10)</action>
      <action>maincpu.pw@F019F6=0000</action>
    </script>
  </cheat>

</mamecheat>
<!-- Cheat file downloaded from http://www.mamecheat.co.uk, see cheat.txt for list of contributors. -->