<mamecheat version="1">

  <cheat desc="无限投币">
    <script state="run">
      <action>maincpu.pb@1F900D=09</action>
    </script>
  </cheat>

  <cheat desc="选择开始关卡">
    <parameter min="1" max="8" step="1"/>
    <script state="run">
      <action condition="(maincpu.pb@1F9021==00)">maincpu.pb@1F9021=(param-1)</action>
    </script>
  </cheat>

  <cheat desc=" "/>

  <cheat desc="无限生命 PL1">
    <script state="run">
      <action>maincpu.pb@1F7F29=06</action>
    </script>
  </cheat>

  <cheat desc="无限炸弹 PL1">
    <script state="run">
      <action>maincpu.pb@1F7F2F=08</action>
    </script>
  </cheat>

  <cheat desc="最大火力 PL1">
    <script state="run">
      <action>maincpu.pb@1F7F31=03</action>
    </script>
  </cheat>

  <cheat desc="角色无敌 PL1">
    <script state="run">
      <action>maincpu.pb@1F7F2D=02</action>
    </script>
  </cheat>

  <cheat desc="总是最大射击火力 PL1">
    <script state="run">
      <action>maincpu.pb@1F7FF1=03</action>
    </script>
  </cheat>

  <cheat desc="总是有最大激光 PL1">
    <script state="run">
      <action>maincpu.pb@1F7FF5=02</action>
    </script>
  </cheat>

  <cheat desc="总是有最大跟踪导弹 PL1">
    <script state="run">
      <action>maincpu.pb@1F7FFD=02</action>
    </script>
  </cheat>

  <cheat desc="总是有10000分奖励 PL1">
    <script state="run">
      <action>maincpu.pb@1F7F97=0E</action>
    </script>
  </cheat>

  <cheat desc="总是有导弹  PL1">
    <script state="run">
      <action>maincpu.pb@1F7FF9=02</action>
    </script>
  </cheat>

  <cheat desc=" "/>
  <cheat desc="总是射击不用按键射击"/>
  <cheat desc=" "/>

  <cheat desc="总是射击 - 普通射击 PL1">
    <script state="run">
      <action>maincpu.pb@1F7FC3=02</action>
    </script>
  </cheat>

  <cheat desc="总是射击 - 激光 PL1">
    <script state="run">
      <action>maincpu.pb@1F7FC7=01</action>
    </script>
  </cheat>

  <cheat desc="总是射击 - 跟踪导弹 PL1">
    <script state="run">
      <action>maincpu.pb@1F7FCF=01</action>
    </script>
  </cheat>

  <cheat desc="总是射击 - 导弹 PL1">
    <script state="run">
      <action>maincpu.pb@1F7FCB=01</action>
    </script>
  </cheat>

  <cheat desc=" "/>

  <cheat desc="无限生命 PL2">
    <script state="run">
      <action>maincpu.pb@1F7E29=06</action>
    </script>
  </cheat>

  <cheat desc="无限炸弹 PL2">
    <script state="run">
      <action>maincpu.pb@1F7E2F=08</action>
    </script>
  </cheat>

  <cheat desc="最大火力 PL2">
    <script state="run">
      <action>maincpu.pb@1F7E31=03</action>
    </script>
  </cheat>

  <cheat desc="角色无敌 PL2">
    <script state="run">
      <action>maincpu.pb@1F7E2D=02</action>
    </script>
  </cheat>

  <cheat desc="总是最大射击火力 PL2">
    <script state="run">
      <action>maincpu.pb@1F7EF1=03</action>
    </script>
  </cheat>

  <cheat desc="总是有最大激光 PL2">
    <script state="run">
      <action>maincpu.pb@1F7EF5=02</action>
    </script>
  </cheat>

  <cheat desc="总是有最大跟踪导弹 PL2">
    <script state="run">
      <action>maincpu.pb@1F7EFD=02</action>
    </script>
  </cheat>

  <cheat desc="总是有10000分奖励 PL2">
    <script state="run">
      <action>maincpu.pb@1F7E97=0E</action>
    </script>
  </cheat>

  <cheat desc="总是有导弹 PL2">
    <script state="run">
      <action>maincpu.pb@1F7EF9=02</action>
    </script>
  </cheat>

  <cheat desc=" "/>
  <cheat desc="总是射击不用按键射击"/>
  <cheat desc=" "/>

  <cheat desc="总是射击 - 普通射击 PL2">
    <script state="run">
      <action>maincpu.pb@1F7EC3=02</action>
    </script>
  </cheat>

  <cheat desc="总是射击 - 激光 PL2">
    <script state="run">
      <action>maincpu.pb@1F7EC7=01</action>
    </script>
  </cheat>

  <cheat desc="总是射击 - 跟踪导弹 PL2">
    <script state="run">
      <action>maincpu.pb@1F7ECF=01</action>
    </script>
  </cheat>

  <cheat desc="总是射击 - 导弹 PL2">
    <script state="run">
      <action>maincpu.pb@1F7ECB=01</action>
    </script>
  </cheat>

</mamecheat>
<!-- Cheat file downloaded from http://www.mamecheat.co.uk, see cheat.txt for list of contributors. -->
