<mamecheat version="1">

  <cheat desc="无限投币">
    <script state="run">
      <action>maincpu.pb@3EEC63=09</action>
    </script>
  </cheat>

  <cheat desc="游戏Super Centipede修改项"/>
  <cheat desc="~~~~~~~~~~~~~~~"/>

  <cheat desc="没有蜘蛛">
    <script state="run">
      <action>maincpu.pb@3E0FAA=A9</action>
      <action>maincpu.pb@3E08D8=71</action>
    </script>
  </cheat>

  <cheat desc="没有蝎子">
    <script state="run">
      <action>maincpu.pb@3E231E=00</action>
    </script>
  </cheat>

  <cheat desc=" "/>

  <cheat desc="无限生命 PL1">
    <script state="run">
      <action>maincpu.pb@3E0AE9=07</action>
    </script>
  </cheat>

  <cheat desc="无限生命 PL2">
    <script state="run">
      <action>maincpu.pb@3E0B29=07</action>
    </script>
  </cheat>

  <cheat desc=" "/>
  <cheat desc="游戏Missile Command II修改项"/>
  <cheat desc="~~~~~~~~~~~~~~~~~~"/>

  <cheat desc="无限射击（左边） PL1">
    <script state="run">
      <action>maincpu.pb@3E0AFA=0A</action>
    </script>
  </cheat>

  <cheat desc="无限射击（中心） PL1">
    <script state="run">
      <action>maincpu.pb@3E0AFB=0A</action>
    </script>
  </cheat>

  <cheat desc="无限射击（右边） PL1">
    <script state="run">
      <action>maincpu.pb@3E0AFC=0A</action>
    </script>
  </cheat>

  <cheat desc=" "/>

  <cheat desc="无限射击（左边） PL2">
    <script state="run">
      <action>maincpu.pb@3E0B3A=0A</action>
    </script>
  </cheat>

  <cheat desc="无限射击（中心） PL2">
    <script state="run">
      <action>maincpu.pb@3E0B3B=0A</action>
    </script>
  </cheat>

  <cheat desc="无限射击（右边） PL2">
    <script state="run">
      <action>maincpu.pb@3E0B3C=0A</action>
    </script>
  </cheat>

  <cheat desc=" "/>
  <cheat desc="EXTRA!! EXTRA!! EXTRA!!"/>
  <cheat desc="进入DIP,打开测试模式.设置Extra Stuff +"/>
  <cheat desc="+More Extra Stuff.关闭测试模式.Play!"/>
  <cheat desc="你就会发现一些好事,导弹补充了"/>
  <cheat desc="榴弹枪火力升级了,多了新敌人"/>
  <cheat desc=" "/>

</mamecheat>
<!-- Cheat file downloaded from http://www.mamecheat.co.uk, see cheat.txt for list of contributors. -->
