<mamecheat version="1">

  <cheat desc=" "/>
  <cheat desc="Defender"/>
  <cheat desc=" "/>

  <cheat desc="P1 无限生命">
    <script state="run">
      <action>maincpu.pb@FFA2B7=05</action>
    </script>
  </cheat>

  <cheat desc="P1 无限制炸弹">
    <script state="run">
      <action>maincpu.pb@FFA2B9=04</action>
    </script>
  </cheat>

  <cheat desc="P1 Select Current Attack Wave">
    <parameter min="0" max="100" step="1"/>
    <script state="change">
      <action>maincpu.pb@FFA2B8=(param+1)</action>
    </script>
  </cheat>

  <cheat desc="P1 Select Next Attack Wave">
    <parameter min="0" max="100" step="1"/>
    <script state="change">
      <action>maincpu.pb@FFA2B8=(param+1)</action>
    </script>
  </cheat>

  <cheat desc="P2 无限生命">
    <script state="run">
      <action>maincpu.pb@FFA2F4=05</action>
    </script>
  </cheat>

  <cheat desc="P2 无限制炸弹">
    <script state="run">
      <action>maincpu.pb@FFA2F6=04</action>
    </script>
  </cheat>

  <cheat desc="P2 Select Current Attack Wave">
    <parameter min="0" max="100" step="1"/>
    <script state="change">
      <action>maincpu.pb@FFA2F5=(param+1)</action>
    </script>
  </cheat>

  <cheat desc="P2 Select Next Attack Wave">
    <parameter min="0" max="100" step="1"/>
    <script state="change">
      <action>maincpu.pb@FFA2F5=(param+1)</action>
    </script>
  </cheat>

  <cheat desc=" "/>
  <cheat desc="Defender II"/>
  <cheat desc=" "/>

  <cheat desc="P1 无限生命">
    <script state="run">
      <action>maincpu.pb@FFB7FE=09</action>
    </script>
  </cheat>

  <cheat desc="P1 无限制炸弹">
    <script state="run">
      <action>maincpu.pb@FFB800=09</action>
    </script>
  </cheat>

  <cheat desc="P1 无限能量">
    <script state="run">
      <action>maincpu.pb@FFB801=C0</action>
    </script>
  </cheat>

  <cheat desc="P1 Select Current Attack Wave">
    <parameter min="0" max="100" step="1"/>
    <script state="change">
      <action>maincpu.pb@FFB7FF=(param+1)</action>
    </script>
  </cheat>

  <cheat desc="P1 Select Next Attack Wave">
    <parameter min="0" max="100" step="1"/>
    <script state="change">
      <action>maincpu.pb@FFB7FF=(param+1)</action>
    </script>
  </cheat>

  <cheat desc="P2 无限生命">
    <script state="run">
      <action>maincpu.pb@FFB83E=09</action>
    </script>
  </cheat>

  <cheat desc="P2 无限制炸弹">
    <script state="run">
      <action>maincpu.pb@FFB840=09</action>
    </script>
  </cheat>

  <cheat desc="P2 无限能量">
    <script state="run">
      <action>maincpu.pb@FFB841=C0</action>
    </script>
  </cheat>

  <cheat desc="P2 Select Current Attack Wave">
    <parameter min="0" max="100" step="1"/>
    <script state="change">
      <action>maincpu.pb@FFB83F=(param+1)</action>
    </script>
  </cheat>

  <cheat desc="P2 Select Next Attack Wave">
    <parameter min="0" max="100" step="1"/>
    <script state="change">
      <action>maincpu.pb@FFB83C=(param+1)</action>
    </script>
  </cheat>

  <cheat desc=" "/>
  <cheat desc="Joust"/>
  <cheat desc=" "/>

  <cheat desc="P1 无限生命">
    <script state="run">
      <action>maincpu.pb@FF299D=05</action>
    </script>
  </cheat>

  <cheat desc="P2 无限生命">
    <script state="run">
      <action>maincpu.pb@FF29A7=04</action>
    </script>
  </cheat>

  <cheat desc=" "/>
  <cheat desc="Robotron 2084"/>
  <cheat desc=" "/>

  <cheat desc="P1 无限生命">
    <script state="run">
      <action>maincpu.pb@FFDB64=07</action>
    </script>
  </cheat>

  <cheat desc="P2 无限生命">
    <script state="run">
      <action>maincpu.pb@FFDBA0=07</action>
    </script>
  </cheat>

  <cheat desc=" "/>
  <cheat desc="Sinistar"/>
  <cheat desc=" "/>

  <cheat desc="无限生命">
    <script state="run">
      <action>maincpu.pb@FF1F42=03</action>
    </script>
  </cheat>

</mamecheat>
<!-- Cheat file downloaded from http://www.mamecheat.co.uk, see cheat.txt for list of contributors. -->
