<mamecheat version="1">

  <cheat desc="无限投币">
    <script state="run">
      <action>maincpu.pb@61E1C=09</action>
    </script>
  </cheat>

  <cheat desc="无限射击时间">
    <script state="run">
      <action>maincpu.pb@61F2A=18</action>
    </script>
  </cheat>

  <cheat desc="无限比赛时间">
    <script state="run">
      <action>maincpu.pb@61F33=FF</action>
    </script>
  </cheat>

  <cheat desc="完成此节比赛">
    <script state="on">
      <action>maincpu.pb@61F33=00</action>
    </script>
  </cheat>

  <cheat desc="到第一节比赛">
    <script state="on">
      <action>maincpu.pb@601E3=01</action>
    </script>
  </cheat>

  <cheat desc="到第二节比赛">
    <script state="on">
      <action>maincpu.pb@601E3=02</action>
    </script>
  </cheat>

  <cheat desc="到第三节比赛">
    <script state="on">
      <action>maincpu.pb@601E3=03</action>
    </script>
  </cheat>

  <cheat desc="到第四节比赛">
    <script state="on">
      <action>maincpu.pb@601E3=04</action>
    </script>
  </cheat>

  <cheat desc="到突然死亡赛">
    <script state="on">
      <action>maincpu.pb@601E3=08</action>
    </script>
  </cheat>

  <cheat desc=" "/>

  <cheat desc="选择得分 PL1">
    <parameter min="0" max="99" step="1"/>
    <script state="change">
      <action>maincpu.pb@6020F=tobcd(param)</action>
    </script>
  </cheat>

  <cheat desc="得分总是 = 0 PL1">
    <script state="run">
      <action>maincpu.pb@6020F=00</action>
    </script>
  </cheat>

  <cheat desc="得分总是 = 10 PL1">
    <script state="run">
      <action>maincpu.pb@6020F=10</action>
    </script>
  </cheat>

  <cheat desc="得分 = 0 PL1">
    <script state="on">
      <action>maincpu.pb@6020F=00</action>
    </script>
  </cheat>

  <cheat desc="得分 = 10 PL1">
    <script state="on">
      <action>maincpu.pb@6020F=10</action>
    </script>
  </cheat>

  <cheat desc=" "/>

  <cheat desc="选择得分 PL2">
    <parameter min="0" max="99" step="1"/>
    <script state="change">
      <action>maincpu.pb@60213=tobcd(param)</action>
    </script>
  </cheat>

  <cheat desc="得分总是 = 0 PL2">
    <script state="run">
      <action>maincpu.pb@60213=00</action>
    </script>
  </cheat>

  <cheat desc="得分总是 = 10 PL2">
    <script state="run">
      <action>maincpu.pb@60213=10</action>
    </script>
  </cheat>

  <cheat desc="得分 = 0 PL2">
    <script state="on">
      <action>maincpu.pb@60213=00</action>
    </script>
  </cheat>

  <cheat desc="得分 = 10 PL2">
    <script state="on">
      <action>maincpu.pb@60213=10</action>
    </script>
  </cheat>

</mamecheat>
<!-- Cheat file downloaded from http://www.mamecheat.co.uk, see cheat.txt for list of contributors. -->
