<mamecheat version="1">

  <cheat desc="More time for a quarter">
    <script state="on">
      <action>temp0 =maincpu.rb@BA27</action>
      <action>temp1 =maincpu.rb@B171</action>
    </script>
    <script state="run">
      <action condition="(maincpu.rb@BA27==34)">maincpu.rb@BA27=38</action>
      <action condition="(maincpu.rb@B171==34)">maincpu.rb@B171=38</action>
    </script>
    <script state="off">
      <action>maincpu.rb@BA27=temp0 </action>
      <action>maincpu.rb@B171=temp1 </action>
    </script>
  </cheat>

  <cheat desc="Less time for a quarter">
    <script state="on">
      <action>temp0 =maincpu.rb@BA27</action>
      <action>temp1 =maincpu.rb@B171</action>
    </script>
    <script state="run">
      <action condition="(maincpu.rb@BA27==34)">maincpu.rb@BA27=32</action>
      <action condition="(maincpu.rb@B171==34)">maincpu.rb@B171=32</action>
    </script>
    <script state="off">
      <action>maincpu.rb@BA27=temp0 </action>
      <action>maincpu.rb@B171=temp1 </action>
    </script>
  </cheat>

  <cheat desc="Run faster without ball">
    <script state="on">
      <action>temp0 =maincpu.rb@90F3</action>
      <action>temp1 =maincpu.rb@9160</action>
    </script>
    <script state="run">
      <action condition="(maincpu.rb@90F3==20)">maincpu.rb@90F3=60</action>
      <action condition="(maincpu.rb@9160==20)">maincpu.rb@9160=60</action>
    </script>
    <script state="off">
      <action>maincpu.rb@90F3=temp0 </action>
      <action>maincpu.rb@9160=temp1 </action>
    </script>
  </cheat>

  <cheat desc="超级速度">
    <script state="on">
      <action>temp0 =maincpu.rb@90E9</action>
      <action>temp1 =maincpu.rb@9154</action>
    </script>
    <script state="run">
      <action condition="(maincpu.rb@90E9==04)">maincpu.rb@90E9=25</action>
      <action condition="(maincpu.rb@9154==04)">maincpu.rb@9154=25</action>
    </script>
    <script state="off">
      <action>maincpu.rb@90E9=temp0 </action>
      <action>maincpu.rb@9154=temp1 </action>
    </script>
  </cheat>

</mamecheat>
<!-- Cheat file downloaded from http://www.mamecheat.co.uk, see cheat.txt for list of contributors. -->
