<mamecheat version="1">

  <cheat desc="Unrestricted ground movement">
    <script state="on">
      <action>temp0 =maincpu.rb@D05D</action>
    </script>
    <script state="run">
      <action condition="(maincpu.rb@D05D==EB)">maincpu.rb@D05D=00</action>
    </script>
    <script state="off">
      <action>maincpu.rb@D05D=temp0 </action>
    </script>
  </cheat>

  <cheat desc="Unrestricted flying movement">
    <script state="on">
      <action>temp0 =maincpu.rb@D044</action>
    </script>
    <script state="run">
      <action condition="(maincpu.rb@D044==04)">maincpu.rb@D044=00</action>
    </script>
    <script state="off">
      <action>maincpu.rb@D044=temp0 </action>
    </script>
  </cheat>

</mamecheat>
<!-- Cheat file downloaded from http://www.mamecheat.co.uk, see cheat.txt for list of contributors. -->
