<mamecheat version="1">

  <cheat desc="P1 无限能量">
    <script state="run">
      <action>maincpu.pb@FF8212=0C</action>
    </script>
  </cheat>

  <cheat desc="P1 无敌">
    <script state="run">
      <action>maincpu.pw@FF8130=0002</action>
    </script>
  </cheat>

  <cheat desc="P2 无限能量">
    <script state="run">
      <action>maincpu.pb@FF8213=0C</action>
    </script>
  </cheat>

  <cheat desc="P2 无敌">
    <script state="run">
      <action>maincpu.pw@FF8132=0002</action>
    </script>
  </cheat>

</mamecheat>
<!-- Cheat file downloaded from http://www.mamecheat.co.uk, see cheat.txt for list of contributors. -->
