<mamecheat version="1">

  <cheat desc="无限投币">
    <script state="run">
      <action>maincpu.pb@A0066F=1E</action>
    </script>
  </cheat>

  <cheat desc=" "/>

  <cheat desc="无限生命 PL1">
    <script state="run">
      <action>maincpu.pb@A04273=0A</action>
    </script>
  </cheat>

  <cheat desc="无限子弹 PL1">
    <script state="run">
      <action>maincpu.pb@A04247=10</action>
    </script>
  </cheat>

  <cheat desc="无限手榴弹 PL1">
    <script state="run">
      <action>maincpu.pb@A0424B=09</action>
    </script>
  </cheat>

  <cheat desc="选择武器 PL1">
    <parameter>
      <item value="0x00">普通武器</item>
      <item value="0x01">散弹枪</item>
      <item value="0x02">全自动机枪</item>
    </parameter>
    <script state="run">
      <action>maincpu.pb@A04257=param</action>
    </script>
  </cheat>

  <cheat desc=" "/>

  <cheat desc="无限生命 PL2">
    <script state="run">
      <action>maincpu.pb@A0431B=0A</action>
    </script>
  </cheat>

  <cheat desc="无限子弹 PL2">
    <script state="run">
      <action>maincpu.pb@A042EF=10</action>
    </script>
  </cheat>

  <cheat desc="无限手榴弹 PL2">
    <script state="run">
      <action>maincpu.pb@A042F3=09</action>
    </script>
  </cheat>

  <cheat desc="选择武器 PL2">
    <parameter>
      <item value="0x00">普通武器</item>
      <item value="0x01">散弹枪</item>
      <item value="0x02">全自动机枪</item>
    </parameter>
    <script state="run">
      <action>maincpu.pb@A042FF=param</action>
    </script>
  </cheat>

</mamecheat>
<!-- Cheat file downloaded from http://www.mamecheat.co.uk, see cheat.txt for list of contributors. -->
