<mamecheat version="1">

  <cheat desc="无限投币">
    <script state="run">
      <action>maincpu.pb@A0073F=1E</action>
    </script>
  </cheat>

  <cheat desc=" "/>
  <cheat desc="游戏Area 51修改项"/>
  <cheat desc="----------------------"/>

  <cheat desc="无限生命 PL1">
    <script state="run">
      <action>maincpu.pb@A199E1=0A</action>
    </script>
  </cheat>

  <cheat desc="无限子弹 PL1">
    <script state="run">
      <action>maincpu.pb@A199B5=10</action>
    </script>
  </cheat>

  <cheat desc="无限手榴弹 PL1">
    <script state="run">
      <action>maincpu.pb@A199B9=09</action>
    </script>
  </cheat>

  <cheat desc="选择武器 PL1">
    <parameter>
      <item value="0x00">普通武器</item>
      <item value="0x01">散弹枪</item>
      <item value="0x02">全自动机枪</item>
    </parameter>
    <script state="run">
      <action>maincpu.pb@A199C5=param</action>
    </script>
  </cheat>

  <cheat desc=" "/>

  <cheat desc="无限生命 PL2">
    <script state="run">
      <action>maincpu.pb@A19A89=0A</action>
    </script>
  </cheat>

  <cheat desc="无限子弹 PL2">
    <script state="run">
      <action>maincpu.pb@A19A5D=10</action>
    </script>
  </cheat>

  <cheat desc="无限手榴弹 PL2">
    <script state="run">
      <action>maincpu.pb@A19A61=09</action>
    </script>
  </cheat>

  <cheat desc="选择武器 PL2">
    <parameter>
      <item value="0x00">普通武器</item>
      <item value="0x01">散弹枪</item>
      <item value="0x02">全自动机枪</item>
    </parameter>
    <script state="run">
      <action>maincpu.pb@A19A6D=param</action>
    </script>
  </cheat>

  <cheat desc=" "/>
  <cheat desc="游戏Maximum Force Duo修改项"/>
  <cheat desc="--------------------------------"/>

  <cheat desc="无限生命 PL1">
    <script state="run">
      <action>maincpu.pb@A19425=05</action>
    </script>
  </cheat>

  <cheat desc="无限子弹 PL1">
    <script state="run">
      <action>maincpu.pb@A19479=08</action>
    </script>
  </cheat>

  <cheat desc="无限生命 PL2">
    <script state="run">
      <action>maincpu.pb@A194B1=05</action>
    </script>
  </cheat>

  <cheat desc="无限子弹 PL2">
    <script state="run">
      <action>maincpu.pb@A19505=07</action>
    </script>
  </cheat>

</mamecheat>
<!-- Cheat file downloaded from http://www.mamecheat.co.uk, see cheat.txt for list of contributors. -->
