<mamecheat version="1">

  <cheat desc="无限投币">
    <script state="run">
      <action>maincpu.pb@FF0FFE=09</action>
    </script>
  </cheat>

  <cheat desc="中止/继续商店购物时间">
    <script state="run">
      <action>maincpu.pb@FFE00B=02</action>
    </script>
  </cheat>

  <cheat desc="无限护盾">
    <script state="run">
      <action>maincpu.pb@FF2F00=05</action>
      <action>maincpu.pb@FF2F03=05</action>
      <action>maincpu.pb@FF15D7=02</action>
      <action>maincpu.pb@FF2EA0=05</action>
      <action>maincpu.pb@FF2EA3=05</action>
      <action>maincpu.pb@FF1657=02</action>
    </script>
  </cheat>

  <cheat desc="总是面向右边">
    <script state="run">
      <action>maincpu.pb@FF10D6=00</action>
    </script>
  </cheat>

  <cheat desc="总是面向左边">
    <script state="run">
      <action>maincpu.pb@FF10D6=04</action>
    </script>
  </cheat>

  <cheat desc="转向右边"> <comment>最好使用一个激活钥匙 - 可能会导致滚动问题</comment>
    <script state="on">
      <action>maincpu.pb@FF10D6=00</action>
    </script>
  </cheat>

  <cheat desc="转向左边"> <comment>最好使用一个激活钥匙 - 可能会导致滚动问题</comment>
    <script state="on">
      <action>maincpu.pb@FF10D6=04</action>
    </script>
  </cheat>

  <cheat desc=" "/>

  <cheat desc="角色无敌 PL1">
    <script state="run">
      <action>maincpu.pb@FF15C3=02</action>
    </script>
  </cheat>

  <cheat desc="无限金钱 PL1">
    <script state="run">
      <action>maincpu.pb@FF160B=09</action>
    </script>
  </cheat>

  <cheat desc="总是有最大第二武器火力（等级 7) PL1">
    <script state="run">
      <action>maincpu.pb@FF15D3=06</action>
    </script>
  </cheat>

  <cheat desc="无限第二武器 PL1">
    <script state="run">
      <action>maincpu.pb@FF15E3=63</action>
    </script>
  </cheat>

  <cheat desc="总是将凤凰跟踪弹作为第二武器 PL1">
    <script state="run">
      <action>maincpu.pb@FF15E1=00</action>
    </script>
  </cheat>

  <cheat desc="快速攻击 - 主武器 PL1">
    <script state="run">
      <action>maincpu.pw@FF15D9=0011</action>
    </script>
  </cheat>

  <cheat desc="快速攻击 - 副武器 PL1">
    <script state="run">
      <action>maincpu.pw@FF15DF=0100</action>
    </script>
  </cheat>

  <cheat desc="选择第二武器 PL1"> <comment>尽管在两个关卡之间,这个文本也可能不会更新</comment>
    <parameter>
      <item value="0x00">凤凰</item>
      <item value="0x04">猎鹰跟踪弹</item>
      <item value="0x08">炸弹</item>
      <item value="0x0C">炸弹 2</item>
      <item value="0x10">汽油弹</item>
      <item value="0x14">汽油弹 2</item>
      <item value="0x1C">散射弹</item>
      <item value="0x20">散射弹 2</item>
      <item value="0x34">超级炮弹</item>
      <item value="0x38">超级炮弹 2</item>
    </parameter>
    <script state="run">
      <action>maincpu.pb@FF15E1=param</action>
    </script>
  </cheat>

  <cheat desc=" "/>

  <cheat desc="角色无敌 PL2">
    <script state="run">
      <action>maincpu.pb@FF1643=02</action>
    </script>
  </cheat>

  <cheat desc="无限金钱 PL2">
    <script state="run">
      <action>maincpu.pb@FF168B=09</action>
    </script>
  </cheat>

  <cheat desc="总是有最大第二武器火力（等级 7) PL2">
    <script state="run">
      <action>maincpu.pb@FF1653=06</action>
    </script>
  </cheat>

  <cheat desc="无限第二武器 PL2">
    <script state="run">
      <action>maincpu.pb@FF1663=63</action>
    </script>
  </cheat>

  <cheat desc="快速攻击 - 主武器 PL2">
    <script state="run">
      <action>maincpu.pw@FF1659=0011</action>
    </script>
  </cheat>

  <cheat desc="快速攻击 - 副武器 PL2">
    <script state="run">
      <action>maincpu.pw@FF165F=0100</action>
    </script>
  </cheat>

  <cheat desc="选择第二武器 PL2"> <comment>尽管在两个关卡之间,这个文本也可能不会更新</comment>
    <parameter>
      <item value="0x00">凤凰</item>
      <item value="0x04">猎鹰跟踪弹</item>
      <item value="0x08">炸弹</item>
      <item value="0x0C">炸弹 2</item>
      <item value="0x10">汽油弹</item>
      <item value="0x14">汽油弹 2</item>
      <item value="0x1C">散射弹</item>
      <item value="0x20">散射弹 2</item>
      <item value="0x34">超级炮弹</item>
      <item value="0x38">超级炮弹 2</item>
    </parameter>
    <script state="run">
      <action>maincpu.pb@FF1661=param</action>
    </script>
  </cheat>

  <cheat desc=" "/>

  <cheat desc="声音检测">
    <parameter min="1" max="255" step="1"/>
    <script state="change">
      <action>maincpu.pb@800181=param</action>
    </script>
  </cheat>

</mamecheat>
<!-- Cheat file downloaded from http://www.mamecheat.co.uk, see cheat.txt for list of contributors. -->
