<mamecheat version="1">

  <cheat desc="到最终关">
    <script state="run">
      <action>maincpu.pb@ED72=20</action>
    </script>
  </cheat>

  <cheat desc="球出界也不会死">
    <script state="run">
      <action>maincpu.pb@EF62=00</action>
    </script>
  </cheat>

  <cheat desc="游戏中总是保持有一个球">
    <script state="run">
      <action condition="(maincpu.pb@C4A5 LT 00) OR (maincpu.pb@C4A5 GT E4)">maincpu.pb@C4A5=E2</action>
    </script>
  </cheat>

  <cheat desc="空间门总是打开">
    <script state="run">
      <action>maincpu.pb@C4CE=01</action>
    </script>
  </cheat>

  <cheat desc="空间门从不打开">
    <script state="run">
      <action>maincpu.pb@C4CE=00</action>
    </script>
  </cheat>

  <cheat desc="打开空间门">
    <script state="on">
      <action>maincpu.pb@C4CE=01</action>
    </script>
  </cheat>

  <cheat desc="关闭空间门">
    <script state="on">
      <action>maincpu.pb@C4CE=00</action>
    </script>
  </cheat>

  <cheat desc="过关">
    <script state="on">
      <action>maincpu.pb@ED83=00</action>
    </script>
  </cheat>

  <cheat desc="自杀">
    <script state="on">
      <action>maincpu.pb@EF62=01</action>
    </script>
  </cheat>

  <cheat desc="不会落下奖励药丸">
    <script state="run">
      <action>maincpu.pb@C658=80</action>
    </script>
  </cheat>

  <cheat desc="选择现在落下的药丸"> <!-- Assign to an activation key for the best effect -->
    <parameter>
      <item value="0x01">L(红色) = 激光</item>
      <item value="0x02">E(蓝色) = 加长棒</item>
      <item value="0x03">C(绿色) = 磁性棒</item>
      <item value="0x04">S(橙色) = 减速球</item>
      <item value="0x05">B(粉色) = 空间门</item>
      <item value="0x06">D(青色) = 多球</item>
      <item value="0x07">P(灰色) = 加命</item>
    </parameter>
    <script state="change">
      <action>maincpu.pb@C658=param</action>
    </script>
  </cheat>

  <cheat desc="选择每5秒落下的药丸">
    <parameter>
      <item value="0x01">L(红色) = 激光</item>
      <item value="0x02">E(蓝色) = 加长棒</item>
      <item value="0x03">C(绿色) = 磁性棒</item>
      <item value="0x04">S(橙色) = 减速球</item>
      <item value="0x05">B(粉色) = 空间门</item>
      <item value="0x06">D(青色) = 多球</item>
      <item value="0x07">P(灰色) = 加命</item>
    </parameter>
    <script state="run">
      <action condition="(frame % 300 == 0)">maincpu.pb@C658=param</action>
    </script>
  </cheat>

  <cheat desc="选择改变/落下的药丸"> <comment>药丸颜色不会改变</comment> <!-- Assign to an activation key for the best effect (Note the Pill Colour won't change) -->
    <parameter>
      <item value="0x81">L(红色) = 激光</item>
      <item value="0x82">E(蓝色) = 加长棒</item>
      <item value="0x83">C(绿色) = 磁性棒</item>
      <item value="0x84">S(橙色) = 减速球</item>
      <item value="0x85">B(粉色) = 空间门</item>
      <item value="0x86">D(青色) = 多球</item>
      <item value="0x87">P(灰色) = 加命</item>
    </parameter>
    <script state="change">
      <action>maincpu.pb@C658=param</action>
    </script>
  </cheat>

  <cheat desc=" "/>

  <cheat desc="无限生命 PL1">
    <script state="run">
      <action>maincpu.pb@ED76=06</action>
    </script>
  </cheat>

  <cheat desc="无限生命 PL2">
    <script state="run">
      <action>maincpu.pb@ED7B=06</action>
    </script>
  </cheat>

</mamecheat>
<!-- Cheat file downloaded from http://www.mamecheat.co.uk, see cheat.txt for list of contributors. -->
