<mamecheat version="1">

  <cheat desc="无限投币">
    <script state="run">
      <action>maincpu.pb@C004=12</action>
    </script>
  </cheat>

  <cheat desc=" "/>

  <cheat desc="无限生命 PL1">
    <script state="run">
      <action>maincpu.pb@D209=05</action>
    </script>
  </cheat>

  <cheat desc="角色无敌 PL1"> <comment>只能在游戏中开启无敌</comment>
    <parameter>
      <item value="0x01">开启</item>
      <item value="0x00">禁用</item>
    </parameter>
    <script state="run">
      <action>maincpu.pb@C00A=param</action>
    </script>
  </cheat>

  <cheat desc="快速攻击 PL1">
    <script state="run">
      <action condition="(maincpu.pb@C05E != 14)">maincpu.pb@C010=00|(maincpu.pb@C010 BAND ~10)</action>
    </script>
  </cheat>

  <cheat desc="无限武器时间 PL1">
    <script state="run">
      <action>maincpu.pb@D208=01</action>
    </script>
  </cheat>

  <cheat desc="选择武器 PL1">
    <parameter>
      <item value="0x01">普通</item>
      <item value="0x02">跟踪武器</item>
      <item value="0x03">火焰武器</item>
      <item value="0x04">3向武器</item>
      <item value="0x05">8向武器</item>
    </parameter>
    <script state="run">
      <action condition="(param==01)">maincpu.pb@D200=1C</action>
      <action condition="(param==01)">maincpu.pb@D202=03</action>
      <action condition="(param==01)">maincpu.pb@D203=01</action>
      <action condition="(param==02)">maincpu.pb@D200=1F</action>
      <action condition="(param==02)">maincpu.pb@D202=03</action>
      <action condition="(param==02)">maincpu.pb@D203=01</action>
      <action condition="(param==03)">maincpu.pb@D200=22</action>
      <action condition="(param==03)">maincpu.pb@D202=03</action>
      <action condition="(param==03)">maincpu.pb@D203=01</action>
      <action condition="(param==04)">maincpu.pb@D200=25</action>
      <action condition="(param==04)">maincpu.pb@D202=03</action>
      <action condition="(param==04)">maincpu.pb@D203=03</action>
      <action condition="(param==05)">maincpu.pb@D200=2C</action>
      <action condition="(param==05)">maincpu.pb@D202=01</action>
      <action condition="(param==05)">maincpu.pb@D203=08</action>
    </script>
  </cheat>

  <cheat desc=" "/>

  <cheat desc="无限生命 PL2">
    <script state="run">
      <action>maincpu.pb@D259=05</action>
    </script>
  </cheat>

  <cheat desc="角色无敌 PL2"> <comment>只能在游戏中开启无敌</comment>
    <parameter>
      <item value="0x01">开启</item>
      <item value="0x00">禁用</item>
    </parameter>
    <script state="run">
      <action>maincpu.pb@C00B=param</action>
    </script>
  </cheat>

 <cheat desc="快速攻击 PL2">
    <script state="run">
      <action condition="(maincpu.pb@C05E != 14)">maincpu.pb@C012=00|(maincpu.pb@C012 BAND ~10)</action>
    </script>
  </cheat>

  <cheat desc="无限武器时间 PL2">
    <script state="run">
      <action>maincpu.pb@D258=01</action>
    </script>
  </cheat>

  <cheat desc="选择武器 PL2">
    <parameter>
      <item value="0x01">普通</item>
      <item value="0x02">跟踪武器</item>
      <item value="0x03">火焰武器</item>
      <item value="0x04">3向武器</item>
      <item value="0x05">8向武器</item>
    </parameter>
    <script state="run">
      <action condition="(param==01)">maincpu.pb@D250=1C</action>
      <action condition="(param==01)">maincpu.pb@D252=03</action>
      <action condition="(param==01)">maincpu.pb@D253=01</action>
      <action condition="(param==02)">maincpu.pb@D250=1F</action>
      <action condition="(param==02)">maincpu.pb@D252=03</action>
      <action condition="(param==02)">maincpu.pb@D253=01</action>
      <action condition="(param==03)">maincpu.pb@D250=22</action>
      <action condition="(param==03)">maincpu.pb@D252=03</action>
      <action condition="(param==03)">maincpu.pb@D253=01</action>
      <action condition="(param==04)">maincpu.pb@D250=25</action>
      <action condition="(param==04)">maincpu.pb@D252=03</action>
      <action condition="(param==04)">maincpu.pb@D253=03</action>
      <action condition="(param==05)">maincpu.pb@D250=2C</action>
      <action condition="(param==05)">maincpu.pb@D252=01</action>
      <action condition="(param==05)">maincpu.pb@D253=08</action>
    </script>
  </cheat>

</mamecheat>
<!-- Cheat file downloaded from http://www.mamecheat.co.uk, see cheat.txt for list of contributors. -->