<mamecheat version="1">

  <cheat desc="Start with 1 life">
    <script state="on">
      <action>temp0 =maincpu.rb@854E</action>
    </script>
    <script state="run">
      <action condition="(maincpu.rb@854E==03)">maincpu.rb@854E=01</action>
    </script>
    <script state="off">
      <action>maincpu.rb@854E=temp0 </action>
    </script>
  </cheat>

  <cheat desc="Start with 6 lives">
    <script state="on">
      <action>temp0 =maincpu.rb@854E</action>
    </script>
    <script state="run">
      <action condition="(maincpu.rb@854E==03)">maincpu.rb@854E=06</action>
    </script>
    <script state="off">
      <action>maincpu.rb@854E=temp0 </action>
    </script>
  </cheat>

  <cheat desc="Start with 9 lives">
    <script state="on">
      <action>temp0 =maincpu.rb@854E</action>
    </script>
    <script state="run">
      <action condition="(maincpu.rb@854E==03)">maincpu.rb@854E=09</action>
    </script>
    <script state="off">
      <action>maincpu.rb@854E=temp0 </action>
    </script>
  </cheat>

  <cheat desc="无限生命">
    <script state="on">
      <action>temp0 =maincpu.rb@BC32</action>
    </script>
    <script state="run">
      <action condition="(maincpu.rb@BC32==CE)">maincpu.rb@BC32=AD</action>
    </script>
    <script state="off">
      <action>maincpu.rb@BC32=temp0 </action>
    </script>
  </cheat>

  <cheat desc="Start with fewer hearts">
    <script state="on">
      <action>temp0 =maincpu.rb@8546</action>
    </script>
    <script state="run">
      <action condition="(maincpu.rb@8546==05)">maincpu.rb@8546=02</action>
    </script>
    <script state="off">
      <action>maincpu.rb@8546=temp0 </action>
    </script>
  </cheat>

  <cheat desc="Start with more hearts">
    <script state="on">
      <action>temp0 =maincpu.rb@8546</action>
    </script>
    <script state="run">
      <action condition="(maincpu.rb@8546==05)">maincpu.rb@8546=09</action>
    </script>
    <script state="off">
      <action>maincpu.rb@8546=temp0 </action>
    </script>
  </cheat>

  <cheat desc="Less damage from powerful monsters">
    <script state="on">
      <action>temp0 =maincpu.rb@9507</action>
    </script>
    <script state="run">
      <action condition="(maincpu.rb@9507==0F)">maincpu.rb@9507=03</action>
    </script>
    <script state="off">
      <action>maincpu.rb@9507=temp0 </action>
    </script>
  </cheat>

  <cheat desc="无限能量">
    <script state="on">
      <action>temp0 =maincpu.rb@9516</action>
    </script>
    <script state="run">
      <action condition="(maincpu.rb@9516==E5)">maincpu.rb@9516=24</action>
    </script>
    <script state="off">
      <action>maincpu.rb@9516=temp0 </action>
    </script>
  </cheat>

  <cheat desc="Start with 20 continues">
    <script state="on">
      <action>temp0 =maincpu.rb@8534</action>
    </script>
    <script state="run">
      <action condition="(maincpu.rb@8534==0B)">maincpu.rb@8534=15</action>
    </script>
    <script state="off">
      <action>maincpu.rb@8534=temp0 </action>
    </script>
  </cheat>

  <cheat desc="Start with 5 continues">
    <script state="on">
      <action>temp0 =maincpu.rb@8534</action>
    </script>
    <script state="run">
      <action condition="(maincpu.rb@8534==0B)">maincpu.rb@8534=06</action>
    </script>
    <script state="off">
      <action>maincpu.rb@8534=temp0 </action>
    </script>
  </cheat>

  <cheat desc="Unlock doors (enable only when at a door otherwise you'll move very slowly)">
    <script state="run">
      <action>maincpu.pb@0001=FF</action>
    </script>
  </cheat>

  <cheat desc="Have Fire Ball">
    <script state="run">
      <action>maincpu.pb@0022=40</action>
    </script>
  </cheat>

  <cheat desc="Start on stage 02">
    <script state="run">
      <action>maincpu.pb@03D0=01</action>
    </script>
  </cheat>

  <cheat desc="Start on stage 03">
    <script state="run">
      <action>maincpu.pb@03D0=02</action>
    </script>
  </cheat>

  <cheat desc="Start on stage 04">
    <script state="run">
      <action>maincpu.pb@03D0=03</action>
    </script>
  </cheat>

  <cheat desc="Start on stage 05">
    <script state="run">
      <action>maincpu.pb@03D0=04</action>
    </script>
  </cheat>

  <cheat desc="Start on stage 06">
    <script state="run">
      <action>maincpu.pb@03D0=05</action>
    </script>
  </cheat>

  <cheat desc="Start on stage 07">
    <script state="run">
      <action>maincpu.pb@03D0=06</action>
    </script>
  </cheat>

  <cheat desc="Start on stage 08">
    <script state="run">
      <action>maincpu.pb@03D0=07</action>
    </script>
  </cheat>

  <cheat desc="Start on stage 09">
    <script state="run">
      <action>maincpu.pb@03D0=08</action>
    </script>
  </cheat>

  <cheat desc="Start on stage 10">
    <script state="run">
      <action>maincpu.pb@03D0=09</action>
    </script>
  </cheat>

  <cheat desc="Start on stage 11">
    <script state="run">
      <action>maincpu.pb@03D0=0A</action>
    </script>
  </cheat>

  <cheat desc="Start on stage 12">
    <script state="run">
      <action>maincpu.pb@03D0=0B</action>
    </script>
  </cheat>

  <cheat desc="Start on stage 13">
    <script state="run">
      <action>maincpu.pb@03D0=0C</action>
    </script>
  </cheat>

  <cheat desc="Start on stage 14">
    <script state="run">
      <action>maincpu.pb@03D0=0D</action>
    </script>
  </cheat>

  <cheat desc="Start on stage 15">
    <script state="run">
      <action>maincpu.pb@03D0=0E</action>
    </script>
  </cheat>

  <cheat desc="Start on stage 16">
    <script state="run">
      <action>maincpu.pb@03D0=0F</action>
    </script>
  </cheat>

  <cheat desc="Start on stage 17">
    <script state="run">
      <action>maincpu.pb@03D0=10</action>
    </script>
  </cheat>

  <cheat desc="Start on stage 18">
    <script state="run">
      <action>maincpu.pb@03D0=11</action>
    </script>
  </cheat>

  <cheat desc="Start on stage 19">
    <script state="run">
      <action>maincpu.pb@03D0=12</action>
    </script>
  </cheat>

  <cheat desc="Start on stage 20">
    <script state="run">
      <action>maincpu.pb@03D0=13</action>
    </script>
  </cheat>

  <cheat desc="Start on stage 21">
    <script state="run">
      <action>maincpu.pb@03D0=14</action>
    </script>
  </cheat>

  <cheat desc="Start on stage 22">
    <script state="run">
      <action>maincpu.pb@03D0=15</action>
    </script>
  </cheat>

  <cheat desc="Start on stage 23">
    <script state="run">
      <action>maincpu.pb@03D0=16</action>
    </script>
  </cheat>

  <cheat desc="Start on stage 24">
    <script state="run">
      <action>maincpu.pb@03D0=17</action>
    </script>
  </cheat>

  <cheat desc="Start on stage 25">
    <script state="run">
      <action>maincpu.pb@03D0=18</action>
    </script>
  </cheat>

  <cheat desc="Start on stage 26">
    <script state="run">
      <action>maincpu.pb@03D0=19</action>
    </script>
  </cheat>

  <cheat desc="Start on stage 27">
    <script state="run">
      <action>maincpu.pb@03D0=1A</action>
    </script>
  </cheat>

  <cheat desc="Start on stage 28">
    <script state="run">
      <action>maincpu.pb@03D0=1B</action>
    </script>
  </cheat>

  <cheat desc="Start on stage 29">
    <script state="run">
      <action>maincpu.pb@03D0=1C</action>
    </script>
  </cheat>

  <cheat desc="Start on stage 30">
    <script state="run">
      <action>maincpu.pb@03D0=1D</action>
    </script>
  </cheat>

  <cheat desc="Start on stage 31">
    <script state="run">
      <action>maincpu.pb@03D0=1E</action>
    </script>
  </cheat>

  <cheat desc="Have Ultimate Bow status">
    <script state="run">
      <action>maincpu.pb@03D3=07</action>
    </script>
  </cheat>

  <cheat desc="Have Ultimate Arrow status">
    <script state="run">
      <action>maincpu.pb@03D4=07</action>
    </script>
  </cheat>

  <cheat desc="Infinite Energy (Alt)">
    <script state="run">
      <action>maincpu.pb@03D6=05</action>
    </script>
  </cheat>

  <cheat desc="Have all armor">
    <script state="run">
      <action>maincpu.pb@03D5=0A</action>
      <action>maincpu.pb@03D6=0A</action>
    </script>
  </cheat>

  <cheat desc="Max item slots">
    <script state="run">
      <action>maincpu.pb@03D7=03</action>
    </script>
  </cheat>

  <cheat desc="Have Ring, Necklace, Mirror">
    <script state="run">
      <action>maincpu.pb@03DC=FF</action>
    </script>
  </cheat>

</mamecheat>
<!-- Cheat file downloaded from http://www.mamecheat.co.uk, see cheat.txt for list of contributors. -->
