<mamecheat version="1">

  <cheat desc="到最终关">
    <script state="on">
      <action>maincpu.pb@E008=42</action>
    </script>
  </cheat>

  <cheat desc="过关">
    <script state="on">
      <action>maincpu.pb@E393=00</action>
    </script>
  </cheat>

  <cheat desc="无限时间">
    <script state="run">
      <action>maincpu.pb@E7EE=78</action>
    </script>
  </cheat>

  <cheat desc="空间门总是打开">
    <script state="run">
      <action>maincpu.pb@E39D=80|(maincpu.pb@E39D BAND ~80)</action>
    </script>
  </cheat>

  <cheat desc="打开空间门">
    <script state="on">
      <action>maincpu.pb@E39D=80|(maincpu.pb@E39D BAND ~80)</action>
    </script>
  </cheat>

  <cheat desc="关闭空间门">
    <script state="on">
      <action>maincpu.pb@E39D=00|(maincpu.pb@E39D BAND ~80)</action>
    </script>
  </cheat>

  <cheat desc="下一关总是得1万分">
    <script state="run">
      <action>maincpu.pb@E39D=01|(maincpu.pb@E39D BAND ~01)</action>
    </script>
  </cheat>

  <cheat desc="下一关得到1万分">
    <script state="on">
      <action>maincpu.pb@E39D=01|(maincpu.pb@E39D BAND ~01)</action>
    </script>
  </cheat>

  <cheat desc="选择棒条总是">
    <parameter>
      <item value="0x0000">普通捧条</item>
      <item value="0x0101">激光棒</item>
      <item value="0x0002">加长棒</item>
      <item value="0x0003">双连棒</item>
      <item value="0x0006">磁性棒</item>
      <item value="0x0007">跟踪棒</item>
      <item value="0x0008">缩小棒</item>
    </parameter>
    <script state="run">
      <action>maincpu.pw@E5EF=param</action>
    </script>
  </cheat>

  <cheat desc="选择临时棒条"> <comment>分配一个激活钥匙效果才最佳</comment>
    <parameter>
      <item value="0x0000">普通捧条</item>
      <item value="0x0101">激光棒</item>
      <item value="0x0002">加长棒</item>
      <item value="0x0003">双连棒</item>
      <item value="0x0006">磁性棒</item>
      <item value="0x0007">跟踪棒</item>
      <item value="0x0008">缩小棒</item>
    </parameter>
    <script state="change">
      <action>maincpu.pw@E5EF=param</action>
    </script>
  </cheat>

  <cheat desc="总是超多球">
    <script state="run">
      <action>maincpu.pb@E5F7=08</action>
      <action>maincpu.pb@E5F6=00</action>
    </script>
  </cheat>

  <cheat desc="超多球">
    <script state="on">
      <action>maincpu.pb@E5F7=08</action>
      <action>maincpu.pb@E5F6=00</action>
    </script>
  </cheat>

  <cheat desc="第一个药丸获得的装备"> <comment>当药丸落下时只能使用这个作弊码,分配到一个激活钥匙效果才最佳</comment>
    <parameter>
      <item value="0x81">L(红色) = 激光</item>
      <item value="0x82">E(蓝色) = 加长棒</item>
      <item value="0x83">T(深蓝) = 双连棒</item>
      <item value="0x86">C(绿色) = 磁性棒</item>
      <item value="0x87">I(深绿) = 跟踪棒</item>
      <item value="0x88">R(黑色) = 缩小棒</item>
      <item value="0x8A">P(灰色) = 加命</item>
      <item value="0x8D">M(紫色) = 力量棒</item>
      <item value="0x8E">S(橙色) = 减速球</item>
      <item value="0x90">B(粉色) = 空间门</item>
      <item value="0x91">D(青色) = 多球</item>
      <item value="0x92">N(浅灰) = 三球</item>
      <item value="0x93">?(多层) = 神秘</item>
    </parameter>
    <script state="change">
      <action>maincpu.pb@E5D6=param</action>
    </script>
  </cheat>

  <cheat desc="第二个药丸获得的装备"> <comment>当药丸落下时只能使用这个作弊码,分配到一个激活钥匙效果才最佳</comment>
    <parameter>
      <item value="0x81">L(红色) = 激光</item>
      <item value="0x82">E(蓝色) = 加长棒</item>
      <item value="0x83">T(深蓝) = 双连棒</item>
      <item value="0x86">C(绿色) = 磁性棒</item>
      <item value="0x87">I(深绿) = 跟踪棒</item>
      <item value="0x88">R(黑色) = 缩小棒</item>
      <item value="0x8A">P(灰色) = 加命</item>
      <item value="0x8D">M(紫色) = 力量棒</item>
      <item value="0x8E">S(橙色) = 减速球</item>
      <item value="0x90">B(粉色) = 空间门</item>
      <item value="0x91">D(青色) = 多球</item>
      <item value="0x92">N(浅灰) = 三球</item>
      <item value="0x93">?(多层) = 神秘</item>
    </parameter>
    <script state="change">
      <action>maincpu.pb@E5DA=param</action>
    </script>
  </cheat>

  <cheat desc=" "/>

  <cheat desc="无限生命 PL1">
    <script state="run">
      <action>maincpu.pb@E00C=03</action>
    </script>
  </cheat>

  <cheat desc="无限生命 PL2">
    <script state="run">
      <action>maincpu.pb@E011=03</action>
    </script>
  </cheat>

</mamecheat>
<!-- Cheat file downloaded from http://www.mamecheat.co.uk, see cheat.txt for list of contributors. -->
