<mamecheat version="1">

  <cheat desc=" "/>

  <cheat desc="(指令) 开始另一个回合"> <command>[在结束后] 在 TAITO 标志画面上按开始按键.</command>
    <parameter>
      <item value="0x01">开始之前</item>
      <item value="0x00">结束之后</item>
    </parameter>
    <script state="run">
      <action>maincpu.pd@401A12=01010102</action>
      <action condition="(param == 01)">maincpu.pd@402148=01010102</action>
      <action condition="(param != 01)">maincpu.pd@402148=00000000</action>
    </script>
    <script state="off">
      <action>maincpu.pd@401A12=00000000</action>
      <action>maincpu.pd@402148=00000000</action>
    </script>
  </cheat>

  <cheat desc="选择开始回合 (修正)">
    <parameter min="2" max="100" step="1"/>
    <script state="run">
      <action>maincpu.pd@402148=00000000</action>
      <action condition="(maincpu.pb@40205B == 01)">maincpu.pb@40205B=param</action>
    </script>
  </cheat>

  <cheat desc="无敌 (100 回合)">
    <script state="run">
<!-- Disable Death Flag -->
      <action condition="(maincpu.pb@40205B == 64) AND (maincpu.pw@400042 == 79DC)">maincpu.pw@400042=775C</action>
<!-- Reserve Vaus State -->
      <action condition="(maincpu.pb@40205B == 64) AND (maincpu.pb@400379 != 0C)">temp0=maincpu.pb@400379</action>
      <action condition="(maincpu.pb@40205B == 64) AND (maincpu.pb@4003CF != 0C)">temp1=maincpu.pb@4003CF</action>
<!-- Recovery Vaus State -->
      <action condition="(maincpu.pb@40205B == 64) AND (maincpu.pb@400379 == 0C)">maincpu.pb@400379=temp0</action>
      <action condition="(maincpu.pb@40205B == 64) AND (maincpu.pb@4003CF == 0C)">maincpu.pb@4003CF=temp1</action>
<!-- Invincibility (DOH Laser only) -->
      <action condition="(maincpu.pb@40205B == 64)">maincpu.pd@400AF4=00000000</action>
    </script>
  </cheat>

  <cheat desc="选择球的类型"> <comment>不包括分裂球</comment>
    <parameter>
      <item value="0x02">超级球</item>
      <item value="0x03">巨型球</item>
    </parameter>
    <script state="run">
      <action condition="(maincpu.pb@401D2D LE 03) AND (maincpu.pb@401D2D != 01)">maincpu.pb@401D2D=param</action>
    </script>
    <script state="off">
      <action condition="(maincpu.pb@401D2D LE 03) AND (maincpu.pb@401D2D != 01)">maincpu.pb@401D2D=00</action>
    </script>
  </cheat>

  <cheat desc="立即得到超级球!">
    <script state="on">
      <action condition="(maincpu.pb@401D2D LE 03)">maincpu.pb@401D2D=02</action>
    </script>
  </cheat>

  <cheat desc="立即得到巨型球!">
    <script state="on">
      <action condition="(maincpu.pb@401D2D LE 03)">maincpu.pb@401CFA=03</action>
    </script>
  </cheat>

  <cheat desc=" "/>

  <cheat desc="P1 八向移动模式">
    <script state="run">
      <action>temp0=(maincpu.pb@402112 BAND 04)</action>
      <action>temp1=(maincpu.pb@402112 BAND 08)</action>
      <action condition="(maincpu.pb@402775 != 00) AND (temp0 == 00) AND (maincpu.pw@401CFA GE 08A0)">maincpu.pw@401CFA=(maincpu.pw@401CFA)-20</action>
      <action condition="(maincpu.pb@402775 != 00) AND (temp1 == 00) AND (maincpu.pw@401CFA LE 0C60)">maincpu.pw@401CFA=(maincpu.pw@401CFA)+20</action>
      <action>maincpu.pw@402242=(maincpu.pw@401CFA)-80</action>
      <action>maincpu.pw@402262=maincpu.pw@401CFA</action>
    </script>
  </cheat>

  <cheat desc="P1 无限捕获时间">
    <script state="run">
      <action>temp0=(maincpu.pb@402112 BAND 03)</action>
      <action condition="(temp0 == 03)">maincpu.pw@401D12=0002</action>
    </script>
  </cheat>

  <cheat desc="P1 总是有雷电">
    <script state="run">
      <action>maincpu.pb@40057D=FF</action>
      <action>maincpu.pw@402262=maincpu.pw@401CFA</action>
    </script>
  </cheat>

  <cheat desc="P1 选择 Vaus 类型">
    <parameter>
      <item value="0x08">扩张(1.5)</item>
      <item value="0x09">扩张(2.0)</item>
      <item value="0x0A">捕获</item>
      <item value="0x0B">激光</item>
    </parameter>
    <script state="run">
      <action condition="(maincpu.pb@400379 LE 0B)">maincpu.pb@400379=param</action>
    </script>
    <script state="off">
      <action condition="(maincpu.pb@400379 LE 0B)">maincpu.pb@400379=00</action>
    </script>
  </cheat>

  <cheat desc="P1 立即得到扩张(1.5)!">
    <script state="on">
      <action condition="(maincpu.pb@400379 LE 0B)">maincpu.pb@400379=08</action>
    </script>
  </cheat>

  <cheat desc="P1 立即得到扩张(2.0)!">
    <script state="on">
      <action condition="(maincpu.pb@400379 LE 0B)">maincpu.pb@400379=09</action>
    </script>
  </cheat>

  <cheat desc="P1 立即得到捕获!">
    <script state="on">
      <action condition="(maincpu.pb@400379 LE 0B)">maincpu.pb@400379=0A</action>
    </script>
  </cheat>

  <cheat desc="P1 立即得到激光!">
    <script state="on">
      <action condition="(maincpu.pb@400379 LE 0B)">maincpu.pb@400379=0B</action>
    </script>
  </cheat>

  <cheat desc="P1 立即得到激光雷电!">
    <script state="on">
      <action>maincpu.pb@40057D=FF</action>
      <action>maincpu.pw@402262=maincpu.pw@401CFA</action>
    </script>
  </cheat>

  <cheat desc=" "/>

  <cheat desc="P2 八向移动模式">
    <script state="run">
      <action>temp0=(maincpu.pb@402113 BAND 04)</action>
      <action>temp1=(maincpu.pb@402113 BAND 08)</action>
      <action condition="(maincpu.pb@402775 != 00) AND (temp0 == 00) AND (maincpu.pw@401CFC GE 0880)">maincpu.pw@401CFC=(maincpu.pw@401CFC)-20</action>
      <action condition="(maincpu.pb@402775 != 00) AND (temp1 == 00) AND (maincpu.pw@401CFC LE 0C80)">maincpu.pw@401CFC=(maincpu.pw@401CFC)+20</action>
      <action>maincpu.pw@402252=(maincpu.pw@401CFC)-80</action>
      <action>maincpu.pw@402272=maincpu.pw@401CFC</action>
    </script>
  </cheat>

  <cheat desc="P2 无限捕获时间">
    <script state="run">
      <action>temp0=(maincpu.pb@402113 BAND 03)</action>
      <action condition="(temp0 == 03)">maincpu.pw@401D14=0002</action>
    </script>
  </cheat>

  <cheat desc="P2 总是有雷电">
    <script state="run">
      <action>maincpu.pb@4005D3=FF</action>
      <action>maincpu.pw@402272=maincpu.pw@401CFC</action>
    </script>
  </cheat>

  <cheat desc="P2 选择 Vaus 类型">
    <parameter>
      <item value="0x08">扩张(1.5)</item>
      <item value="0x09">扩张(2.0)</item>
      <item value="0x0A">捕获</item>
      <item value="0x0B">激光</item>
    </parameter>
    <script state="run">
      <action condition="(maincpu.pb@4003CF LE 0B)">maincpu.pb@4003CF=param</action>
    </script>
    <script state="off">
      <action condition="(maincpu.pb@4003CF LE 0B)">maincpu.pb@4003CF=00</action>
    </script>
  </cheat>

  <cheat desc="P2 立即得到扩张(1.5)!">
    <script state="on">
      <action condition="(maincpu.pb@4003CF LE 0B)">maincpu.pb@4003CF=08</action>
    </script>
  </cheat>

  <cheat desc="P2 立即得到扩张(2.0)!">
    <script state="on">
      <action condition="(maincpu.pb@4003CF LE 0B)">maincpu.pb@4003CF=09</action>
    </script>
  </cheat>

  <cheat desc="P2 立即得到捕获!">
    <script state="on">
      <action condition="(maincpu.pb@4003CF LE 0B)">maincpu.pb@4003CF=0A</action>
    </script>
  </cheat>

  <cheat desc="P2 立即得到激光!">
    <script state="on">
      <action condition="(maincpu.pb@4003CF LE 0B)">maincpu.pb@4003CF=0B</action>
    </script>
  </cheat>

  <cheat desc="P2 立即得到激光雷电!">
    <script state="on">
      <action>maincpu.pb@4005D3=FF</action>
      <action>maincpu.pw@402272=maincpu.pw@401CFC</action>
    </script>
  </cheat>

</mamecheat>
<!-- Wayder's Cheat file downloaded from http://wayder.web.fc2.com/ -->
