<mamecheat version="1">

  <cheat desc="角色无敌">
    <script state="on">
      <action>temp0 =maincpu.rb@B4A8</action>
      <action>temp1 =maincpu.rb@B4A9</action>
    </script>
    <script state="run">
      <action condition="(maincpu.rb@B4A8==C9)">maincpu.rb@B4A8=A9</action> <!-- Cheat made by Pugsy -->
      <action condition="(maincpu.rb@B4A9==03)">maincpu.rb@B4A9=00</action>
    </script>
    <script state="off">
      <action>maincpu.rb@B4A8=temp0 </action>
      <action>maincpu.rb@B4A9=temp1 </action>
    </script>
  </cheat>

</mamecheat>
<!-- Cheat file downloaded from http://www.mamecheat.co.uk, see cheat.txt for list of contributors. -->
