<mamecheat version="1">

  <cheat desc="无限投币">
    <script state="run">
      <action>maincpu.pb@611A6=09</action>
    </script>
  </cheat>

  <cheat desc="角色无敌">
    <script state="on">
      <action>temp0 =maincpu.mw@06FBE</action>
      <action>temp1 =maincpu.mw@09A14</action>
    </script>
    <script state="run">
      <action>maincpu.mw@06FBE=4E75</action>
      <action>maincpu.mw@09A14=6066</action>
    </script>
    <script state="off">
      <action>maincpu.mw@06FBE=temp0 </action>
      <action>maincpu.mw@09A14=temp1 </action>
    </script>
  </cheat>

  <cheat desc="无限多形体"> <comment>首先要得到 F</comment>
    <script state="run">
      <action>maincpu.pb@63C52=03</action>
    </script>
  </cheat>

  <cheat desc="无限多形体时间">
    <script state="run">
      <action>maincpu.pb@63C47=F8</action>
    </script>
  </cheat>

  <cheat desc="没有更多变形时间">
    <script state="on">
      <action>maincpu.pb@63C46=00</action>
      <action>maincpu.pb@63C47=01</action>
    </script>
  </cheat>

  <cheat desc="最大速度">
    <script state="run">
      <action>maincpu.pb@63970=04</action>
    </script>
  </cheat>

  <cheat desc="最大武器火力">
    <script state="run">
      <action>maincpu.pb@63C4A=02</action>
    </script>
  </cheat>

  <cheat desc="快速攻击 - 正常"> <comment>在名称条目屏幕上关闭它</comment>
    <script state="run">
      <action>maincpu.pd@61001=00000000|(maincpu.pd@61001 BAND ~10001000)</action>
    </script>
  </cheat>

  <cheat desc="快速攻击 - 特殊"> <comment>在名称条目屏幕上关闭它</comment>
    <script state="run">
      <action>maincpu.pd@61001=00000000|(maincpu.pd@61001 BAND ~10001000)</action>
      <action>maincpu.pb@61108=00</action> <!-- Fighter - 1P -->
      <action>maincpu.pb@61128=00</action> <!-- Fighter - 2P -->
      <action>maincpu.pb@61529=00</action> <!-- Right Option -->
      <action>maincpu.pb@61569=00</action> <!-- Left Option -->
    </script>
  </cheat>

  <cheat desc="选择额外武器"> <comment>下列作弊码首先要求你有一个额外武器</comment>
    <parameter>
      <item value="0x00">激光</item>
      <item value="0x02">炸弹</item>
      <item value="0x04">切割武器</item>
      <item value="0x06">跟踪武器</item>
    </parameter>
    <script state="run">
      <action>maincpu.pb@63C48=param</action>
    </script>
  </cheat>

  <cheat desc=" "/>

  <cheat desc="无限生命 PL1">
    <script state="run">
      <action>maincpu.pb@61106=03</action>
    </script>
  </cheat>

  <cheat desc="无限生命 PL2">
    <script state="run">
      <action>maincpu.pb@61126=03</action>
    </script>
  </cheat>

</mamecheat>
<!-- Cheat file downloaded from http://www.mamecheat.co.uk, see cheat.txt for list of contributors. -->
