<mamecheat version="1">

  <cheat desc="无限时间">
    <script state="run">
      <action>maincpu.pb@FF1E67=00</action>
    </script>
  </cheat>

  <cheat desc="选择开始关卡">
    <parameter min="1" max="7" step="1"/>
    <script state="run">
      <action condition="(maincpu.pb@FF81D0==00)">maincpu.pb@FF81D0=(param-1)</action>
    </script>
  </cheat>

  <cheat desc="选择机体类型">
    <parameter>
      <item value="0x00">喷气机</item>
      <item value="0x01">机器人</item>
      <item value="0x02">坦克</item>
    </parameter>
    <script state="run">
      <action>maincpu.pb@FFF73F=param</action>
    </script>
  </cheat>

  <cheat desc="立即得到新机体">
    <script state="on">
      <action>maincpu.pb@FF9C8A=01</action>
    </script>
  </cheat>

  <cheat desc="合体后立即启动新机体"> <comment>只能合体后使用</comment>
    <script state="on">
      <action>maincpu.pb@FF9C8D=06</action>
    </script>
  </cheat>

  <cheat desc="无限合体时间"> <comment>必须至少有2个玩家</comment>
    <script state="run">
      <action>maincpu.pb@FF1E93=99</action>
    </script>
  </cheat>

  <cheat desc="合体结束">
    <script state="on">
      <action>maincpu.pw@FFF74F=00FF</action>
    </script>
  </cheat>

  <cheat desc=" "/>

  <cheat desc="无限生命 PL1">
    <script state="run">
      <action>maincpu.pb@FF96E3=04</action>
    </script>
  </cheat>

  <cheat desc="无限能量 PL1">
    <script state="run">
      <action>maincpu.pb@FF95DD=50</action>
    </script>
  </cheat>

  <cheat desc="角色无敌 PL1">
    <script state="run">
      <action>maincpu.pb@FF9657=FE</action>
    </script>
  </cheat>

  <cheat desc="无限子弹 PL1">
    <script state="run">
      <action>maincpu.pb@FF95FA=01</action>
    </script>
  </cheat>

  <cheat desc="选择游戏角色 PL1">
    <parameter>
      <item value="0x01">布罗地亚</item>
      <item value="0x02">雷克多</item>
      <item value="0x03">顾尔丁</item>
      <item value="0x04">福地</item>
    </parameter>
    <script state="run">
      <action condition="(param==01)">maincpu.pb@FF95DA=00</action>
      <action condition="(param==01)">maincpu.pb@FF965C=00</action>
      <action condition="(param==02)">maincpu.pb@FF95DA=01</action>
      <action condition="(param==02)">maincpu.pb@FF965C=01</action>
      <action condition="(param==03)">maincpu.pb@FF95DA=02</action>
      <action condition="(param==03)">maincpu.pb@FF965C=02</action>
      <action condition="(param==04)">maincpu.pb@FF95DA=03</action>
      <action condition="(param==04)">maincpu.pb@FF965C=03</action>
    </script>
  </cheat>

  <cheat desc="选择主要武器 PL1">
    <parameter>
      <item value="0x00">散弹枪</item>
      <item value="0x01">钻机</item>
      <item value="0x02">闪光弹</item>
      <item value="0x03">爪</item>
      <item value="0x04">光刃</item>
      <item value="0x05">护盾</item>
    </parameter>
    <script state="run">
      <action>maincpu.pb@FF965E=param</action>
    </script>
  </cheat>

  <cheat desc="选择副武器 PL1">
    <parameter>
      <item value="0x00">直射</item>
      <item value="0x01">导弹</item>
      <item value="0x02">自引导</item>
      <item value="0x03">激光</item>
      <item value="0x04">火焰</item>
      <item value="0x05">炸弹</item>
      <item value="0x06">汽油弹</item>
    </parameter>
    <script state="run">
      <action>maincpu.pb@FF965F=param</action>
    </script>
  </cheat>

  <cheat desc="选择底盘支架类型 PL1">
    <parameter>
      <item value="0x00">机器人</item>
      <item value="0x01">坦克</item>
      <item value="0x02">力量脚</item>
      <item value="0x03">喷气机</item>
    </parameter>
    <script state="run">
      <action>maincpu.pb@FF965D=param</action>
    </script>
  </cheat>

  <cheat desc=" "/>

  <cheat desc="无限生命 PL2">
    <script state="run">
      <action>maincpu.pb@FF98A3=04</action>
    </script>
  </cheat>

  <cheat desc="无限能量 PL2">
    <script state="run">
      <action>maincpu.pb@FF979D=50</action>
    </script>
  </cheat>

  <cheat desc="角色无敌 PL2">
    <script state="run">
      <action>maincpu.pb@FF9817=FE</action>
    </script>
  </cheat>

  <cheat desc="无限子弹 PL2">
    <script state="run">
      <action>maincpu.pb@FF97BA=01</action>
    </script>
  </cheat>

  <cheat desc="选择游戏角色 PL2">
    <parameter>
      <item value="0x01">布罗地亚</item>
      <item value="0x02">雷克多</item>
      <item value="0x03">顾尔丁</item>
      <item value="0x04">福地</item>
    </parameter>
    <script state="run">
      <action condition="(param==01)">maincpu.pb@FF979A=00</action>
      <action condition="(param==01)">maincpu.pb@FF985C=00</action>
      <action condition="(param==02)">maincpu.pb@FF979A=01</action>
      <action condition="(param==02)">maincpu.pb@FF985C=01</action>
      <action condition="(param==03)">maincpu.pb@FF979A=02</action>
      <action condition="(param==03)">maincpu.pb@FF985C=02</action>
      <action condition="(param==04)">maincpu.pb@FF979A=03</action>
      <action condition="(param==04)">maincpu.pb@FF985C=03</action>
    </script>
  </cheat>

  <cheat desc="选择主要武器 PL2">
    <parameter>
      <item value="0x00">散弹枪</item>
      <item value="0x01">钻机</item>
      <item value="0x02">闪光弹</item>
      <item value="0x03">爪</item>
      <item value="0x04">光刃</item>
      <item value="0x05">护盾</item>
    </parameter>
    <script state="run">
      <action>maincpu.pb@FF981E=param</action>
    </script>
  </cheat>

  <cheat desc="选择副武器 PL2">
    <parameter>
      <item value="0x00">直射</item>
      <item value="0x01">导弹</item>
      <item value="0x02">自引导</item>
      <item value="0x03">激光</item>
      <item value="0x04">火焰</item>
      <item value="0x05">炸弹</item>
      <item value="0x06">汽油弹</item>
    </parameter>
    <script state="run">
      <action>maincpu.pb@FF981F=param</action>
    </script>
  </cheat>

  <cheat desc="选择底盘支架类型 PL2">
    <parameter>
      <item value="0x00">机器人</item>
      <item value="0x01">坦克</item>
      <item value="0x02">力量脚</item>
      <item value="0x03">喷气机</item>
    </parameter>
    <script state="run">
      <action>maincpu.pb@FF981D=param</action>
    </script>
  </cheat>

  <cheat desc=" "/>

  <cheat desc="无限生命 PL3">
    <script state="run">
      <action>maincpu.pb@FF9A63=04</action>
    </script>
  </cheat>

  <cheat desc="无限能量 PL3">
    <script state="run">
      <action>maincpu.pb@FF995D=50</action>
    </script>
  </cheat>

  <cheat desc="角色无敌 PL3">
    <script state="run">
      <action>maincpu.pb@FF99D7=FE</action>
    </script>
  </cheat>

  <cheat desc="无限子弹 PL3">
    <script state="run">
      <action>maincpu.pb@FF997A=05</action>
    </script>
  </cheat>

  <cheat desc="选择游戏角色 PL3">
    <parameter>
      <item value="0x01">布罗地亚</item>
      <item value="0x02">雷克多</item>
      <item value="0x03">顾尔丁</item>
      <item value="0x04">福地</item>
    </parameter>
    <script state="run">
      <action condition="(param==01)">maincpu.pb@FF994A=00</action>
      <action condition="(param==01)">maincpu.pb@FF9A5C=00</action>
      <action condition="(param==02)">maincpu.pb@FF994A=01</action>
      <action condition="(param==02)">maincpu.pb@FF9A5C=01</action>
      <action condition="(param==03)">maincpu.pb@FF994A=02</action>
      <action condition="(param==03)">maincpu.pb@FF9A5C=02</action>
      <action condition="(param==04)">maincpu.pb@FF994A=03</action>
      <action condition="(param==04)">maincpu.pb@FF9A5C=03</action>
    </script>
  </cheat>

  <cheat desc="选择主要武器 PL3">
    <parameter>
      <item value="0x00">散弹枪</item>
      <item value="0x01">钻机</item>
      <item value="0x02">闪光弹</item>
      <item value="0x03">爪</item>
      <item value="0x04">光刃</item>
      <item value="0x05">护盾</item>
    </parameter>
    <script state="run">
      <action>maincpu.pb@FF99DE=param</action>
    </script>
  </cheat>

  <cheat desc="选择副武器 PL3">
    <parameter>
      <item value="0x00">直射</item>
      <item value="0x01">导弹</item>
      <item value="0x02">自引导</item>
      <item value="0x03">激光</item>
      <item value="0x04">火焰</item>
      <item value="0x05">炸弹</item>
      <item value="0x06">汽油弹</item>
    </parameter>
    <script state="run">
      <action>maincpu.pb@FF99DF=param</action>
    </script>
  </cheat>

  <cheat desc="选择底盘支架类型 PL3">
    <parameter>
      <item value="0x00">机器人</item>
      <item value="0x01">坦克</item>
      <item value="0x02">力量脚</item>
      <item value="0x03">喷气机</item>
    </parameter>
    <script state="run">
      <action>maincpu.pb@FF99DD=param</action>
    </script>
  </cheat>

  <cheat desc=" "/>

  <cheat desc="没有背景音乐">
    <script state="run">
      <action>audiocpu.pw@F018=0000</action>
    </script>
  </cheat>

  <cheat desc="选择区域码"> <comment>区域码设置效果有可能会有所不同,你必须启用ASAP-在ROM检测画面前开启或者启用+复位</comment>
    <parameter>
      <item value="0x01">美国</item>
      <item value="0x02">亚洲</item>
      <item value="0x03">西班牙</item>
      <item value="0x04">巴西</item>
      <item value="0x05">欧洲</item>
    </parameter>
    <script state="run">
      <action>maincpu.pb@FF80DB=param</action>
    </script>
  </cheat>

  <cheat desc="声音检测">
    <parameter min="0" max="732" step="1"/>
    <script state="change">
      <action>audiocpu.pw@F007=0000</action>
      <action>audiocpu.pq@F100=00001000009900FF</action>
      <action>audiocpu.pq@F108=0099990000000000</action>
      <action>audiocpu.pq@F110=1000100000990000</action>
      <action>audiocpu.pq@F118=0099990000000000</action>
      <action>audiocpu.pb@F111=param</action>
      <action condition="(param LT 100)">audiocpu.pb@F111=param</action>
      <action>temp0=param/100</action>
      <action condition="(param GE 100)">audiocpu.pb@F110=temp0</action>
      <action condition="(param GE 100)">audiocpu.pb@F111=param-(temp0*100)</action>
      <action>audiocpu.pb@F007=20</action>
    </script>
  </cheat>

</mamecheat>
<!-- Cheat file downloaded from http://www.mamecheat.co.uk, see cheat.txt for list of contributors. -->
