<mamecheat version="1">

  <cheat desc="无限投币">
    <script state="run">
      <action>maincpu.pb@D7C9=99</action>
    </script>
  </cheat>

  <cheat desc="无限时间">
    <script state="run">
      <action>maincpu.pb@D0F4=00</action>
    </script>
  </cheat>

  <cheat desc="扳下对方手腕"> <comment>你自己要完成它,最好分配到1个激活钥匙,使用它坚持到取胜</comment>
    <script state="on">
      <action>maincpu.pb@D070=00</action>
    </script>
  </cheat>

  <cheat desc="从不失败">
    <script state="run">
      <action condition="(maincpu.pb@D070 LT 00) OR (maincpu.pb@D070 GT 5F)">maincpu.pb@D070=5F</action>
    </script>
  </cheat>

  <cheat desc=" "/>

  <cheat desc="关卡1 - Texas Mac PL1">
    <script state="run">
      <action>maincpu.pb@D004=01</action>
      <action>maincpu.pb@D005=00</action>
    </script>
  </cheat>

  <cheat desc="关卡2 - Kabuki PL1">
    <script state="run">
      <action>maincpu.pb@D004=02</action>
      <action>maincpu.pb@D005=01</action>
    </script>
  </cheat>

  <cheat desc="关卡3 - Mask X PL1">
    <script state="run">
      <action>maincpu.pb@D004=03</action>
      <action>maincpu.pb@D005=02</action>
    </script>
  </cheat>

  <cheat desc="关卡4 - Ape III PL1">
    <script state="run">
      <action>maincpu.pb@D004=04</action>
      <action>maincpu.pb@D005=03</action>
    </script>
  </cheat>

  <cheat desc="关卡5 - Frank Jr. PL1">
    <script state="run">
      <action>maincpu.pb@D004=05</action>
      <action>maincpu.pb@D005=04</action>
    </script>
  </cheat>

</mamecheat>
<!-- Cheat file downloaded from http://www.mamecheat.co.uk, see cheat.txt for list of contributors. -->
